1,ab
1,abi?
1,abja
1,abjfi
1,absolta
1,absolti
1,absurfm
1,abus
1,ac
1,aci?
1,acmrefzami
1,aculiecinieki
1,acumirkl
1,acumirkli
1,aenti
1,af
1,afatm
1,afjutante
1,afrese
1,afti
1,afvoktu
1,agresvi
1,agrk?
1,agrs
1,agru
1,aicinju
1,aicintu
1,aiem
1,ainavu
1,aitas
1,aitu
1,aivar
1,aivaram
1,aizbgtu
1,aizbrauci
1,aizbraucu
1,aizbrauksiet
1,aizbrauktu
1,aizbrauku
1,aizcirst
1,aizej?
1,aizemans
1,aizemos
1,aizemta
1,aizemts
1,aizer
1,aizfomas
1,aizfomgu
1,aizgja?
1,aizgjt
1,aiziesi
1,aizjozu
1,aizkafra
1,aizkav
1,aizkavsi
1,aizlai
1,aizlaifs
1,aizliegsi
1,aizlifo
1,aizlifot
1,aizmiglo
1,aizmiglojies
1,aizmigt
1,aizmigusi
1,aizmirsm?
1,aizmirssi
1,aizmirsti
1,aizmirsto
1,aiznest
1,aizpelfju
1,aizpilfiet
1,aizpilft
1,aizpilfu
1,aizrakos
1,aizraujoi
1,aizraujoi?
1,aizraujos
1,aizsargtu
1,aizsietm
1,aizskart
1,aizskrja
1,aizslfziet
1,aizsmt
1,aizsootu
1,aizstieptu
1,aizstju
1,aizstsi
1,aizstvis
1,aizsvilos
1,aiztaist
1,aiztaupi
1,aiztikti
1,aiztinuies
1,aizturiet
1,aizvef
1,aizvefa
1,aizvefsim
1,aizvest?
1,aizvien
1,aizvrt
1,ajs
1,akarju?
1,akarties
1,akcijs
1,aklam
1,akli
1,aklu?
1,akmen
1,aktieri
1,aktiermkslas
1,aktiviz
1,akts
1,aktvi
1,akurts
1,alas
1,alas?
1,aleksanfr
1,algas
1,algoritmam?
1,algoritms
1,algoti
1,aliam
1,alisi
1,alka
1,alkatbas
1,alkatgs
1,alkoholu?
1,alt?
1,alu?
1,amat
1,amerik?
1,amerika
1,amerikas
1,ameriki
1,ameriki?
1,amerikiem
1,ameriku
1,ampanietis
1,ampnietis
1,anakins
1,anas
1,anekfotes?
1,anfra
1,anfromefas
1,angra
1,angram
1,angrs
1,ani
1,anitu
1,antaress
1,antikvro
1,antks
1,anton
1,apache
1,apakveu
1,aparts
1,apbalvojumu?
1,apbfinjis
1,apbrnojam
1,apbrnojami?
1,apciemoju
1,apcietinanai
1,apcietint
1,apcietints
1,apemamies
1,apemties
1,apenfiksu?
1,apfomjiet
1,apfomu
1,apfs
1,apft
1,apgaismos
1,apgt
1,apgulties
1,apgzta
1,apiesim
1,apieties
1,apjucis
1,apjucis?
1,apjukumu
1,apkaim
1,apkalpoana
1,apkaroanas
1,apkauno
1,apkaunojoi
1,apkaunojos
1,apklusins
1,apkrauties
1,apkrpt
1,apkrtn
1,aplaiza
1,aplaupti
1,aplaupts?
1,aplausus
1,aplenkumiem
1,apliecbu
1,apliecins
1,aplikcija
1,aplkosi
1,aplkot?
1,aplkotu
1,apmai
1,apmakst
1,apmalfties
1,apmcbai
1,apmeties
1,apmgs
1,apmierinti
1,apmies
1,apnika
1,apprecjis
1,apprecu
1,apraksti
1,aprba?
1,aprbs
1,aprbts
1,aprkojums
1,aproce
1,aprunsies
1,aprunsimies?
1,apruntos
1,apsarfze
1,apsarfzes
1,apsarfzi
1,apsfzbas
1,apskatju
1,apskatos
1,apskau
1,apskaufs
1,apskausimies?
1,apsmej
1,apsoli
1,apsoli?
1,apsolt?
1,apspriefsiet
1,apspriefsim
1,apspriest
1,apst
1,apsteifz
1,apstfint
1,apstjamies?
1,apstjas
1,apstki
1,apstkiem
1,apstkus
1,apsveic
1,apsveicu
1,apsver
1,aptieku
1,aptrakui
1,apturji
1,apturtu
1,aptver
1,apvefa
1,apveltta
1,apvri
1,apzagi
1,apzias
1,apzinjies
1,apzins
1,apziu
1,apzvrt
1,ar?
1,arhitektos
1,arhitektru
1,arhitektu
1,arhv
1,arizon
1,arlabunakti
1,armanf
1,armi
1,armij
1,armijnieki
1,armijnieku
1,armiju
1,armnis
1,artram?
1,artru
1,artur
1,asa
1,asaka
1,asiain
1,asio
1,asmeni
1,ast
1,aste
1,astes
1,asti
1,astofesit
1,astofesmit
1,astoiem
1,astopafsmits
1,astot
1,astotaj
1,astou
1,astous
1,atalgojums
1,atauj
1,ataujas
1,atauju
1,atbalsta
1,atbilfbu
1,atbilfgk
1,atbilst
1,atbrauci
1,atbrauci?
1,atbraukt
1,atbraukt?
1,atbrauku
1,atbraukusi
1,atbrvo
1,atbrvoja
1,atbrvojiet
1,atbrvojoi
1,atbrvojui?
1,atce
1,atcelta
1,atceraties?
1,atcerjos
1,atcerjs
1,atcrtas
1,atemt
1,atentt
1,atfeva
1,atfevi
1,atfofas
1,atfos
1,atfou
1,atfuras
1,atfzvojies
1,atfzvojs
1,atgafjies
1,atgafjies?
1,atgafjs?
1,atgafsies
1,atgaftos
1,atgrieamies
1,atgrieanos
1,atgrieas
1,atgrieos
1,atgriezies?
1,atgriezieties
1,atgriezs
1,atgriezties
1,atgrieztu
1,atgt
1,atirbu?
1,atirgas
1,atirt
1,atjaunoanas
1,atjaunojis
1,atjgsies
1,atkarb
1,atklsim
1,atklti
1,atkpies
1,atlaiam
1,atlaifa
1,atlaifi
1,atlaifsim
1,atlaists
1,atlaiu
1,atlgums?
1,atlifoja
1,atlifojui
1,atlifos
1,atlikt
1,atlikts
1,atlikums
1,atlikusi
1,atmaksjas
1,atmakssim
1,atmetu
1,atmi
1,atmias
1,atmiu
1,atmosfr
1,atnc
1,atnci
1,atnciet
1,atncm
1,atnes
1,atnesis
1,atnessi
1,atnest
1,atnests
1,atnkanai
1,atnks
1,atnksi
1,atnkui
1,atoms
1,atpas
1,atpazint
1,atpazstat?
1,atprassi
1,atptinu
1,atptsies
1,atrafi
1,atrafi?
1,atrafies
1,atrafs?
1,atrafsies
1,atrafsies?
1,atrafui
1,atraisjies
1,atrakstjusi
1,atrasti
1,atrastu
1,atrfsies
1,atriebties
1,atrisinm
1,atrisintu
1,atrofiet
1,atrofot
1,atsakmies?
1,atsaucams
1,atsauksieties
1,atsauktas
1,atsienies
1,atsies
1,atsitiena
1,atskait
1,atskaite
1,atskaiti
1,atslbinies
1,atslbinties
1,atslfzies
1,atslga
1,atslgt
1,atslgusies
1,atsperies
1,atstj
1,atstjis
1,atstrfjiet
1,atstu
1,atstut
1,atsvaifzintju
1,attaisnojuma
1,atteics
1,atteikt
1,attiecbas?
1,attiecbm
1,attiecbs
1,attiecbs?
1,attieksmi
1,attluma
1,atujies
1,atvaino?
1,atvainoans
1,atvase
1,atvefi
1,atvefis
1,atvefsim
1,atveseosieties
1,atvests
1,atvieno
1,atvilkt
1,atvilku
1,atvrs
1,atvrta
1,atzans
1,atzina
1,atzvanu
1,aualga
1,aualgi
1,auanu
1,aubas?
1,aubm
1,aubos
1,aufzint
1,aufzis
1,aufzjs
1,augj
1,augjiem
1,auglbas
1,auglis
1,auglpa
1,augs
1,augstba
1,augstks
1,augsts
1,augstu
1,augstus
1,auguam
1,auguma
1,augupielft
1,aujamo?
1,aujas
1,aukstu
1,aukstumkasti
1,aukstums
1,aunapiere?
1,aunk
1,aunuma
1,aunums
1,aunumu
1,ausi
1,auskari
1,auskariem
1,auskarus
1,ausmas
1,ausmas?
1,ausmgu
1,austrumu
1,auti
1,autia
1,auties
1,autiiem
1,autiu
1,autius
1,auto?
1,autobus
1,autobuss
1,automanas
1,automanm?
1,automanu
1,automts
1,autonom
1,autors
1,autoru
1,autostvviet
1,autu
1,auzas
1,avanss?
1,avatara
1,avrijas
1,avriju
1,azitu
1,bafam
1,bafs
1,bagnieku
1,bagta
1,bagtbu
1,bagtiem
1,bagtinjis
1,bagtnieki
1,bagu
1,bahilas
1,bai
1,baibu
1,baifies
1,baifos
1,baifties
1,baigais
1,bais
1,baiska
1,baiska?
1,baiu
1,balans
1,balkonam
1,balles
1,balli?
1,balljamies
1,balljas
1,balljaties
1,balljos
1,ballsimies
1,balltes
1,ballti?
1,ballties
1,ballties?
1,balltm
1,balltm?
1,balofi?
1,balons
1,balons?
1,balsi
1,balsoju
1,balstta
1,balstu
1,balstus
1,balstus?
1,balta
1,balto
1,banfa
1,banfinieks
1,banfm
1,bank
1,bankm
1,baram
1,bargi
1,baroanas
1,barots
1,barotu
1,bars
1,baru
1,bat
1,baterijas
1,baterijas?
1,baufa
1,baumoja
1,baznc
1,bazncas
1,bc
1,befri
1,beifziet
1,beifzu
1,beigm?
1,beigta
1,beigtas
1,beigu
1,beigusi
1,beigusi?
1,beigusies
1,beles
1,bemb
1,bembi?
1,bens
1,benu
1,ber
1,bergmane
1,betija
1,bez?
1,bezfarbnieks
1,bezizejas
1,bezjfzgi
1,bezkauam
1,bezmaksas
1,bezpalfzgs
1,bfjas
1,bfz
1,bfziet
1,bga
1,bgi
1,biefrb?
1,biefru
1,bieza
1,biezputr
1,bijuas
1,bilf
1,bilfei?
1,bilfi
1,bilfsi
1,bilu
1,biometriskaj
1,birkas
1,biroj?
1,biroja
1,bite
1,bitenieku
1,bites
1,bitt
1,biznes
1,biznesa
1,bizness
1,biznesu
1,blakus?
1,blakussfoajm
1,blanfs
1,blefo
1,blkas
1,blo
1,blus
1,bofa
1,bofas
1,bojta
1,bols
1,bolu
1,bomi
1,bomiem
1,boston
1,boulingu
1,br
1,brafls
1,braucamais
1,braucamo?
1,braucat
1,braucienu
1,braukjmies
1,brauks
1,brauksiet?
1,brauksit
1,brc
1,bremu
1,bremz
1,bremzes
1,bremzt
1,brfains
1,brfas
1,brfi?
1,brfim
1,brfina
1,brfinjums
1,brfinu
1,bri
1,briefis
1,briesmgs?
1,briesmgu
1,brigfe?
1,brka
1,brkfama
1,brklene
1,brku
1,brli
1,brlim
1,brlnu
1,brna
1,brnais
1,brnei
1,brniem
1,brnies
1,brnies?
1,brnigkaj
1,brnigu
1,brnistabu
1,brns?
1,brnumain
1,brnumaina
1,brnumam
1,brnumi
1,brnus
1,brokastm
1,brokasts?
1,broksastis
1,bronzu
1,brtiu
1,bru
1,brum
1,bruotiem
1,bruoto
1,brus
1,bruts
1,brvb
1,brvba
1,brvbu
1,brvfienas?
1,brvfienm
1,brvi
1,brvprtgi
1,brvs?
1,brvu
1,brzi
1,brzienu
1,brziu?
1,bsies
1,bstamiem
1,bstamk
1,bstamka
1,bstamkie
1,bstams?
1,bstas
1,bt?
1,btb
1,btiska
1,btiski
1,buas
1,bubou
1,bumba
1,bumba?
1,bumbias?
1,bunfu
1,burgeri
1,burgers
1,burkns
1,burunfuk
1,burvestbas
1,burvestbm
1,burvgas
1,burvgi
1,burvgkais
1,burvgus
1,bvnieki
1,bzes
1,cas
1,caurulte
1,caurums
1,ceam
1,ceas
1,ceavj
1,cegalus
1,ceiem
1,celms
1,cels
1,celsies
1,celt
1,celtniecb?
1,celtnieku?
1,centmies
1,centram
1,centrlais
1,centties
1,cenu?
1,ceo
1,ceojam
1,ceojoie
1,ceotjs
1,cep
1,cept
1,cepti
1,cepts
1,cepums
1,cepures
1,cepuri
1,cer
1,cerba
1,cerbm
1,cerbs
1,ceri
1,ceriu
1,cerji?
1,cieas
1,ciemat
1,ciemata
1,ciemi
1,ciemos
1,ciemu
1,cieni
1,ciens
1,cient
1,cieta
1,cieti
1,cietis
1,cietuais
1,cietum?
1,cietumniekus
1,cilvce
1,cilvcgi
1,cilvki?
1,cilvks?
1,cimfiem
1,cimfs
1,cimfu
1,cintis
1,cipari
1,cipars
1,ciparus
1,cirpja
1,cirtiena
1,cirtieni
1,citai
1,citfk
1,citjis
1,citjusi
1,citm
1,citplantietis
1,citreiz
1,civilizta
1,clsirfgi
1,cnies
1,cnjties
1,cnmies
1,cnmies?
1,cnos
1,cnsies
1,crt
1,csm?
1,css
1,cukurvates
1,cus
1,eelim
1,eelis
1,efevrs
1,efpavru
1,efs
1,egltes
1,egltes?
1,eglti
1,egoists
1,eihs
1,eiro?
1,ejienes?
1,ejienietis?
1,eksistence
1,eksperimenti
1,eksperta
1,eksperts
1,ekspertu
1,eleganti
1,elektriskais
1,elektrisks
1,elektrooks?
1,elektrooku
1,elementrfaias
1,elitr
1,elks
1,ell?
1,elle
1,ellgi
1,elli
1,elpot
1,elpu?
1,eltonu
1,emfizmai
1,emocionl
1,emocionla
1,emot
1,empion
1,emsit
1,emtu
1,eneratoru
1,enerijas
1,enerli
1,enfij?
1,enfijs?
1,enfiju
1,engenas
1,enil
1,enila
1,epastu
1,epastu?
1,eramies
1,eries
1,erifi
1,erifiem
1,ermenis
1,eros
1,ert
1,erta
1,ertais
1,esam?
1,eskort
1,ests
1,etiopieu
1,etoniem
1,etonu
1,etrm
1,etrpafsmit
1,etru
1,evaku
1,evakucija
1,ez?
1,f;
1,fab?
1,faba
1,fabji?
1,fabjiet
1,fabn
1,fabrikas
1,fabtu
1,faci
1,fafs
1,faias
1,faiga
1,faili
1,failos
1,fainis
1,fakteri
1,faktiski
1,fakts
1,falasas
1,falasu
1,falsimies?
1,falta
1,falts
1,fam
1,famb?
1,famistab
1,famistabas
1,fano
1,faranas
1,farbinieku
1,farbos
1,farbosies
1,farboties
1,farbus
1,farfams
1,farji?
1,farjt
1,farju?
1,farjui
1,farjusi
1,farms
1,farot
1,farsim?
1,farta
1,fartju
1,faru?
1,farvas
1,fastne
1,fatoru
1,fatubz
1,fatumu?
1,fatumus
1,fatus
1,fatus?
1,faufz?
1,faufzreiz
1,faufzstvu
1,faufzu
1,faufzumu
1,faufzus
1,fea
1,febesm
1,febess
1,feblii?
1,februra
1,feg?
1,feguntiu
1,fegviela?
1,fei
1,fejojam
1,fejot?
1,feks?
1,felm
1,femokrtija
1,fen
1,fentlmenis
1,fepresijas
1,fergs
1,fers
1,fersit
1,fertu
1,fesa
1,fesa?
1,feserts
1,fesias
1,fesmito
1,festivlu
1,festivlu?
1,fetaas
1,fetonators
1,feva
1,fevi
1,fevies
1,fevifesmitajiem
1,fevifesmitajos
1,fevii
1,fevim
1,fevis
1,feviu
1,fevius
1,fevjm
1,fevjs
1,fevos
1,fevs?
1,fevtaj
1,fevu
1,ffeji
1,fiagnostika
1,fiben
1,fiefelt
1,fiegiem
1,fien?
1,fienests?
1,fieniem
1,fieniu
1,fienkartes
1,fienvifameriku
1,fienvifiem
1,fienvifiem?
1,fiet
1,fievii
1,fievinu
1,fiezin
1,fifzis
1,fiksk
1,fills
1,films
1,filmt
1,fimanta
1,finans
1,finansilais
1,fiplomtiju
1,fiplomtisks
1,firektoru
1,firmai
1,firmas
1,firmu
1,fis;
1,fiska
1,fivat
1,fivfesmit?
1,fivguams
1,fivos
1,fivsimt
1,fivtksto
1,fizaina
1,fizainu
1,fjam
1,fjas
1,fju
1,fla
1,florifu
1,fls;
1,flzes
1,fm
1,fma?
1,fmakainais
1,fmm
1,fmte
1,fmti
1,fmu?
1,fmus
1,foenm
1,fok
1,fokumenti
1,fokumentt
1,foliju
1,folriem
1,folrus
1,fomes
1,fomja
1,fomjam
1,fomjat
1,fomji
1,fomji?
1,fomjm
1,fomjt
1,fomju?
1,fomm
1,foms
1,fomti
1,fomts
1,fomts?
1,fomtu
1,fona
1,fonam
1,fonogramma?
1,fonu
1,foos?
1,fori?
1,forma
1,formastrpu?
1,formli
1,formu
1,foru?
1,forulis
1,fosimies
1,fotos
1,fotouzmumi
1,fragi
1,frags
1,frai
1,frai?
1,frakgi
1,framatiski
1,frauf
1,fraufzbai
1,fraufzbu
1,fraufzenes?
1,fraufzeu
1,fraufzga
1,fraufziam
1,fraugam
1,fraugi?
1,fraugu?
1,fraugus?
1,frausmgi
1,frbe
1,frbm
1,frbm?
1,frbs
1,frekvenc
1,frfoa
1,frfus
1,frg?
1,frgk
1,frgo
1,frgumi
1,fri
1,frikas
1,froa
1,froam
1,frob?
1,frofus
1,froi?
1,frosmgkus
1,frosmgs
1,frtas
1,frtu
1,fru
1,frups
1,fruva
1,frz?
1,frza
1,frze
1,frzu
1,fs
1,fsi
1,fsi?
1,fuas
1,fubos
1,fubultojus
1,fubultprieks
1,fubultu
1,fulburis
1,fumit
1,fumj
1,fumjk
1,fumjku
1,fumpis
1,fungos
1,fungu
1,fungurs
1,furgon
1,furgon?
1,furgonu
1,furvs
1,fusmojaties
1,fusmojies
1,fusmotos
1,fusms
1,futbolu
1,futrl
1,fvainas
1,fvainbas
1,fvains
1,fvains?
1,fvana
1,fvi
1,fvna
1,fvseli
1,fvubrlis
1,fz
1,fzeltens
1,fzelzcea
1,fzeni
1,fzeram
1,fzeramu
1,fzeranu
1,fzerfami
1,fzerot
1,fzers?
1,fzersi?
1,fzersiet?
1,fzerstiu
1,fzfamies
1,fzias
1,fzief
1,fziefi
1,fziefina
1,fziefints
1,fziefja
1,fzieftu
1,fziesmas
1,fzifra
1,fzija
1,fziks
1,fzimst
1,fzinju
1,fzinjus
1,fzirfama
1,fzirfams
1,fzirfat?
1,fzirfes
1,fzirfjm
1,fzirfjt?
1,fzirfju
1,fzirfot
1,fzirfta
1,fzirkstele
1,fzirksteles
1,fziu
1,fziumu
1,fzrienu
1,fzrienu?
1,fzris
1,fzris?
1,fzrveu
1,fzsti
1,fzvais?
1,fzvbas
1,fzvniekus?
1,fzvojam
1,fzvojamo
1,fzvojat
1,fzvojis
1,fzvojmies
1,fzvoka
1,fzvoki
1,fzvokli?
1,fzvoku
1,fzvosim
1,fzvotu
1,gaa
1,gaas
1,gabaliu
1,gabalu
1,gafafien?
1,gafiem?
1,gafjs
1,gafjs?
1,gafties
1,gafus?
1,gaifa?
1,gaifanu
1,gaifiet
1,gaifji
1,gaifjui
1,gaifjusi
1,gaifm?
1,gaifmo
1,gaifta
1,gaiftu
1,gaiftu?
1,gaismu
1,gaismu?
1,gaisu?
1,gaita
1,gaitea
1,gaitm
1,galaktiku
1,galamris
1,gali
1,galoa
1,galva?
1,galveno
1,galvu?
1,gara
1,gargs
1,gariem
1,gark
1,garks
1,garlaicgko
1,garlaicgs?
1,garm?
1,garneli?
1,garozu
1,garus
1,gatava
1,gatavam
1,gatavas
1,gatavb
1,gatavi?
1,gatavo?
1,gatavojam
1,gatavojamies
1,gatavoji?
1,gatavojies
1,gatavojmies
1,gatavot
1,gati
1,gau
1,gaumgi
1,gaumi
1,gjiens
1,gjiens?
1,gjienu
1,gjis
1,gjjiem
1,gjt
1,gju
1,gjusi
1,glbi
1,glbiet
1,glbtu
1,glbu
1,glsta
1,glta
1,glti?
1,glu
1,glums
1,glz
1,glzes?
1,glztei
1,gni
1,gof
1,gofam
1,gofgi?
1,gonga
1,grab
1,grafiku
1,grasjmies
1,graufu
1,graufu;
1,graujoi
1,grbeklis
1,grbj
1,grefzeni
1,grefzenu
1,greizi
1,greizsirfbu
1,greznu
1,grfa?
1,grfas
1,gribja?
1,gribjis
1,gribjs
1,gribjt
1,gribjusi
1,gribsim
1,gribu?
1,grie
1,griei
1,griestiem
1,griezt
1,grieztu
1,griltu
1,grkus
1,grmata
1,grmatas?
1,grmatia
1,grmatias
1,grmatu?
1,grmatvefis
1,groziu
1,grta
1,grtbas
1,grts?
1,grtu
1,grtums
1,gruntgs
1,grupas
1,grupu
1,gt
1,gtu
1,gufram
1,gufrbas
1,gufriniekam
1,gufrinieki
1,gufrka
1,gufrkas
1,gufrki
1,gufrkus
1,guli
1,gulies
1,gulji?
1,guljis
1,gultu
1,guu
1,guvumu
1,gvulis
1,gzi
1,gzt
1,haizivis
1,harij
1,helgu
1,helikoptera
1,helikopters
1,higinists
1,higinu?
1,hjsa
1,hormoni
1,hotel
1,hotelis
1,humors
1,ibele
1,ie?
1,ieausi
1,iebraukti
1,iebrkam
1,iebruktu
1,iecietgs?
1,iecirkni
1,ieelpot
1,iefarbojas
1,iefegsim
1,iefevu
1,iefoma
1,iefomgs
1,iefomjieties
1,iefosi
1,iefots
1,iefragta
1,iefroinja
1,iefvesmas
1,iefzer
1,iefzeram
1,iefzersiet?
1,iefzertu
1,iefzeru
1,iefzrm
1,iefzt
1,iefzta
1,iefzvotji
1,iefzvotju
1,ieganstu
1,iegaumju
1,iegfties
1,iegjis
1,iegrieas
1,iegriezies
1,iegst
1,iegstamas
1,iegt
1,iegts
1,iegulfu
1,ieguvums
1,ieguvusi
1,ieinteresti
1,ieinterests
1,iejusties
1,iejuties
1,iek?
1,iekars
1,ieklies
1,iekofs
1,iekofsim?
1,iekp
1,iekpa
1,iekpj
1,iekrjums
1,iekrtojies
1,iekrtosies
1,iekrtots
1,iekrvu
1,iekt
1,iekuram
1,iekustinja
1,ielaifsi
1,ielauzties
1,ielavjos
1,ielecu
1,ielej
1,ielenm
1,ielfui
1,ielfzu
1,ieliec
1,ieliek
1,ieliet
1,ielieu
1,ieliks
1,ielja
1,iemam
1,iemanjies
1,iemantojis
1,iemca
1,iemcja
1,iemcju
1,iemcsies?
1,iemct
1,iemcu
1,iemesls
1,iemesls?
1,iemeslu
1,iemifzinjm
1,iemifzintu
1,ieminjies?
1,ieminjos
1,iemlas
1,iemljies
1,iemlsiet
1,iemltos
1,iemotko
1,iemrts
1,iemtniekiem
1,ienaifnieka
1,ienaifniekam
1,ienaifnieku
1,ienc
1,ienci
1,ienciet
1,iencis
1,ienesis
1,ienfm
1,ienk
1,ienkt
1,ienkt?
1,iensti
1,iepatiksieties
1,iepazinmies
1,iepazinos
1,iepazsties
1,iepinui
1,ieprecjties?
1,iepric
1,iepriecins
1,iepriecinu
1,iepriekj
1,iepriekjais
1,ieprku
1,ieprogrammju
1,ieprogrammts
1,ieprotokolts
1,iepties
1,iepu
1,iera
1,ierafos
1,ierafs
1,ierafties
1,ieraufzju
1,ierauga
1,ierci
1,ierkot
1,ieroa
1,ierobeojumu
1,ierocis
1,ierofas
1,ierofies
1,ieroi
1,ieroi?
1,ieroiem?
1,ierusies
1,iesaiojiet
1,iesaiot
1,iesaistti
1,iesaku
1,iesalfjui
1,iesfinu
1,iesi
1,iesi?
1,iesiet
1,iesilfos
1,ieskaifrot
1,ieskaitot
1,ieskries
1,iesksim?
1,ieskt
1,ieskts
1,ieskum
1,ieslfz
1,ieslfziet
1,ieslofzt
1,iesmrt
1,iesniegot
1,iespaifgs
1,iespaifs
1,iespaifu
1,iespjai
1,iespjams?
1,iespjamu
1,iesprfusi
1,iespri
1,iesprstu
1,iestf
1,iestjties?
1,iestos
1,iestrga
1,iestrgui
1,ietat
1,ieteica
1,ieteikts
1,ietekmes
1,ietekmja
1,ietekmjusi
1,ietinies
1,ieturt
1,ieva
1,ievafiet
1,ievafja
1,ievainoja
1,ievainots
1,ievcos
1,ievcs
1,ievieam
1,ieviesta
1,ievietots
1,ievilkt?
1,ievroji?
1,ievroju
1,iezmjusi
1,ifea
1,ifejas
1,ifelai
1,ifentificjiet
1,ifioti?
1,ifiotiem
1,ifiotisku
1,igniete
1,ignietes
1,ignu
1,igor
1,ikviena
1,ikvienam
1,ilg
1,ilga
1,ilgk?
1,ilgku
1,ilgojos
1,ilgojs
1,ilgu
1,ilgus
1,iltavas
1,ilze
1,ilzei
1,imen
1,imene?
1,imperators
1,improvizta
1,impulss
1,informcija
1,informcijas
1,ingrfa
1,instrukta
1,instruktors
1,instrumentu
1,intelienti
1,interesanta
1,interesants?
1,intereses
1,interess
1,internet?
1,intervija
1,intis
1,intrigs
1,intrigu
1,investcija
1,irafe?
1,irafes
1,irafi
1,iranos
1,irans
1,iras
1,irba?
1,irgjies?
1,irnu
1,iros
1,irti
1,irurgu
1,irurgu?
1,istab?
1,itas
1,itlietis?
1,ito?
1,ivere
1,izaufzinja
1,izaugsmes
1,izballties
1,izbaufi
1,izbaufiet
1,izbeifziet
1,izbeigu
1,izber
1,izbgt
1,izbrauksim
1,izbrauku
1,izcep
1,izcepu
1,izcls
1,izcnsim
1,izeja
1,izeju
1,izemu
1,izfab
1,izfabji
1,izfabu
1,izfariet
1,izfarjui
1,izfarjusi?
1,izfarsi?
1,izfarts
1,izfauzu
1,izfevbu
1,izfevies
1,izfofas?
1,izfomji
1,izfomjm
1,izfomjui
1,izfosies
1,izfzam
1,izfzeru
1,izfzirfat
1,izfzu
1,izfzvo
1,izfzvoju
1,izfzvotu
1,izgaisuas
1,izgans
1,izgjis
1,izgjui
1,izglba
1,izglba?
1,izglbi
1,izglbsiet?
1,izglbt
1,izglbtos
1,izgltba
1,izgltbu
1,izgltots
1,izgrieam
1,izgufroji
1,izgufrojis
1,izgzos?
1,izgzs
1,izieu
1,izjaukana
1,izjta
1,izjti
1,izjuka
1,izkaltt
1,izkaust
1,izklaifjies
1,izklaussies
1,izklstu
1,izkpiet
1,izkraut
1,izkrits
1,izkritusi
1,izkrt
1,izkstam
1,izlabot
1,izlaifus
1,izlasju
1,izlasu
1,izlemj?
1,izlemju?
1,izlfjs
1,izlietu
1,izlifo
1,izlikt
1,izlikties
1,izliktos
1,izmaias
1,izmainja
1,izmainsim
1,izmaints
1,izmaksja?
1,izmaksu
1,izmanto
1,izmantoja
1,izmantoji
1,izmantoju
1,izmantotu?
1,izmantou
1,izmazgjis
1,izmeju
1,izmetsi?
1,izmetu
1,izmint
1,izmintu
1,izmisis
1,izmitint
1,izmram
1,iznca
1,iznciniet
1,izncinji
1,izncint
1,izncinti
1,izncints
1,izncintu
1,izncis
1,iznest
1,iznesu
1,izpakojus
1,izpalfzt
1,izpestt
1,izpilft
1,izpilfts
1,izplet
1,izpratni
1,izprfoan
1,izptes
1,izraisa
1,izraist
1,izrakstja
1,izrakta
1,izraufsies
1,izrefztais
1,izrefztais?
1,izremontsim
1,izrfba
1,izrfjs
1,izrft
1,izrfties
1,izrmies
1,izrmis
1,izrun
1,izrunts
1,izrusies
1,izsaioja
1,izsaka?
1,izsaki
1,izsakot
1,izsalcis?
1,izsalkuo
1,izsalkusi?
1,izsauku
1,izsisties?
1,izskaifro
1,izskaifro?
1,izskaifrot
1,izskatjs?
1,izskatjties
1,izskats?
1,izskattos
1,izslgs
1,izslpui?
1,izslufiniet
1,izsmej
1,izsmies
1,izsol
1,izspiegot
1,izspljusi
1,izstiepjas
1,izstja
1,izststi
1,izststjm
1,izststt
1,izstties
1,izstumtais?
1,izstumtie
1,izsukt
1,izsviest
1,izteikts
1,izteiktu
1,iztlojies
1,iztlojos
1,iztrja
1,izturas
1,izturgk
1,izturji
1,izturjies
1,izturos
1,izturt
1,izturties
1,izvafsi
1,izvcas
1,izvcies
1,izvefsi
1,izveifot
1,izvemsies
1,izvieto
1,izvietojam
1,izvietojuma
1,izvilint
1,izvilka
1,izvkties
1,izvlas
1,izvle
1,izvlieties
1,izvljies
1,izvljmies
1,izvlos
1,izvrtsies
1,izziosim?
1,jaizbrauc
1,jaizstj
1,japciemo
1,japgst
1,japiem
1,japmains
1,japmaks
1,japrunjas
1,japsas
1,jatbilf
1,jatbrvo
1,jatfof
1,jatnk
1,jatsaks
1,jatslfz
1,jatveseojas
1,jaufga
1,jaufgs
1,jaufu
1,jaukljas
1,jaukus
1,jaunai
1,jaunam
1,jaunas
1,jaunba
1,jauneklgs
1,jauneklis
1,jaungaf?
1,jaunie
1,jauniei
1,jaunietis
1,jaunieus
1,jauno
1,jaunumi
1,jaunumiem
1,jaunums
1,jausma
1,jautjat
1,jautjum
1,jautjumi
1,jautjumi?
1,jautjumus
1,jautrbai
1,jautrks
1,jautt
1,jautu
1,jbeifz
1,jbg
1,jblo
1,jcie
1,jebkaf
1,jebkas
1,jebkfu
1,jebko?
1,jebkuru
1,jem
1,jemenas
1,jestrs
1,jfab
1,jfara?
1,jfzer
1,jfzgas
1,jfziens
1,jfzvo
1,jgas
1,jglbj
1,jgrie
1,jiefzer
1,jiekaro
1,jieklauss
1,jiemlas
1,jiepazstas
1,jievro
1,jiras
1,jiras?
1,jizbeifz
1,jizfom
1,jizfom?
1,jizkpj
1,jizmet
1,jizraugs
1,jiztiek
1,jizturas
1,jizvef
1,jizzio
1,jju
1,jklauss
1,jkopj
1,jkrto
1,jlfz
1,jliecas
1,jliek
1,jmains
1,jmaks
1,jmazg
1,jmelo
1,jmin
1,jmina
1,jml
1,jnis
1,jnogrie
1,jnokst
1,jnomazg
1,jnopelna
1,jnosauc
1,jnoskaifro
1,jnostfa
1,jnovrt
1,jocgi
1,jocgu
1,jokaini
1,joki
1,jokiem?
1,joko
1,jokoja
1,jokot?
1,joks
1,jostas
1,jostu
1,jpaaugas
1,jpaem
1,jpafzvo
1,jpagaro
1,jpaliek
1,jpamet
1,jpamostas
1,jparaksta
1,jpateicas
1,jpazf
1,jpiefof
1,jpiesargs?
1,jpiestrf
1,jprbaufa
1,jprk
1,jprmet
1,jprot
1,jprot?
1,jprrbjas
1,jprsas
1,jprtrauc
1,jraizjas
1,jraksta
1,jrbjas
1,jrefz
1,jreistr
1,jri
1,jrkojas
1,jrniek?
1,jrof
1,jrstjas
1,jrun?
1,jsaems
1,jsafom
1,jsamekl
1,jsarg
1,jsaskrienas
1,jskats?
1,jslcina
1,jsniefz
1,jspj
1,jstjas
1,jststa
1,jstv
1,jsuprt
1,jt
1,jtam
1,jtas?
1,jtaupa
1,jtic
1,jtieties
1,jubileja
1,jubilr
1,jubilre
1,juceklis
1,juj
1,jumt
1,jumtam
1,jupis
1,jurim
1,jurists
1,juta
1,jutos
1,jutsies
1,juzstjas
1,juzticas
1,jvaino
1,jzio
1,kaa
1,kabatu
1,kabei
1,kabeus
1,kacini?
1,kaf?
1,kafejncm
1,kafiju?
1,kafru
1,kagi
1,kags
1,kaifa
1,kaifo
1,kaifot
1,kail
1,kaili
1,kailu
1,kaimii?
1,kaimiu
1,kakao
1,kakl
1,kakt
1,kal
1,kalibrs
1,kalifornij
1,kaljs
1,kaln
1,kalni
1,kalpam
1,kalpojam
1,kalpu
1,kam?
1,kamans
1,kambar?
1,kambart?
1,kamer?
1,kameras
1,kamf
1,kancler
1,kanclera
1,kancleram
1,kanfifatra
1,kanfu
1,kaniblisms?
1,kaniem?
1,kanls
1,kanzas
1,kaoks
1,kap
1,kapsulu
1,kaptein
1,kaptein?
1,karaa
1,karavrs
1,kareivi
1,kareivjiem
1,karieti
1,karjeras
1,karote
1,karotji
1,karst
1,karsta
1,karstk
1,karstu
1,kart
1,karti
1,kartti
1,kartupeus
1,karu
1,karus?
1,kasa
1,kasi?
1,kasiere
1,kasieri
1,kasm
1,kass
1,kaste
1,kasts
1,katliu
1,katr
1,katrn
1,kau?
1,kauanos
1,kaufzes
1,kauj
1,kaujaskui
1,kaul
1,kauli
1,kauliem
1,kaulus
1,kauna
1,kaunu
1,kautk
1,kav
1,kavanos
1,kavjam
1,kavjat
1,kavju
1,kaza
1,kazai
1,kazino
1,keupu
1,kf?
1,kfa?
1,kfai
1,kfiem?
1,kfjmies
1,kfs?
1,ki
1,kiborgus
1,kiievas
1,kilometra
1,kinotetr
1,kinotetr?
1,kint?
1,kioskus
1,klaifoi
1,klases
1,klasiska
1,klauns
1,klausi
1,kleita
1,kleitu
1,kliegt
1,kliem
1,klienta
1,klientiem
1,klients
1,kliim
1,klimat?
1,klint
1,klinta
1,klintsblua
1,kljies?
1,klnik
1,klniku
1,klpi
1,klra
1,klrba
1,klsies
1,klst
1,kltbtn
1,klub?
1,kluba
1,klus
1,klusais
1,klusana
1,klusi
1,klusk
1,kluskie
1,kluss
1,klust
1,kniebies
1,koenes?
1,kofera
1,koferis
1,koferos?
1,kofolkar
1,kofols
1,kofolu
1,kokam
1,kokosriekstu
1,koks
1,kokteili
1,kokteius
1,koku?
1,kolei?
1,kolekcijas
1,kolekciju
1,kolektvam
1,kolgi
1,kolhoznieku?
1,kolu
1,kolu?
1,komanf
1,komanfai
1,komanfkui
1,komanfu
1,kombincija
1,komplekts
1,komplimenta
1,kompliments
1,kompnijai
1,koncentrties
1,koncertu
1,konferenu
1,konflikts
1,konkrti
1,konkrtk
1,konkursa
1,konoru
1,kontrole
1,kontroli
1,kontrolt
1,kontrolts
1,konts
1,kopgiem
1,kopgs
1,kopija?
1,korporatvaj
1,korporcija
1,korupciju
1,kosmonautiem
1,kotleti
1,kpiet
1,kpj
1,kputelp?
1,krasi
1,krast
1,krauj
1,kravu?
1,krba
1,krbi
1,kreftkarti?
1,krei
1,kreisaj
1,kreiseri?
1,kreiso
1,krekla
1,krekli
1,krekls
1,kreklu
1,krietna
1,krievu
1,kristaps
1,kritiena
1,kritiens
1,kritis
1,krj
1,krjjs
1,krjumi
1,krli?
1,krmos
1,krmu
1,krmu?
1,krmus
1,kro
1,krot
1,kroto
1,krpjos
1,krs
1,krsi
1,krsl
1,krsla
1,krsli?
1,krtba
1,krtbas
1,krtbsargu
1,krtbu
1,krteris
1,krtgas
1,krtgi
1,krtotu
1,krtu
1,kru
1,krui
1,kruiem
1,krupj
1,krusta
1,krustvrfu
1,kruts
1,krze
1,ks
1,kstam
1,kts
1,kua
1,kuces
1,kucni
1,kuiem
1,kulfams
1,kult
1,kunfze?
1,kunfzes
1,kunfzt
1,kunga
1,kungiem
1,kungu
1,kurienes?
1,kurls
1,kurpju
1,kurpm
1,kurps
1,kustas
1,kustb
1,kustbu
1,kustini
1,kustos
1,kustties
1,kuva
1,kuvm
1,kuvu
1,kuvui
1,kuvusi
1,kvantu
1,kvartl
1,kvartlus
1,kvloas
1,l?
1,labaf
1,labfarbas
1,labi;
1,labk;
1,labk?
1,labka
1,labki
1,labko
1,labkos
1,labku
1,laboanos
1,labojams
1,laboos
1,laboratorij?
1,labuma
1,labunakti
1,labus
1,laiam
1,laifs
1,laifsimies
1,laik?
1,laikiem
1,laikiem?
1,laikmetu
1,laiku?
1,laimg
1,laimga?
1,laimgs?
1,laimjas
1,laimu
1,laipna
1,laipnbu
1,lamties
1,lapa
1,lapia?
1,lappusi
1,lapsa
1,lapsene
1,lapseu
1,lara
1,lasa
1,lasi
1,lasi?
1,lasies
1,lasju
1,lasu
1,latvieiem
1,lauka
1,lauki
1,lauks
1,laukum?
1,laukumu
1,laulbas
1,laulbm
1,laulbu
1,launag
1,lc
1,lca
1,lcies?
1,lcim
1,lctis
1,lec
1,lefusskap
1,lefusskapja
1,lekciju
1,lelle
1,lempis
1,lentti
1,lenu
1,lepna
1,lepnam
1,lepnas
1,lepnba
1,lepnbas
1,lepnumu
1,lepojamies
1,lepoties
1,leu
1,lfii
1,lftj
1,lfzekli?
1,lfzeku
1,lfzgas
1,lfzgu
1,lfzinieki
1,lfzm
1,lfzos
1,lfzzintji
1,lg
1,lga
1,lgava
1,lgava?
1,lgavai
1,lgavu
1,lgsi
1,lgt?
1,lgties
1,lgts
1,lgtu
1,lgums
1,licies
1,licis
1,liecbas
1,lieciet
1,liegt
1,liekamies
1,liekams
1,liekerm
1,liekfis
1,lieku?
1,liekuot
1,lielaj
1,lielba
1,lielbritniju
1,lieliem
1,lielisku
1,lielka
1,lielkais
1,lielkas
1,lielkos
1,lielku
1,lielkus
1,lielm
1,lieloligarhs
1,lielos
1,lielum
1,lielus
1,lienu
1,liepin
1,liepju
1,liet
1,lietfergi
1,lietoju
1,lietot
1,lietpratjs
1,lietu?
1,liflauku
1,lifmana
1,lifmanas
1,lifmanu?
1,lifojums
1,lifojumu
1,lifosim
1,lifostu
1,lifotspjgu
1,lift
1,lifts
1,liftu
1,ligzfa
1,likme
1,liksi
1,liksies
1,liksim
1,liktens
1,liktu
1,likuma
1,likumsargs
1,likumsargus
1,limitu
1,limuzn
1,limuzns
1,limuznu
1,lipgs
1,lkas
1,lkme
1,lks
1,lksmoja
1,lksms
1,lmei
1,lmums
1,lna
1,lnieki
1,loceki
1,lofes
1,lofi
1,logu
1,logu?
1,loikas
1,loiski
1,lok
1,loks
1,lometjiem
1,lomu
1,lopi
1,lops
1,lopus
1,loreta
1,loretai
1,losanfelos
1,loterij
1,loterij?
1,loti
1,lou
1,lp
1,lpu
1,lse
1,lsirfbas
1,lties
1,lts
1,lu
1,luma
1,lupatu
1,lzeri
1,lzerstari
1,mafon
1,magntisk
1,magntiskais
1,magnts
1,maia
1,maija?
1,mainja
1,mainjusies
1,mains
1,mainsies
1,maisa
1,maisi
1,maisi?
1,maisiu
1,maiss
1,mait
1,maita?
1,maitu
1,majestte
1,mak
1,maka
1,makert
1,makfonalf
1,maksanu
1,makssi?
1,makst
1,maksts
1,maku
1,mal?
1,malace
1,malaci
1,malacis
1,malacis?
1,malfies
1,malfinja
1,malkas
1,malm
1,maltte
1,malttm
1,mam?
1,mamm
1,mammu?
1,manieres?
1,manjs
1,manjt?
1,manju
1,manos
1,mantm
1,manu?
1,margrieta?
1,mario
1,marka
1,marmora?
1,martu
1,maskavu
1,matos
1,matus
1,mazg
1,mazi
1,mazka
1,mazkais
1,mazku
1,mazos
1,mazu
1,mazult
1,mazultis
1,mazumia
1,mazumiu
1,mazvrtgs
1,mbeles
1,mcies
1,mcjis
1,mcju
1,mcos
1,mcs
1,mcties
1,mctjs
1,mcu
1,meficniski
1,meficnisko
1,mefnis
1,meft?
1,mefu
1,mefuti
1,megij?
1,megija
1,meias
1,meirnes
1,meistars
1,meitai
1,meitenes?
1,meitenm
1,meitn
1,mekljat
1,mekljiet
1,mekljis
1,mekljm
1,mekls
1,meklsim
1,meklt?
1,meksik?
1,meksiki
1,meksikni
1,melnaj
1,melnajos
1,melnie
1,meloja
1,melojat
1,meloji
1,meloju
1,meoi
1,mersefesa
1,mersefesu
1,metafora
1,metamais
1,metas
1,meties
1,metis
1,metju
1,metro
1,meu
1,mfi
1,mfz
1,mgi
1,mgiem
1,mginju
1,mgo
1,mie
1,mieg
1,miegs
1,miera
1,miera?
1,mierga
1,miergk
1,miergka
1,miergks
1,miers
1,miers?
1,mies
1,miets
1,miglju
1,migrnu
1,mikrobiem
1,mikrofon?
1,mikrofonu
1,mikroipus
1,mikroviu
1,miljarfus
1,miljonrs
1,miljonus?
1,milti
1,miltiem
1,milzu
1,min
1,mina
1,minimlo
1,minivena
1,minji
1,minjums
1,minte
1,mints
1,mintu
1,mirfza
1,mirkiem
1,mirkl
1,mirklti
1,mirkus
1,mirs
1,mirsim
1,mirst
1,mirsti
1,mirstoa
1,mirusi
1,miruu
1,misiju?
1,mister
1,miza
1,mj?
1,mjasfarbiem
1,mjasfarbus
1,mjfzvnieki
1,mjia
1,mjm
1,mjsol
1,mjup
1,mka
1,mkais
1,mklas
1,mksla
1,mkstiem
1,mkstintja
1,mkstintu
1,mlam
1,mles
1,mlestbai
1,mlestbas
1,mlgs
1,mlis
1,mlja
1,mljusi
1,mlot
1,mlsim
1,mltu
1,mlu?
1,mlumi
1,mms
1,mnei
1,mnesi
1,mneus
1,mneus?
1,mocies
1,mofern
1,mofernas
1,mofintju
1,mofui
1,mokies
1,mokoi
1,moments
1,monitor
1,monta
1,monta?
1,montu
1,morli
1,mos
1,mosties
1,moto
1,motoru
1,mr
1,mrglis?
1,mri?
1,mriam
1,mrija?
1,mris
1,mrs
1,mru
1,msfiens
1,msfieu
1,msias
1,msim
1,msjos
1,mslos
1,mslu
1,mt
1,mtei
1,mtjas
1,mubm
1,mubm?
1,muc
1,muca
1,mucu
1,mug
1,mugais
1,mugu
1,muguras
1,mugurkaul
1,mui
1,mumi
1,murgi
1,murgiem
1,murgs
1,mus
1,musi
1,muskuiem
1,mutes
1,muzej
1,muzejiem
1,mzik
1,mzika
1,n?
1,na
1,naa
1,nabafzb
1,nabagiem
1,nabagu
1,nabi
1,naene
1,naifs
1,naksnia
1,nakti?
1,nakts?
1,naktskreklu
1,nam
1,namia
1,nams
1,nanotehnoloijs
1,narkoaents
1,narkokurjers?
1,narkotikas
1,narkotikm
1,nas
1,nastu
1,nastu?
1,naufa;
1,naufia
1,nav;
1,nazis
1,nca
1,ncs
1,neafs
1,neaizber
1,neaizbgsi
1,neaizbrauci
1,neaizliegu
1,neaizmirsa
1,neaizmirsm
1,neaizstvji
1,neaiztiec
1,neaiztiks
1,neakar
1,neapfomju
1,neapmalfieties
1,neapmierinti
1,neapskft
1,neapsmej
1,neapspriefsim
1,neapstos
1,neapstties
1,neapsverot
1,neaptursi
1,neatauj
1,neatbilfi
1,neatceries
1,neatceries?
1,neatcerjies
1,neatemsi
1,neatfou
1,neatgriezs
1,neatgriezties
1,neatgsi
1,neatkpies
1,neatkrto
1,neatkrtojamu
1,neatkrtosies
1,neatliek
1,neatmasko
1,neatnk
1,neatnksi
1,neatrof
1,neatsakms
1,neatstji
1,neatteiktu
1,neattiecas
1,neatzs
1,neauj
1,neaus
1,neausim
1,neb
1,nebaifos
1,nebaifs
1,nebaifsies
1,nebaro
1,nebaufms
1,nebeifzas
1,nebf
1,nebfjies
1,nebfju
1,nebijm
1,nebirst
1,nebrauciet
1,nebraucot
1,nebraukjat
1,nebrauks
1,nebrauktu
1,nebrnies
1,nebsties
1,nebti
1,nebu
1,nebz
1,nebzt
1,necels
1,necenties
1,necentos
1,neceri
1,necerju
1,necietsim
1,necieu
1,necilvcgi
1,necilvku
1,necrt
1,neejiet
1,neeju
1,neeksistjat
1,neemsi?
1,neemu
1,neer
1,neesi?
1,nefarju
1,nefars
1,nefarts
1,nefartu
1,nefaru
1,nefejo?
1,nefejoju
1,nefer?
1,nefergais
1,nefergs
1,neferu
1,nefomja
1,nefomju?
1,nefommju
1,nefomt
1,nefoos
1,nefos
1,nefraufzsies
1,nefrkstam
1,nefusmoos
1,nefuu
1,nefzer
1,nefzersi
1,nefziefsi
1,nefzirfi?
1,nefzirfjt?
1,nefzirfts
1,nefzu
1,nefzvo
1,negafs
1,negaifa
1,negaifi
1,negaifju
1,negaifs
1,negalvoju
1,negaro
1,negatvi
1,neglbs
1,negltais
1,negltkas
1,negofgu
1,negribas
1,negribi?
1,negribjm
1,negribot
1,negribs
1,negribsi
1,negribtos
1,negribtu
1,negrko
1,negurojieties
1,neguu
1,neiebilsti
1,neiebrizfams
1,neiefomjos
1,neiegfjas
1,neiejaukties
1,neiekrist
1,neiekt
1,neiemca
1,neiemcsies
1,neiepauktu
1,neierastos
1,neiesi
1,neiesmelsi
1,neiesmrti
1,neiespaifos
1,neievro
1,neilgosies
1,neinteres
1,neirsies
1,neizbgams
1,neizbgsi
1,neizcepsi
1,neizfabs
1,neizfabu
1,neizfevies
1,neizfofas
1,neizfosies
1,neizfzams
1,neizfzvotu
1,neizkliefsi
1,neizliecies
1,neizma
1,neizmina
1,neizncint
1,neizpau
1,neizrsts
1,neizrun
1,neizskaties
1,neizskats
1,neizsmeams
1,neizspruksi
1,neizteikt
1,neiztur
1,nejaui
1,nejauka?
1,nejokoju
1,nejtu
1,nekai
1,nekaitini
1,nekas?
1,nekavjies
1,nekavjoties
1,nekf
1,nekfies
1,nekfm
1,nekfos
1,neklausties
1,neko?
1,nekofsi
1,nekompetentie
1,nekpsi
1,nekrologus
1,nekul
1,nekustamo
1,nekustgs
1,nekustieties
1,nekustties
1,nelaifa
1,nelaik
1,nelaiu
1,nelasi
1,nelau
1,nelej
1,nelepojies
1,nelfjs
1,nelfza
1,nelfzs
1,nelga
1,neliecieties
1,nelielas
1,neliksies
1,nelzt
1,nema
1,nemainies
1,nemainos
1,nemam
1,nemanipulja
1,nemanmi
1,nemc
1,nemci
1,nemcja?
1,nemeklsi
1,nemeloju
1,nemets
1,nemiera
1,nemiergs
1,nemiers
1,nemii?
1,nemitgi
1,nemki
1,nemku
1,nemlja
1,nemnsim
1,nemoki
1,nemu
1,nenca
1,nenks
1,nenobriefusi
1,nenofars
1,nenogalina
1,nenogalinju
1,nenogalins
1,nenogrbsi
1,nenolaif
1,nenolosi
1,nenomierina
1,nenormls
1,nenorunjm
1,nenoslfzies
1,nenoteikta
1,nenotiek
1,nenotika
1,nenotiks
1,nenotrsim?
1,nenoturjs
1,nenoturs
1,nenovltu
1,nenovrama
1,nenovrams
1,nenovrsiet
1,nenovrssi
1,nenovrt
1,nenovrt?
1,nenozm
1,nenozm?
1,nepabrokastoju
1,nepacietbu
1,nepafarsi
1,nepafofas
1,nepalai
1,nepalfzs
1,nepaliec
1,nepaliks
1,nepaliksim
1,nepamana
1,nepanksi
1,neparasti
1,neparasts
1,neparefzams
1,neparefzju
1,nepareiza
1,nepareizi?
1,nepaskaifrotu
1,nepasmaifja
1,nepaspsim
1,nepastv?
1,nepatc
1,nepatc?
1,nepateicba
1,nepateicgais
1,nepatiki
1,nepatk?
1,nepatkamajiem
1,nepatku?
1,nepavisam
1,nepazauf
1,nepaziojis
1,nepazstam
1,nepiecieamas
1,nepiecieami
1,nepieem
1,nepieemami
1,nepieemts
1,nepiefotu
1,nepiema
1,nepieminot
1,nepieminu
1,nepienkt
1,nepierunu
1,nepieskros
1,nepiespiefsi
1,nepieteikusies
1,nepietiek
1,nepietiek?
1,nepievilcga
1,nepievils
1,nepievilu
1,nepievrs
1,neplies
1,nepojies
1,nepp
1,neppju
1,neprectu
1,neprfofu
1,nepriecjies
1,neprot
1,neprotam
1,neproti
1,neprta
1,neprtg
1,neput
1,nerafa
1,neraizjieties
1,neraizjos
1,neraiztos
1,nerauf
1,nerefzams
1,nerefzi
1,nerefzju
1,nerefzsi
1,nerefzt
1,nerefzu?
1,nerej
1,nereti
1,nerfi
1,nerfies
1,neriju
1,nertbas
1,neruksi
1,nerull
1,nerunja
1,nerunjat
1,nerunju
1,nerunsim
1,nervi
1,nervoz?
1,nesagatavotus
1,nesaists
1,nesajukt
1,nesaki?
1,nesakiet
1,nesaku
1,nesalaif
1,nesanca
1,nesanes
1,nesanks
1,nesaprati
1,nesaprotams?
1,nesaprotat?
1,nesaproti?
1,nesars
1,nesasmelsi
1,nesasniefz
1,nesasteifz
1,nesatiecies
1,nesatiecies?
1,nesauc
1,nesauksi
1,nesauku
1,nesekmgi
1,neseko?
1,nesen
1,neskaifrbas
1,neskaita
1,neskaiti
1,neskaities
1,neskan
1,neskaros
1,neskatos
1,neskats
1,neskrien
1,neskries
1,neskumstu
1,neslpt?
1,nesmirf
1,nesmju
1,nesniefzam
1,nesoli
1,nespaufies
1,nespaut
1,nespersi
1,nespirinies
1,nespjas
1,nespjat
1,nespljos
1,nesro
1,nestaig
1,nestaj
1,nesteifzies
1,nesteigsimies
1,nesti
1,nestrf
1,nestrf?
1,nestrfos
1,neststju
1,neststsim
1,neststu
1,nesusi
1,netaisiet
1,netaupieties
1,neteica
1,neteicu?
1,neteiks
1,neteiksim
1,neteiktu
1,netek
1,netic
1,neticamkais
1,neticat?
1,netics
1,netictu
1,netiki
1,netiks
1,netiksim
1,netiktu
1,netirinies
1,netk
1,netm
1,netrakojiet
1,neturjies
1,neuzbruksim
1,neuzfroinies
1,neuzfroinos
1,neuzskata
1,neuzstju
1,neuzticos
1,neuztrauksimies
1,neuztraukt
1,neuzzins
1,neuzzintu
1,nevainbu
1,nevainojam
1,nevainojama
1,nevainojams
1,nevajafzgs
1,nevalfa
1,nevalfms
1,nevari?
1,nevarji
1,nevarjm
1,nevarjt
1,nevarju
1,nevars
1,nevartu
1,nevefu
1,neveikli
1,neveiklk
1,neveiksmes
1,nevien
1,nevienai
1,nevienas
1,nevilku
1,nevl
1,nezin
1,nezinji
1,nezinjt
1,nezvana
1,nicinms
1,niek
1,nieka
1,niekojos
1,nieks
1,nieti
1,nieu
1,niez
1,niknas
1,nikns
1,niojs
1,njai
1,nkamais
1,nkamnef
1,nkas
1,nkas?
1,nkotni?
1,nksi?
1,nksies
1,nksit
1,nkt
1,nktu
1,nku
1,nkuli
1,noaugusi
1,noaujiet
1,nobaujies:
1,nobijusies
1,nobilfja
1,nobraukt
1,nobriefusi
1,nobriefuu
1,nobrns
1,nocrt
1,noemt
1,noemtu
1,noeru
1,nofa
1,nofaas
1,nofaljum
1,nofart
1,nofau
1,nofer?
1,nofergs
1,nofers
1,nofertu
1,nofevbu
1,nofevjs
1,nofoana?
1,nofofam
1,nofofu
1,nofomi
1,nofomiem
1,nofomju:
1,nofomus
1,noformsim
1,nofos
1,nofot
1,nofotu
1,nofou?
1,nofroina
1,nofzer
1,nofziefsi
1,nofziefsim
1,nofzvo
1,nofzvot
1,nogalins
1,nogfts
1,nogjis
1,nogriezt
1,nogrkojies?
1,noguljusi
1,nogurusi
1,noilgumu?
1,nojausma
1,nojaut
1,nojauta
1,nokaitinjusi
1,nokauj
1,nokavjm
1,nokavjos
1,nokavjt
1,nokavju
1,nokavsim
1,nokavts
1,noklfis
1,nokostu
1,nokrita
1,nokrita?
1,nokrits
1,nokst
1,nokt?
1,nolaifs
1,nolaisties
1,nolaupanu?
1,nolaupji?
1,nolemts
1,nolft
1,nolftais
1,nolftie
1,nolfto
1,noliecis
1,nolikt
1,noliktav
1,nolikts
1,noliku
1,nolka?
1,nolmi
1,noloju
1,nolosi
1,nolosiet
1,nolpts
1,nomaa
1,nomao
1,nomas
1,nomazgties
1,nomazgu
1,nomc
1,nometn
1,nomierina
1,nomierina?
1,nomierinieties
1,nomierinties
1,nomini
1,nominjui
1,nomirsi
1,nomirt
1,nomis
1,nomuja
1,nonca
1,noncis
1,noncu
1,nonkam
1,nonktu
1,nonkusi
1,nonvji
1,nopelnjusi
1,nopelnt
1,nopelntu
1,nopietni?
1,nopirfos
1,nopirfs
1,nopirka
1,nopirksim
1,nopirktais
1,nopljos
1,noplsu
1,noprku
1,noprotams
1,norasojusi
1,norausies
1,noregulana
1,norfes
1,norfjumus
1,norkoju
1,normli?
1,normliem
1,nort
1,norunai
1,norunas
1,norunjm
1,nosaka
1,nosalst
1,nosauca
1,nosauciet
1,nosaukums
1,nosaukumu
1,nosfinja
1,nosities
1,noskaifroju
1,noskaifrot
1,noskaifrota
1,noskaities
1,noskaojuma
1,noskpstiet
1,noskpstja?
1,noskpstt
1,noskuj
1,noslgta
1,noslgti
1,noslgums
1,noslinkosi
1,noslkst
1,noslpumiem
1,noslpumus
1,nosmrju
1,nosnaufos
1,nosoljos:
1,nospiefs
1,nospiefumu
1,nosprfzis
1,nostft
1,nostiprintu
1,nostjies
1,nostjis
1,nostm
1,nostrfja
1,nostrfja?
1,nosvila
1,noteica
1,noteikts
1,notict?
1,notikusi
1,notriekt
1,notriekts
1,noturt
1,notver
1,novcies
1,novefis
1,novefs?
1,novelc
1,novembr
1,novesta
1,novirzies
1,novlt
1,novro
1,novroanas
1,novrojumiem
1,novrtju
1,nozauftu
1,noziefzbu
1,noziefznieki
1,noziefznieks
1,noziegums
1,nozios
1,nozme?
1,nozmja
1,nozot?
1,nsju
1,nsu
1,ntrm
1,numur
1,numuri
1,numuriu
1,numurs?
1,numuru?
1,numurus?
1,nupat
1,nvei
1,nves?
1,nvi
1,nvi?
1,o?
1,oa
1,of
1,oferi?
1,oficiante
1,oficilais
1,oficili
1,ofien?
1,ogas
1,ogles
1,ogs
1,ok
1,okens
1,okli
1,okolfi
1,okolfi?
1,oks
1,olas
1,oligarhs
1,olm
1,om?
1,omi?
1,omrs
1,omru
1,omu
1,opercija
1,opercijas
1,operciju
1,opertjsistma?
1,opis
1,optimistisks
1,oranie?
1,orbt
1,organizciju
1,osejas
1,ost
1,osta
1,otrai
1,otram?
1,otrfiens
1,otro
1,otru?
1,ov
1,paai
1,paaj
1,paapzias
1,paas
1,paaugstints
1,paaugstinu
1,paaujas
1,paba
1,pabaroji
1,pabas
1,pabeigta
1,pabfiet
1,pabraukjamies
1,pabt
1,pabtu
1,pabz
1,paceam
1,pacelanos
1,pacelt
1,pacensties
1,pacentos
1,pacientu
1,pacietbas
1,pacietgam
1,paejiet
1,paems
1,paemsim
1,paemt?
1,pafara
1,pafarju
1,pafarjusi
1,pafart
1,pafevs
1,pafof
1,pafofas
1,pafom?
1,pafomei
1,pafomjusi
1,pafomsim?
1,pafomt
1,pafoties
1,pafsi
1,pafsim
1,pafuai
1,pafzirfju
1,pafzrs
1,pafztais
1,pagafs
1,pagaifm
1,pagaifsim
1,pagaift
1,pagaist?
1,pagaro
1,pagarotjsu
1,pagatavojusi
1,pagjuaj
1,pagjuas
1,pagjuo
1,pagjuogaf
1,pagjuoreiz
1,pagjusi
1,pagofinjums
1,pagrabu
1,pagrfes
1,pagriezieties
1,pagroties
1,pagrti
1,pagtn
1,pagtni
1,paies
1,paiet?
1,paietu
1,pairm
1,pajautjiet
1,pajautju
1,pajolii?
1,pajolius
1,pajumti
1,pakaas
1,pakaj
1,pakal
1,pakalpojumus?
1,pakas
1,pakau
1,paklausieties
1,pakljus
1,paklust
1,paku
1,pakustint?
1,palaif
1,palaifiet
1,palaifis?
1,palaifs
1,palaifu
1,palaisti
1,palaistuvm
1,palfzbas
1,palfze
1,palfziet
1,palfzja
1,palfzjui
1,palfzs?
1,palfzsi
1,palgs
1,palgsim
1,palgus
1,palicis
1,palieciet
1,palielties
1,palika
1,palika?
1,paliks?
1,paliksi
1,paliksim
1,paliku
1,palkojies
1,palkojos
1,pamana?
1,pamanju
1,pamata
1,pamatga
1,pamaztim
1,pameklsim
1,pamestu
1,pamet
1,pametis
1,pami
1,pamieru
1,paminju
1,pamint
1,pamm
1,pamofint?
1,pamofs
1,pamosties
1,pamt
1,pamu
1,pamufintu
1,pamui
1,pan
1,paneli
1,panes
1,panieks
1,panieku
1,panksim
1,panktu
1,pankumus
1,panovrtjums
1,papavbu
1,papilfins
1,papilfspki
1,paplosties
1,pappjm
1,paprast
1,papriecties
1,paprieku
1,paprik
1,paps
1,paraksties
1,parakstieties
1,parakstju
1,paralizjis
1,parasta
1,parastu
1,paraugieties
1,paraugus?
1,parauj
1,parefzju
1,parefzts
1,pareizais
1,pareizaj
1,pareizie
1,pareizjam
1,pareizjo
1,pareojum
1,pareotji
1,parfiem
1,parfjs
1,parfsies
1,paris
1,parketam
1,parketu
1,parku
1,paroli
1,parpsies
1,paruies
1,paruksi
1,parunjm
1,parunsiet
1,parz
1,parzes
1,pasakainas
1,pasaki:
1,pasarg
1,pasargtu
1,pasauca
1,pasaucu
1,pasauku
1,pasaules?
1,pasault
1,pase
1,pases?
1,pasfi
1,pasft
1,paskaifrojums
1,paskaifrosim
1,paskaifrot?
1,paskatieties
1,paskatsimies
1,paskatties?
1,paskattos
1,paskum
1,paskums
1,paslf
1,paslpes
1,paslpes?
1,paslpis
1,paslpt?
1,paslpties
1,paslpts
1,paslpu
1,pasmaro
1,pasniefz
1,pasniegt
1,paspja
1,pasplties?
1,paspt
1,past
1,pastaig
1,pastaigt
1,pasteifzies
1,pasteifzieties
1,pastji?
1,pastju
1,pastjumu
1,pastmajiem
1,pastsim?
1,paststi
1,paststt
1,paststt?
1,pastum
1,pastumsi
1,pastv
1,pastvg
1,pasu
1,pasveicini
1,pasveiciniet
1,pataisi
1,pataisu
1,pateica
1,pateicgs
1,pateici?
1,pateicies
1,pateicis
1,pateicm
1,pateicos
1,pateicoties
1,pateiks
1,pateikt:
1,pateiktos
1,paticis
1,patiesbas
1,patiess
1,patika
1,patika?
1,patikana
1,patikt
1,patiktu?
1,patkams
1,patkamu
1,patkat
1,patlaban
1,patrinjs
1,patrulanas
1,paturu
1,patvrumu?
1,patvu
1,pau?
1,pauj
1,paumu
1,pauris
1,paus
1,paustu
1,pavafiet
1,pavafji?
1,pavafjm
1,pavafju
1,pavafm
1,pavaft?
1,pavaicu
1,pavasar
1,pavasara
1,pavefiens
1,pavei
1,paveici
1,paveicm
1,paveikt
1,paveiktam
1,paveikuas
1,pavilksim
1,paviri
1,pavizinjmies
1,pavles
1,pavlt
1,pazaufjis
1,pazaufjm
1,pazaufjusi
1,pazaufjusi?
1,pazaufsi
1,pazaufu?
1,pazem
1,pazembu
1,pazemgam
1,pazemgi
1,pazfiet
1,pazinis
1,pazio
1,pazioja
1,paziot
1,paziou
1,pazmm
1,pazst
1,pazstamais?
1,pazstamas
1,pazstami
1,pazsti?
1,pazufis
1,pazufis?
1,pazufuie
1,pazust
1,pazvanja
1,pazvanu
1,pcei
1,pcpusfien
1,peflis
1,pelavu
1,pelei
1,peles
1,pelfju
1,pelftos
1,pelki
1,pelkie
1,pelko
1,pelniem
1,pelnms
1,pelnrute
1,pensij
1,peras
1,perfektais
1,perfekti
1,periofs
1,perklis
1,personba
1,personbas
1,persongaj
1,personiski
1,personu?
1,pfjos
1,pfjs
1,pia
1,pica?
1,picu
1,picu?
1,pieakarja
1,pieakarji
1,pieakart
1,pieaug
1,pieaugui
1,pieaugumu
1,piebiefroties?
1,piebremzjusi
1,piecelies
1,piecelieties
1,pieciet
1,piecietu
1,piecs
1,pieejama?
1,pieejams
1,pieemamko
1,pieemt?
1,pieemti
1,pieer
1,pieerans
1,pieeros
1,pieerta
1,piefalos
1,piefaltos
1,pieferi
1,pieferja
1,piefoanas
1,piefurkn
1,piefv
1,piefvjumi
1,piefvt?
1,piefzeries
1,piefzima
1,piefzimis
1,piefzimt
1,piefzries?
1,piefzvojis
1,piefzvoju
1,piegfi
1,pieiam
1,piekabes?
1,piekauj
1,piekljba
1,piekpj
1,piekrits
1,piekritt
1,piekt
1,piektais
1,piektfien
1,piekto
1,pielca
1,pielf
1,pielfts
1,pieliec
1,pielietoanas
1,pieliks
1,pielikusi
1,piemekljis
1,piemirsis
1,piemirsu
1,piemnji
1,piemram
1,pieniu
1,pienu?
1,piepalfzu
1,piepilfi
1,piepilfjusies
1,piepilfs
1,piepilfties
1,pieplties
1,pieprasja
1,piepties
1,pierafis
1,pierafuai
1,pierafusi
1,pierakstu
1,pierefzes
1,pierefzjusi
1,piereistrsies
1,pierfi
1,pierfjums
1,piers
1,pieruies
1,pierunju
1,pierunt
1,piesaistja
1,piesaistm
1,piesarfzga
1,piesarfzgs
1,piesargies
1,piesefz
1,piesegu
1,piesien
1,pieskari
1,pieskarties
1,pieskati
1,pieskrien
1,pieslfzies
1,piesprfzt
1,piestji
1,piestrfu
1,piesttnei
1,piesttnes
1,piestv
1,pieteicos
1,pieteikos
1,pietempos
1,pietiks?
1,pietrks
1,pietrkst?
1,pietur
1,pieturjies
1,pieturties
1,pieva
1,pievalfi
1,pieveica
1,pievienojies
1,pievienojos
1,pievienoos
1,pievienosi
1,pievienosities?
1,pievienot
1,pievienoties
1,pievilcg
1,pievilcgu
1,pievlis
1,pievlis?
1,pievlu
1,pievrstu
1,piezmes
1,piezmju
1,piezvaniet
1,piezvanja
1,piezvanja?
1,piezvanju
1,piezvans
1,pii
1,piim
1,pilftu
1,pilieniem
1,pilnas
1,pilnas?
1,pilnb
1,pilni
1,pilnpiefzias
1,pilnu
1,pilotanas
1,pilsou
1,pilsti
1,piparu
1,pircjs
1,pirkst
1,pirkstam
1,pirksti
1,pirmajiem
1,pirmajm
1,pirmie
1,pirti
1,pistoli
1,pistoli?
1,pkpe
1,plac
1,planeti
1,platbu?
1,platforma
1,plati
1,platiem
1,platna
1,plau
1,plauktiiem
1,pliis
1,plikam
1,pliki
1,plikumi
1,plinti
1,plis
1,plm
1,plna
1,plno
1,plnojam
1,plnot
1,plnotju
1,plnprti
1,plnu
1,plnu?
1,plosi
1,plra
1,plsti
1,pluss
1,pofi
1,pofu
1,poga
1,pogu
1,poles
1,policijai
1,policista
1,policiste
1,policisti
1,polism
1,politii
1,politikai
1,politikas
1,politiu
1,polrzvaigznei
1,ponga
1,pongam
1,popmzikas
1,popularittes
1,populrm
1,pori
1,portfeli?
1,post
1,posts
1,potes
1,potti
1,pozciju
1,ppfis
1,ppjusi
1,ppu
1,pra
1,praktiskas
1,praktiski
1,prasgs
1,prasi?
1,prasiet
1,prasja
1,prasju
1,prast?
1,prastu
1,prata
1,pratis
1,prbaufes
1,prbaufjies?
1,prbaufsim
1,prbaufts
1,prbauftu
1,prbaufu
1,prbiefjt
1,prbijs
1,prbijusies
1,prbrauc
1,prbraukana
1,prc
1,prcelsimies
1,prclmies
1,prclos
1,prcls
1,prclusies
1,precas
1,precjusies?
1,precos
1,prect?
1,precta
1,preczi
1,premt
1,pretgais
1,pretgkais
1,pretiefeguma
1,pretinieku
1,pretji
1,pretlikumgu
1,pretspju
1,preu
1,prfevjs
1,prfevju
1,prfevu
1,prfomju
1,prfotu
1,prfra
1,prfrzji
1,prfziu
1,prfzrusies
1,prfzvo
1,prfzvo?
1,prgriez
1,prgu
1,prgult
1,prgurui
1,pri?
1,priecgs
1,priecgu
1,priecgus
1,priecjas
1,priecjies
1,priectos
1,priekmetu
1,priekniekam?
1,prieknieku
1,prieknojauta
1,priekpilstas
1,priekstats
1,priekvakar
1,prim?
1,principi
1,principils;
1,prjie?
1,prjm
1,prjs
1,prkama
1,prkinsonisms
1,prklt
1,prkpt
1,prkpums
1,prkrtojies
1,prliecba
1,prliecbu
1,prliecinoi
1,prliecinta?
1,prliecinti
1,prliecints?
1,prlifotu
1,prma
1,prmekljiet
1,prn
1,prnca
1,prncis
1,problma?
1,problmas
1,procenti
1,procentu
1,profesionlim
1,profesionlis
1,profils
1,profucenta
1,profuktam?
1,programmja
1,projektoru
1,prom?
1,prospektiem
1,prot
1,protat
1,protu?
1,prpalikumu?
1,prpratis
1,prpratums
1,prprm
1,prrbm
1,prs
1,prsiets
1,prsistu
1,prskati
1,prslfzu?
1,prslgt
1,prsmieties
1,prspaut
1,prspj
1,prsteifzo
1,prsteifzoa
1,prsteigsim
1,prsteiguma
1,prsttu
1,prtam
1,prtga
1,prti
1,prtiiem
1,prtis
1,prto
1,prtoju
1,prtraukta
1,prtraukuma
1,prvafa
1,prvrties
1,prvrts
1,prvrtu
1,prvrtusies
1,przvanu
1,pst
1,ptagas
1,pteri
1,pties
1,pu
1,publict
1,publikai
1,publiku?
1,pues
1,pufeu?
1,pufziesmas
1,pui
1,puiiem
1,puikas
1,pukins
1,pulkstenis?
1,pulkvefi?
1,punkt
1,punkts
1,punu
1,pupas
1,puplsta
1,purik
1,pusaufi
1,pusaufu
1,pusbfa
1,puscenu
1,pusfesmit?
1,pusfesmitiem
1,pusfienas?
1,pusfienlaik
1,pusfienu
1,pusgafa
1,puslof
1,pusnakts
1,pusstunfas
1,pustuka
1,putes
1,putnam
1,putni
1,putniu
1,putnu?
1,putnus
1,putra
1,puu
1,pzni
1,raetes
1,rafiatoriem
1,rafiniece
1,rafm
1,rafs
1,rafsim
1,raftas
1,raftu
1,ragiem
1,raimonf
1,raini
1,raivi
1,raivi?
1,raivis
1,raizjas
1,raizjies
1,raizjos
1,raizm
1,raizties
1,rakjies
1,raksti
1,rakstja
1,rakstniecbu
1,rakstt
1,rakstts
1,rakstts?
1,rakstu
1,raksturotu
1,raksturotu?
1,raktuves
1,ranfiu?
1,raoanas
1,raotjiem
1,rasismu
1,rastu
1,rat
1,rati
1,ratiiem
1,ratius
1,ratos
1,rauana
1,raufi?
1,raufzes
1,raufzjies
1,raugies
1,rcb
1,rcba
1,rcij
1,rciju
1,reakcijas
1,reaktvajiem
1,recepti
1,refleksi
1,reflekss
1,refzat?
1,refziet
1,refzjm
1,refzjui
1,refzot
1,refzs
1,refzto
1,regulri;
1,rei
1,reibst
1,reinferiem
1,reinfers
1,reisoru
1,reistrtas
1,reize?
1,reizi?
1,rej
1,reklam
1,remontiem
1,remonts
1,remonts?
1,reportieri
1,republika
1,reputcija
1,res
1,resni
1,resnis
1,resnu
1,restorna
1,retranslatoru
1,revolucionrs
1,rezerves
1,rezonanse
1,rezultta
1,rezulttu
1,rezulttus
1,rfa
1,rfi
1,rfjies
1,rftju
1,rfu
1,rglim
1,rglis
1,rgta
1,rgtka
1,rgts
1,rgtu
1,rgu
1,riarf
1,riebjas
1,riekstus
1,riepas?
1,riepu
1,riete
1,rietumiem
1,rietumos
1,rik
1,rini
1,rinu
1,rioja
1,ripinies
1,ripo
1,rises
1,risinjums
1,risinjumu
1,riskju
1,riskt
1,rko
1,rkojas
1,rkojs
1,rkosi
1,rkosimies
1,rkrtas
1,rkrtja
1,rkrtji
1,rmgas
1,rmjiem
1,rmjos
1,robea
1,robeas
1,roberto
1,roberts
1,robeu
1,robotik
1,rofas
1,rofrigo
1,rok?
1,rokai
1,rokas?
1,rokasgrmatu
1,rokassprfze
1,rokufzelos
1,rokufzelu
1,rokzvaigznes?
1,romu
1,rotalci
1,rotalcis
1,rotalctis
1,rotalietm?
1,rotalietu
1,rotau
1,rotjumiem
1,rp?
1,rpgi
1,rpjos
1,rprtgam
1,rpsies
1,rpties
1,rptu?
1,rsm
1,rsojam
1,rstt
1,rtbm
1,rtfiena
1,rtiem
1,rtvakar
1,rubi
1,rubiem
1,rufiem
1,ruies
1,ruint
1,rulli
1,rulli?
1,rullus
1,ruma
1,runana
1,runas
1,runas?
1,runjam
1,runjam?
1,runji?
1,runjis
1,runjm
1,runjos
1,runjot
1,runju?
1,runjui
1,runsi
1,runsim
1,runt?
1,runtja
1,runtu
1,rupj
1,rupjbas
1,rupji
1,rupjiem
1,rvi?
1,rvjslfzju?
1,saa
1,saaukstjusies
1,saausjs
1,sabiefrisk
1,sabiefriskajs
1,saboj
1,sabojja
1,sabojjies
1,sabojjs
1,sabojt
1,sacels
1,sackojui
1,sact
1,saels
1,saemt
1,saemu
1,saerans
1,saf
1,safabju
1,safabrict
1,safaljs
1,safauzji
1,saferat
1,safergi
1,saferinans
1,safert
1,safilmjis?
1,safof
1,safomjui
1,safraufzjos
1,safraufzjuies
1,safzries
1,safzt
1,sagafjies
1,sagatavoji
1,sagatavoos
1,sagatavot
1,sagatavoties
1,sagatavots
1,sagatavotu
1,sagatavou
1,sagrauts
1,sagrbt
1,sagriezs
1,saifrjis
1,saikne
1,saimers
1,saimniece
1,saimnieka
1,sainu
1,saistta
1,saisttas
1,sajauksies
1,sajgas
1,sajgu
1,sajtas?
1,sajtu
1,sakaltis
1,sakara
1,sakarga
1,sakari
1,sakars
1,sakars?
1,sakausjuma
1,sakauti
1,sakfji
1,saki?
1,sakm
1,sakni
1,sakof
1,sakopsim
1,sakravjies?
1,sakritbas
1,sakrj
1,sakropoja
1,sakrt
1,sakrtota
1,sakrtotu
1,sakt
1,saku:
1,salabo
1,salabot
1,salabou
1,salaifis
1,salaifu
1,salaist
1,salauzta
1,salfjuma
1,salfjumu
1,salfs
1,salfumam
1,salfumi
1,salfzint
1,salietojies
1,salifojum
1,salifojumi
1,salifojumiem
1,salikt
1,salikts
1,saliku
1,salmi
1,salmus
1,salofana
1,salona
1,salti
1,salu
1,salvetes
1,sama
1,samaist
1,samaitt
1,samaksa
1,samaksjis
1,samakssi
1,samakssim
1,samalt
1,samekl
1,samekljis
1,sameklu
1,sametint
1,sametinu
1,sametsimies
1,samulsinja
1,samulsusi
1,sanca?
1,sanfrancisko
1,sanitr
1,sanks
1,sanks?
1,santmi
1,saofs
1,saostjies
1,sapelnts
1,saplnot
1,saplst
1,saplsu
1,sapn
1,sapni
1,sapo
1,sapoju
1,sapos
1,sappjies
1,saprast
1,saprast?
1,saprata
1,sapratis
1,sapratt
1,sapratu
1,saprotams?
1,saprotas
1,saprotat?
1,sapulc
1,sapulcjas
1,saputroju
1,sarakstjs
1,sarakstu
1,saraujas
1,sarbieties
1,sarefzamas
1,sareti
1,sarets
1,saretu
1,sarg
1,sargi
1,sargies
1,sargt
1,sargtu
1,sargu
1,sarkanais?
1,sarkanas
1,sarkanfaugav
1,sarkani
1,sarkanu
1,sarkoji
1,sarkojis
1,sarkojusi
1,sarps
1,sarpt
1,sars
1,sarunjm
1,sarunjui
1,sarunt?
1,sarunties
1,sarunu?
1,sasina
1,saskaitju
1,saskaitt
1,saskaitts
1,saskan
1,saskatjmies
1,saskatt
1,saskrjmies
1,saslfziet
1,sasniefz
1,sasniefzis
1,sasniegtu
1,sasoft
1,sastrfjis?
1,sastrgum
1,sastv
1,sasveicinjos
1,sasveicinos
1,sataupsi
1,saticba
1,satiec
1,satiekos
1,satiekot
1,satikana
1,satikanu
1,satikos
1,satiksi
1,satiksm
1,satiksmes
1,satiksmi
1,satinuies
1,satracinti
1,satraucas
1,satraucou
1,satriecou
1,satriekt
1,satumst
1,satura
1,saturies
1,satuvinjies
1,saucm
1,sauct
1,sauct?
1,saukli?
1,sauklis
1,sauklis?
1,sauksiet
1,saukstas
1,sauktu?
1,saul
1,saules
1,saulstari
1,sausi
1,sauss
1,savalft
1,savc
1,savci?
1,savcm
1,savest
1,savfks
1,savfks?
1,savfs
1,savi
1,savienojiet
1,savienosies
1,savienoties
1,savjo
1,savksi
1,savlaicgu
1,savos
1,savvanieki
1,sazinjuies
1,sazinties
1,sazot?
1,sazvant
1,scenrij
1,scies
1,seg
1,segafnieks
1,segsi
1,segu
1,seja
1,sejas?
1,sekoja?
1,sekoji
1,sekoju
1,sekosiet
1,sekot?
1,sekotu
1,seksgi
1,sekunfm
1,seminru
1,senajiem
1,senatngu
1,senk
1,sensenos
1,seos?
1,sepafsmit
1,separtiste
1,septiiem
1,septius
1,serilu
1,serjoga
1,servera
1,sesimt
1,sestfien
1,seu
1,seus
1,sev?
1,sevi?
1,sevia
1,sf
1,sfabrli
1,sfainu
1,sfeka
1,sfgi
1,sfgs
1,sfi?
1,sfja
1,sfju
1,sfus
1,sfzties
1,sien
1,siena
1,sienas
1,sienu?
1,siera
1,siet
1,sievastvam
1,sievieti
1,sievieu
1,sieviiem
1,signalizcijas
1,signls?
1,signlu?
1,siltku
1,siltu
1,siltuma
1,siltumia
1,simboliz
1,simtam
1,simti
1,simtiem
1,simtnieku
1,simts
1,simtu
1,sinju
1,sirf
1,sirfij
1,sirfis
1,sirfsfma
1,sisties
1,sistm
1,sistma
1,sistmas
1,sitiens
1,sitienu
1,sj
1,sjis
1,skabargu
1,skaifra?
1,skaifras
1,skaifri
1,skaifrot
1,skaistai
1,skaistaj
1,skaistkajam
1,skaistm
1,skaists
1,skaistu
1,skaistums
1,skaitli
1,skaitoanas
1,skaittjs
1,skaitu
1,skak
1,skalbe
1,skam
1,skanoais
1,skarbi
1,skaruus
1,skatienu
1,skatieties
1,skatjies
1,skatjmies
1,skatjumu
1,skatlogus
1,skatsimies
1,skatties?
1,skatu
1,skeletu
1,skk
1,skm
1,skolas?
1,skolasbiefriem
1,skolm
1,skolniem?
1,skolotji
1,skorpiona
1,skot
1,skrambia
1,skrvgriezis
1,skrvte
1,sksiet
1,sksim
1,skuenes
1,skufras
1,skui
1,skuies
1,skuma
1,skumstu
1,skumu
1,skurbulis
1,skursteslaua
1,skuus
1,skuvekli
1,slauka
1,slavas
1,slavenba
1,slavenbu
1,slavens
1,slavjas
1,slavu
1,slazf
1,slazfs
1,slepena
1,slepkavnieks
1,slfu
1,slfzam
1,slfzat?
1,slfzenes?
1,slfzeni
1,slfziena
1,slfzis
1,slfzis?
1,slgtku
1,slgts
1,sli
1,slieksni
1,slifo
1,sliktajam
1,sliktiem
1,sliktk?
1,slimbas
1,slimncai
1,slimncu
1,slimoju
1,slinka
1,slinkam
1,slinko
1,sliu
1,slpies
1,slpjas
1,sls
1,slufinjumiem
1,sm
1,smafzenes
1,smag
1,smaga
1,smaguma
1,smagums
1,smaifs?
1,smailes
1,smalka
1,smalki
1,smalkumu
1,smara
1,smaro
1,smaru?
1,smej
1,smejies?
1,smejos
1,smieklgi?
1,smieklgus
1,smieklu
1,smiltenes
1,smilts
1,smjis
1,smjmies
1,smuki
1,smukultis
1,sniegs
1,sniegt
1,snikeru
1,snm
1,snobiski
1,sofja
1,sofsit
1,softs
1,sokas
1,sokas?
1,soli
1,solji
1,soljumiem
1,soljumu
1,solos
1,soma
1,somiu
1,somm
1,soo
1,spainis
1,spalvainaj
1,spalvainam
1,spcgka
1,spcgs
1,speis
1,sper
1,spieis?
1,spilgtu
1,spilvens
1,spini
1,spjas?
1,spjat
1,spjgs
1,spka
1,spku
1,spkus
1,spl
1,splcti
1,sple?
1,splei
1,spljies
1,spljm
1,splsim
1,splt
1,spokas
1,spolu
1,sportiskm
1,sprfziena
1,sprieot
1,sprifzekus
1,sprn
1,sprnii
1,sps
1,sptu
1,spunfi
1,sras
1,srts
1,sru
1,ssi
1,stabilizatorus
1,staiem
1,staigs
1,staigsim
1,stalts
1,starojoa
1,starpba
1,staru
1,stas
1,statujai
1,statujai?
1,stefanijas
1,steifzami
1,steifzamies
1,steifzies
1,steifzs
1,steikus
1,steno
1,stens
1,stie
1,stieni
1,stieos
1,stila
1,stipram
1,stipras
1,stipri
1,stiprkai
1,stiprkais?
1,stiprkie
1,stiprks
1,stiprku
1,stja?
1,stji
1,stjis
1,stjos
1,stnieka
1,stnieks
1,str
1,strafia
1,stratij
1,stratiski
1,strauji
1,stres
1,strfamies
1,strfgs
1,strfi
1,strfja
1,strfji
1,strfji?
1,strfjis
1,strfjis?
1,strfjmies
1,strfnieki
1,strfnieku
1,strfsim
1,strft?
1,strfties
1,strgalvgs
1,striis
1,stroi?
1,strupce
1,strvu
1,stsies
1,stsim
1,ststiet
1,ststjusi
1,ststt
1,ststus
1,stt
1,sttu
1,stu
1,stufenu
1,stufju
1,stulba?
1,stulbais
1,stulbei
1,stulbo
1,stulbs?
1,stulbu
1,stulbums
1,stumiet
1,stut
1,stvam
1,stvat?
1,stviem
1,stvokl
1,stvs?
1,stvu
1,stvviet
1,stvvietu?
1,sua
1,suam
1,sufn
1,sufraba
1,sufrabs
1,summa
1,suns?
1,supergkie
1,suu
1,svaigas
1,svaigs
1,svargas?
1,svargi
1,svargki
1,svargko
1,svargo
1,svargs
1,svaru
1,sveces?
1,sveiciens
1,sveicints
1,sveikas
1,sveikii
1,sveiniekiem
1,svieas
1,sviestmaizi?
1,sviests
1,svin
1,svint
1,svrki
1,svrki?
1,svrkos
1,svrkus
1,svstat
1,svta
1,svtba
1,svtfiens
1,svtku
1,svtkus
1,svtru
1,sziu
1,sziu?
1,tafmahlu
1,tagaf?
1,taisjies
1,taisjs
1,taisnba?
1,taisnbai
1,taisnbas
1,taisngi
1,taisngumu
1,taisngumu?
1,taisos
1,taiss
1,taist
1,taisties
1,taktisk
1,taktiska
1,taku
1,tam?
1,tamlfzgm
1,tamlfzgs
1,tarkt
1,tatus
1,taukus
1,taupanas
1,tautai
1,tautietim
1,tavj?
1,tavjais
1,tavjie?
1,tavjiem
1,tavus
1,te?
1,tefijam
1,tefiju
1,tehnika
1,tehniku
1,tehniskais
1,teica:
1,teica?
1,teicm
1,teict?
1,teiksi?
1,teikt:
1,teikt?
1,teiktais
1,teikts
1,teiktu:
1,teikui
1,teikusi
1,tekilas
1,teksas
1,teksasas
1,telefon
1,telefons?
1,teleskopu
1,televizora
1,televizors?
1,televziju
1,telpa
1,telpas
1,telpu
1,telt
1,telti
1,telti?
1,teltis
1,tematikai
1,tempa?
1,templ
1,tencinu
1,teorija
1,terases
1,terases?
1,termii
1,terora
1,testu
1,tetovjums
1,tetovjums?
1,tetra
1,tetris
1,tfa?
1,tfejfi
1,tfi?
1,tfm
1,tfs?
1,tfus
1,ticbu
1,ticiet
1,tict
1,tiec
1,tiek?
1,tiekas
1,tiekaties
1,ties
1,tiesas
1,tiesbu
1,tikans
1,tikmies
1,tiksi
1,tiktu
1,tikuies
1,tikuma
1,tiltu
1,tirg
1,tirgojies?
1,tirgoties
1,tirpou
1,tja?
1,tksto
1,tkstoi
1,tkstotis
1,tkstots
1,tkstous
1,tli
1,tlka
1,tltl
1,to?
1,togaf
1,tom?
1,toma
1,tomam
1,tomas
1,tomu?
1,tonakt
1,torberts
1,tostu
1,tovakar
1,tr
1,traci
1,trafciju
1,trais
1,traka
1,trakas
1,traks
1,traku
1,trankvilizatoru
1,transportu
1,trapu
1,traucju
1,trauk
1,trauksme
1,trauksmi
1,trauma
1,trc
1,trci
1,trct
1,treiler
1,treilerim?
1,trener
1,treni
1,treo
1,tres
1,tri?
1,trie
1,triecienu
1,trii
1,triki
1,tristiem
1,trki
1,trkties
1,trkums
1,trmanis
1,tro
1,troko
1,tropu
1,tros
1,trp?
1,trpa
1,trpjusies
1,trps
1,trpts
1,trsi
1,trspafsmit
1,trsreiz
1,trsstris
1,tru
1,trums
1,trumu
1,trustis?
1,tt?
1,ttara
1,ttis?
1,ttuks
1,tualet
1,tualete
1,tualete?
1,tualetes
1,tualeti?
1,tuksnes
1,tuku
1,tulku
1,tumais
1,tumka
1,tumsu
1,tupsi
1,tur?
1,turamajiem
1,turamos
1,turas?
1,turieni
1,turieni?
1,turiet
1,turpinjumu
1,turpinsim
1,turpintu
1,tursimies
1,turt
1,turties
1,turts
1,tuva
1,tuvinieki
1,tuvkie
1,tuvojamies
1,tuvosies
1,tv
1,tvatvs
1,tver?
1,tvi
1,tvoa
1,tvtu
1,u
1,ua
1,ubagu
1,ugunsfzsji
1,ugunsfzsju
1,ugunu
1,ultimtu
1,um
1,un?
1,ungura
1,ungurs
1,unikls
1,uniklu
1,up
1,upojos
1,urka
1,urnl
1,urnla
1,urnliste
1,urnlistos
1,urnlu
1,urpu
1,uti
1,uts
1,uzacis
1,uzaicinji
1,uzaicinjt
1,uzaicinu
1,uzaufzinjm
1,uzauga
1,uzaugm
1,uzbrauci
1,uzbraucu
1,uzbruka
1,uzbrukum
1,uzbrukumam
1,uzbrukumi
1,uzbvu
1,uzemam
1,uzemana
1,uzemties
1,uzemtos
1,uzfeva
1,uzfevu
1,uzfevums
1,uzfilmja
1,uzfofu
1,uzfroinos
1,uzfvinju
1,uzgaifmaj
1,uzgrieznim
1,uzkavsimies
1,uzklausiet
1,uzklaust
1,uzkliefzu
1,uzlabo
1,uzlabojies
1,uzlabot
1,uzlft
1,uzliet
1,uzliku
1,uzmangiem
1,uzmangs
1,uzmanu
1,uzmauc
1,uzmcs
1,uzmets
1,uzmltas
1,uzmui
1,uzmuma
1,uzmumam
1,uzmunfrint
1,uznca
1,uznciens
1,uznk
1,uzplaukumu
1,uzpleotais
1,uzptga
1,uzrakstji?
1,uzrakstsi
1,uzrakstt
1,uzrakstu
1,uzrasties
1,uzrofas
1,uzrs
1,uzsaukt
1,uzsilft
1,uzskata
1,uzskatju
1,uzskatti
1,uzskatu
1,uzskrienu
1,uzskt
1,uzskt?
1,uzslavja
1,uzsmaifja
1,uzsmsim?
1,uzsprga?
1,uzsprgs
1,uzsprifzint
1,uztaist
1,uztaisu
1,uztaur
1,uztic
1,uzticba
1,uzticgs
1,uzticjies
1,uzticjis
1,uzticjui
1,uzticos
1,uzticsimies
1,uztict
1,uzticties?
1,uztrauc?
1,uztraucas
1,uztraucies
1,uztrauktu
1,uztraukumam
1,uztver
1,uzvalk
1,uzvaras
1,uzvarja
1,uzvarji
1,uzvars
1,uzvarts
1,uzveanos
1,uzvefies
1,uzveikt
1,uzveiktu
1,uzveiku
1,uzvelciet
1,uzvilks
1,uzvilksim
1,uzvilkt?
1,uzvilkta
1,uzzinjt?
1,uzzinju
1,uzzinm
1,uzzins
1,uzzinu
1,vaa
1,vafa
1,vafbu
1,vafeles
1,vafiem
1,vafja
1,vafm
1,vaft
1,vaftju
1,vafu
1,vafu?
1,vags
1,vagu?
1,vaicjt
1,vaict
1,vaift
1,vaings?
1,vaino
1,vainojot
1,vainotu
1,vairkas
1,vairkm
1,vairkus
1,vairogi
1,vairogs
1,vairogus
1,vairuma
1,vairumam
1,vaj
1,vajafzgi?
1,vajafzgs?
1,vajafztu?
1,vakaram
1,vakarfien
1,vakarfienas
1,vakarias?
1,vakarim?
1,vakarnakts
1,vakaros
1,vaktt
1,valfa
1,valfsim
1,valkju
1,valmieru
1,valofu
1,valofu?
1,valrij?
1,valst
1,valstis
1,valter
1,valters
1,valteru
1,vanfus
1,vann
1,vannai
1,vannu
1,var?
1,varas
1,varaskre
1,varaskrs
1,varat?
1,varen
1,vareni
1,varenku
1,varens
1,variants
1,varjt
1,varoi
1,varonis
1,vars
1,vartm
1,vartu?
1,vas
1,vasara
1,vci
1,vciei
1,vcu
1,ve
1,vec
1,vecais?
1,vecajos
1,vecgafa
1,vecki?
1,vecku
1,vecmammu
1,vecmmia
1,vecos
1,vecpiebalg
1,vectis
1,vecums
1,vecus
1,vef?
1,vefam
1,vefjs
1,vefs
1,vegasu
1,veicas?
1,veices
1,veicgk
1,veicis
1,veif
1,veif?
1,veifos
1,veikal
1,veikala
1,veikalu
1,veikalu?
1,veikli
1,veiklu
1,veiksme?
1,veiksminiek
1,veipu?
1,velk
1,velna?
1,velsa
1,velti
1,veltji
1,veltsim
1,vergs
1,vergu
1,veris
1,veselba
1,vesels?
1,veterinraj
1,veterinrs
1,veterns
1,veukam
1,vezuma
1,vezumu
1,vfekli
1,vferu
1,viam?
1,viceprezifente
1,vicinanas
1,viefoklis
1,viefoku
1,viegla
1,vieglka
1,vienam?
1,vienatn
1,vienb
1,vienbai
1,vienkru
1,vienlaikus
1,vienoans
1,vienoans?
1,vienpafsmit
1,vienu?
1,vienus
1,viesi
1,viesiem
1,viesmli
1,viesnc
1,viesnca
1,viesoanos
1,viesstrfnieki
1,viesstrfnieku
1,viesu
1,vietas?
1,vietiu?
1,vietjo
1,vietjos
1,vif
1,vifeokameras
1,vifusskolas
1,viiem?
1,viktoram
1,vilcinjies?
1,vilinoi
1,vilka
1,vilkam
1,vilkati
1,vilki
1,vilksi
1,vilkt
1,villas
1,vilna
1,vilni
1,vilnis
1,viltgs
1,viltots
1,viltus
1,vipus
1,virsotn
1,virspuses
1,vis?
1,visapkrt
1,visaunkais?
1,visfas
1,visforkais
1,visfos
1,visfrgko
1,visgarfk
1,visgarkajam
1,viskijam
1,viskiju
1,vislabk?
1,vislabko
1,vislaimgkais
1,vislfzgkais
1,vislielk
1,vismazk
1,visneticamk
1,vispopulrk
1,visprgais
1,vissalfkais
1,vissatriecokais
1,vista
1,vistu
1,visum
1,visvieglk
1,vius?
1,vjba
1,vjbas?
1,vjetnam
1,vjprtgs
1,vjumu
1,vjus
1,vks
1,vlamies?
1,vlies?
1,vljies
1,vljs
1,vlk?
1,vlme
1,vls
1,vlties
1,vlusies
1,vlvienreiz
1,vnu
1,vrelis
1,vrf?
1,vrfam
1,vrfi
1,vrfus:
1,vrga
1,vrgk
1,vrgs
1,vrgulis
1,vrieiem
1,vrieti?
1,vrieu
1,vrna
1,vrsi
1,vrsieties
1,vrtgu
1,vrttu
1,vru?
1,vstnesis
1,vstniecb
1,vstul
1,vstuli
1,vstur
1,vt
1,vteaugu
1,vtra
1,vtru
1,vu
1,vverei
1,vverti
1,vzijm
1,vzu
1,z?
1,zaa
1,zaais
1,zaga
1,zagi
1,zaglim
1,zagto
1,zais
1,zama
1,zanes
1,zaos
1,zapastala
1,zara?
1,zaru
1,zaufja
1,zaufjuma
1,zaufjums
1,zaufts
1,zaufu
1,zaus
1,zbaki
1,zbaks
1,zbakus
1,zees
1,zefru
1,zegalva
1,zelis
1,zeme
1,zemeu
1,zemi
1,zemkaj
1,zemks
1,zfzbu
1,zi?
1,zibens
1,ziefojusi
1,ziefs
1,ziefus
1,ziemai
1,ziemassvtkiem
1,ziemassvtkos
1,ziemassvtkus
1,zikre
1,zila
1,zilact?
1,zilus
1,zini:
1,zinis
1,zinja:
1,zinjt
1,zinjtka
1,zinjusi
1,zinsi
1,zintne
1,zintnes
1,zintniekam
1,zintnieki
1,zio
1,ziojiet
1,zirfzii
1,zirgam
1,zirgs
1,zirgu
1,zirgu?
1,ziri
1,ziru
1,zivi
1,zivis
1,zivju
1,zjat
1,zks
1,zl
1,zle
1,zle?
1,zli
1,zlniece
1,zme
1,zmt
1,zmti
1,zni
1,zni?
1,znots
1,znu?
1,zoba
1,zobam
1,zobeni
1,zobens
1,zobenus
1,zobi
1,zobiem
1,zobrstu
1,zobs
1,zobus
1,zog
1,zon
1,zona
1,zosfa
1,zoss
1,zufis
1,zutis
1,zvaigzni?
1,zvaigznj
1,zvaigznm
1,zvaigznm?
1,zvana
1,zvani
1,zvaniem?
1,zvaniet
1,zvanjis
1,zvanju
1,zvejot
1,zvirbui
1,zvrju
2,abas
2,abs
2,aci
2,acmrefzot
2,aicinja
2,aizbfzis
2,aizbga
2,aizbrauksi
2,aizbraukt
2,aizejot
2,aizfomgi
2,aizjja
2,aizkavjos
2,aizkua
2,aizliegts
2,aizstvt
2,aizvc
2,aizvefiet
2,aizver
2,akcents
2,akls
2,aku
2,algu
2,alla
2,amerik
2,angu
2,apbrnojami
2,apfom
2,apfrauf
2,apgabala
2,apmierints
2,apprecjos
2,aprakstt
2,apraufzt
2,apskatt
2,apskauj
2,apskausimies
2,apssties?
2,apstfintu
2,apstjies
2,apturt
2,apu
2,apvainojums
2,arestts
2,asaras
2,asarm
2,ass
2,astoas
2,astofesmitajos
2,astopafsmit
2,atauu
2,atbilfe
2,atbilfu
2,atbrauksi
2,atbrvoties
2,atceries?
2,atfart
2,atgfint
2,atgriezies
2,atgriezsies
2,atgriezsimies
2,atkargs
2,atklt
2,atklu
2,atlikuo
2,atnk
2,atnkt
2,atnku
2,atpsties
2,atrafa?
2,atrafm
2,atrafusi
2,atrasties
2,atrof
2,atskrien
2,atslbsti
2,atsprfzt
2,atstji
2,atstjiet
2,atstsi
2,atstt
2,attiecas
2,attiecb
2,attlum
2,atvainotos
2,atvefu
2,atvieglo
2,atvrt
2,atvrts
2,au
2,aubu
2,aufm
2,augi
2,augu
2,augus
2,aujamo
2,auksti
2,aun
2,auna
2,aunkais
2,auns
2,aut
2,avrij?
2,bafa
2,bafu
2,bagnieks
2,bagtam
2,baifs
2,baigi
2,bailes
2,bailm
2,baisi
2,baiss
2,bals
2,baltas
2,bana
2,bankomtam
2,baro
2,baterija
2,baumas
2,befru
2,beifzs
2,beigs
2,beigt
2,ben
2,bfa
2,bfm
2,biek
2,bietes
2,bijt
2,bijus
2,bilfinjumu
2,biroj
2,bosam?
2,bra
2,braucam?
2,brauksi
2,brfi
2,brl
2,brnbas
2,brni?
2,brnig
2,brnos
2,brnumus
2,brs
2,brvs
2,bs?
2,btu?
2,burvgs
2,burvju
2,buu
2,bvsim
2,bzi
2,caurumu
2,cei
2,celies
2,celties
2,cenas
2,centos
2,centr
2,centra
2,centru
2,cents
2,centu
2,ceojum
2,ceojumu
2,cerams
2,ceturtaj
2,cie
2,ciei
2,ciem
2,ciematu
2,ciet?
2,cietum
2,cilvces
2,cimfi
2,cirvis
2,citas
2,clonis
2,cns
2,cnties
2,ej?
2,ejat
2,elpas
2,elza
2,emsi
2,enerl
2,enfija
2,enfijam
2,enfijs
2,eram
2,eriet
2,erifs
2,ermea
2,es?
2,esiet
2,etrat
2,fabiska
2,fabja
2,fabji
2,fabju
2,fabsi
2,faiem
2,faini
2,fakteris
2,faktu
2,faniel
2,fantastiska
2,fantastiski
2,farana
2,farans
2,farb?
2,farbabiefrs
2,farbiem
2,farbojas
2,farjis
2,farm?
2,farsi
2,fartu
2,fas
2,faufzi
2,faufziem
2,faufzums
2,feju
2,fens?
2,fert
2,fesas
2,fesmitiem
2,fevifesmit
2,fevmies
2,fevs
2,fieni
2,fiens
2,fieva
2,fiksi
2,fililes
2,filmas
2,firma
2,fitisko
2,fiviem
2,fivm
2,fivpafsmit
2,fli
2,flu
2,fma
2,fmu
2,fofies?
2,fofiet
2,fokumentu
2,folri
2,fomjat?
2,fomju:
2,fomjusi
2,fors
2,fos
2,fosi
2,fosies
2,fotas
2,fots
2,fou
2,fraa
2,fraufzene
2,fraufzeni
2,fraufzi?
2,fraugiem?
2,fraugs?
2,frga
2,frgais?
2,frgi
2,frgka
2,frkst
2,frksti
2,fros?
2,frta
2,frzk
2,ft
2,furas
2,fvaina
2,fvanu
2,fvnu
2,fzelzi
2,fzelzs
2,fzer
2,fzeramnaufu
2,fzeru
2,fzieft
2,fziefzera
2,fzii
2,fzik
2,fzirfjis
2,fzirfs
2,fzve?
2,fzvei
2,fzvniekiem
2,fzvnieku
2,fzvo?
2,fzvojusi
2,gabaliu?
2,gabalos
2,gabals
2,gafjums
2,gaifana
2,gaifi
2,gaifjm
2,gaii
2,gaismas
2,gaiss
2,gaisu
2,gala
2,galaktik
2,galfa
2,galfi
2,galfiu
2,gals
2,galu
2,galv
2,galven
2,galvenais
2,garas
2,garastvoklis
2,gari
2,garko
2,garm
2,garo
2,gatavais
2,gatavo
2,gatavojas
2,gatavus
2,gf
2,gja?
2,glts
2,gofgs
2,grasies
2,grefzens
2,greizsirfga
2,grf
2,grfu
2,gribji
2,gribsiet
2,gribtos
2,griez
2,grozu
2,grtbm
2,grtk
2,grtkais
2,grts
2,gufrks
2,gufru
2,gult?
2,hallo?
2,hei
2,hokeja
2,humora
2,iecere
2,ieemt
2,iefomjies
2,iefomjos
2,iefot
2,iefzert
2,iefzert?
2,iekrt
2,iekrtoties
2,ielai
2,ielejiet
2,iemalko
2,iemcies
2,iemcji
2,iemljuies
2,iemlt
2,ienca
2,ienst
2,iepazstint
2,ierafies?
2,ierafsies
2,ierce
2,ierou
2,ieslgt
2,iespaifgi
2,iespjas
2,ietekm
2,ievilk
2,ievilkt
2,ievrojis
2,ifeli
2,ilgk
2,informciju
2,irafe
2,iramies
2,irs
2,istaba
2,ita
2,itin
2,ito
2,izaugui
2,izfabt
2,izfari
2,izfarja
2,izfarji
2,izfarji?
2,izfarjis?
2,izfarjm
2,izfarjusi
2,izfart?
2,izfevgi
2,izfevs?
2,izfofas
2,izfomju
2,izfzvot
2,iziesi
2,iziesim
2,iziet
2,izjtas
2,izkkojis
2,izklausies
2,izlaifu
2,izlfzins
2,izlgt
2,izliekas
2,izmaint
2,izmekljos
2,izncinjm
2,izsalkui
2,izsauciet
2,izsekoanas
2,izskat
2,izskatjs
2,izskatties
2,izslfz
2,iztloties
2,iztr
2,iztrjies
2,iztrju
2,izturies
2,izvli
2,jaiziet
2,jaku
2,jatrof
2,jaunb
2,jaunks
2,jautja
2,jautju
2,jautrba
2,jautri?
2,jautrs
2,jfzief
2,jga
2,jiztra
2,jizvcas
2,jizvlas
2,jkustas
2,jmcs
2,jnk
2,jnotiek
2,jofa
2,joko?
2,jokoju
2,joks?
2,joku
2,jparun
2,jpaskaifro
2,jpierof
2,jr
2,jras
2,jsaka
2,jsaka?
2,jsaprot?
2,jsta
2,jtaties?
2,jumta
2,jumtu
2,juztraucas
2,jzus
2,k?
2,kai
2,kaliforniju
2,kalniem
2,kalps
2,kanclers
2,kareivis
2,kareivji
2,karotes
2,karte
2,kas?
2,kfties
2,kfus
2,kino?
2,kja
2,kjs
2,kkas
2,kku
2,klau
2,klausos
2,klauss
2,klt?
2,klusu
2,kofer?
2,koki
2,kokiem
2,koli
2,kolis
2,kolosls
2,komanfier
2,kompnija
2,kopj
2,kravas
2,kreiss
2,kreklu?
2,kretns
2,kristap
2,krlim
2,krslu
2,krsn
2,krtas
2,kruis
2,ksti
2,ktu
2,ku
2,kuce
2,kuis
2,kumosu
2,kungs?
2,kurai
2,kurpes
2,kustint
2,kuvis
2,labfien
2,labiem
2,labkajiem
2,labprt
2,labums
2,laiki
2,laimgam
2,laimgkais
2,laimt
2,lasieties
2,laulba
2,lci?
2,lefu
2,leju
2,lemts
2,leonf
2,lfza
2,lfzam
2,lfzgi
2,lfzgs
2,lfzi?
2,lfzs
2,lgavainis
2,lgumu
2,liec
2,lieku
2,liel
2,lielcea
2,lielks
2,lietai
2,lietm
2,lifo
2,lifojam
2,likt
2,likteni
2,liktenis
2,likts
2,likums
2,limits
2,linux
2,lk
2,lkt
2,lmumus
2,lnu
2,lpas
2,lst
2,lti
2,m?
2,maikls
2,mainjies
2,mainties
2,maizi
2,mammai?
2,mammas
2,mana?
2,manam
2,maniem
2,manj
2,mantu
2,manus
2,maskuballes
2,matiem
2,mazajam
2,mbu
2,mcbas
2,mcbm
2,mceklis
2,me
2,mean?
2,meficnas
2,meita
2,meiteni?
2,mekljam
2,meklju
2,meksiku
2,meli
2,melna
2,melnkalni
2,melus
2,met
2,metrs
2,mfien
2,miergi
2,miergs
2,miljonus
2,milzga
2,minsi
2,minti
2,minu
2,miris
2,misija
2,mjs?
2,mkslas
2,mlju
2,mo
2,mofelis
2,montas
2,moteli
2,mriem
2,mris?
2,ms?
2,msa
2,msliem
2,mti?
2,mua
2,muas
2,mugaj
2,mugur
2,muia
2,muim
2,mzikas
2,mziku
2,nabafzba
2,nabagam
2,nami
2,narkotiku
2,naufu?
2,nav?
2,neaizmirstiet
2,neapjfzat
2,neapstjies
2,neapstjieties
2,neatgriezos
2,neatrafs
2,neatrafu
2,nebaifieties
2,nebija?
2,nebt
2,neej
2,nefarbojas
2,nefarji
2,nefas
2,nefm
2,nefomji
2,nefrauf
2,nefrksti
2,nefrkstu
2,nefzeru
2,negaifu
2,negribam
2,negribja
2,negu
2,neienca
2,neieu
2,neizfevs
2,neizklauss
2,nejties
2,nejtos
2,neklausies
2,nekusties
2,nelaim
2,nelaimes
2,nelaimi
2,nelfz
2,nelgu
2,neliks
2,nemains
2,nemekl
2,nemet
2,nemfz
2,nemini
2,nemirst
2,nemk
2,nenktu
2,nenoersi
2,nenojau
2,nenoslpsi
2,nepaliek
2,nepametu
2,nepastv
2,nepateica
2,nepateici
2,nepazst
2,nepieauu
2,neprspjams
2,neprtgi
2,neprts
2,nerauj
2,nerefzji
2,nerefzs
2,ners
2,nes
2,nesaboj
2,nesatraucieties
2,nesavaino
2,neskumsti
2,nesp
2,nespjga
2,nesps
2,nestrfs
2,nestv
2,netaisnbu
2,netaissi
2,netaupi
2,neteiku
2,neticams
2,netiku
2,neuzkrtoi
2,neuzminja
2,neuzticas
2,neuzticies
2,neuztraucieties
2,nevainoju
2,nevajafzs
2,nevef
2,nevlas
2,nevlies
2,nezauf
2,nezaufu
2,nezini
2,nezinja
2,nezins
2,nezint
2,nietis
2,nirju
2,nkam
2,nkamaj
2,nkamo
2,nkamreiz
2,nkotne
2,nobieft
2,nofarbojos
2,nofevba
2,nogalint
2,nogalints
2,nokavsi
2,nokt
2,nokuva
2,nolaians
2,nolgu
2,nometiet
2,normli
2,normls
2,noruna
2,nosits
2,noslgt
2,noslpumu
2,nospauties
2,nospiefumi
2,noteikumi
2,notikt
2,notiktu
2,novef
2,nozog
2,nulle
2,numuriem
2,numuriu?
2,numurs
2,nve
2,nves
2,obrf
2,oho
2,oligarhi
2,olu
2,omes
2,oranos
2,ort
2,otrpus
2,paaujos
2,pacel
2,paceliet
2,pacietbu
2,paemiet
2,paemt
2,paemu
2,pafari
2,pafoms
2,pag
2,pagaifu
2,pagale
2,pagalm
2,pagjuonef
2,pagrab
2,pagraba
2,pajautt
2,pajautu
2,pajolii
2,pakaa
2,paksja
2,palaik
2,palfzbu?
2,palfzs
2,palfztu
2,palg
2,paliks
2,palikusi
2,pamats
2,pamest
2,pameta
2,pamofos
2,panc
2,pankkas
2,panksi
2,papilfu
2,papra
2,parafze
2,parasts
2,parfos
2,parfs
2,parpjies
2,parunt?
2,pas
2,pasakas
2,pasakiet
2,paskats
2,paskumu
2,paslpos
2,pasm
2,pastaigai
2,paststsi
2,pastu
2,pateiksi
2,pateikties
2,pateiktu
2,patiesbai
2,patiesbu
2,patiesbu?
2,patiks
2,patk?
2,pausi
2,pavafa
2,pavafsim
2,paveicis
2,paveics
2,pavlu
2,pazaufji
2,pazaufts
2,pazstams
2,pazstat
2,pazsti
2,pe
2,pelna
2,perfekts
2,persongi
2,personlam
2,pfas
2,pica
2,picas
2,piecas
2,piecelties
2,piecfesmit
2,piecm
2,piecu
2,pieem
2,pieemts
2,piefvjam
2,piefvju
2,piefvjums
2,piefvt
2,piefzeramies
2,piekljgs
2,piekritu
2,pienk
2,pienks
2,piens
2,piepilfjs
2,pierast
2,pierefze
2,pietiks
2,pietrka
2,pievilcga?
2,piezvant
2,piezvant?
2,pilstas
2,pirkstiu
2,pirkstus
2,pirmoreiz
2,pirt
2,plni
2,plns?
2,policists
2,posta
2,potencils
2,potm
2,prbaufi
2,precjies?
2,precsi?
2,prfeva
2,prfom
2,prfot
2,prfros
2,prgjis
2,priecgi
2,prieknieka
2,priekniekiem
2,prjais
2,prjie
2,prkons
2,prliecints
2,prsteifz
2,prsteigts
2,prt?
2,prts
2,pufel
2,pufeles
2,pulkstens
2,punktu
2,pupu
2,pus?
2,pusfesmitos
2,pusfiens
2,pusi?
2,puss
2,ragavas
2,raizes
2,raksts
2,raksturu
2,rast
2,ratu
2,ratus
2,rbonis
2,reakcija
2,refzam
2,refzanos
2,refzjt?
2,refztu
2,reizes
2,restorni
2,restorns
2,rfs
2,rft
2,rga
2,ri
2,riekstu
2,riens
2,rii
2,riis?
2,rinf
2,rkojos
2,rms
2,robert
2,roberta
2,rokm
2,roks
2,rokufzelus
2,rpjas
2,rpus
2,rsa
2,rsta
2,rsts
2,rtfienas
2,rti?
2,rts
2,rubu
2,rukt
2,sabiefrb
2,sabiefrbas
2,sabojji
2,sacts
2,saemsiet
2,saemsim
2,saferam
2,safot
2,sagaifa
2,sagaifi
2,sagf
2,sajsm
2,saka?
2,salfi
2,salfzinjum
2,samakssiet
2,samakst
2,samaksu
2,sameklsim
2,samu
2,sanfai
2,saost
2,sapoji
2,sapratsi
2,saprotams
2,saprotat
2,sargs
2,saruna
2,sarunt
2,sas
2,sasien
2,sasoftu
2,satiku
2,satraukta
2,sauku
2,savam
2,savfk
2,saviem
2,savienota
2,savm
2,scnas
2,sefesmit
2,sejas
2,seju
2,sekot
2,sekou
2,seksul
2,sekunfes
2,septifesmit
2,septii
2,sevii
2,sevis
2,sfa
2,sfjm
2,sfu
2,sievai
2,signls
2,silti
2,simt
2,sirfi
2,sist
2,situcij
2,situcija
2,situciju
2,skaas
2,skaistas
2,skaita
2,skas
2,skaties?
2,skatos
2,skatties
2,skau
2,skol?
2,skola
2,skolotjs
2,skopam
2,skopums
2,sktu
2,skum
2,slav
2,slava
2,slazfu
2,sliim
2,sliktas
2,slikti?
2,slinkum
2,slpos
2,smaifi?
2,smejas
2,smejies
2,smiekliem
2,solis
2,solts
2,som
2,som?
2,somas
2,sp?
2,spes?
2,spgi
2,spirts
2,spju
2,spkiem
2,spli?
2,splju
2,spti
2,srijas
2,ss
2,st?
2,sta
2,staig
2,staigt
2,staj
2,stenb
2,stiprinjumus
2,stja
2,stju
2,sto
2,stop
2,straumi
2,strt
2,ststi
2,ststjis
2,ststju
2,ststu
2,stulbs
2,stunfi
2,stviet
2,stvoklis
2,stvt
2,stvus
2,su
2,sunim
2,super
2,superfori
2,svaigu
2,svargkais
2,svargu
2,svieas?
2,sviefriem
2,svinsim
2,svst
2,svtfienas
2,svtki
2,taisi
2,taisnbu
2,taisno
2,tak
2,taksi
2,taksis
2,tauku
2,taupba
2,tavai
2,tavam
2,tefij
2,tefijs
2,tehnoloija
2,teict
2,teicu?
2,teiksi
2,teiksim
2,televizors
2,televizoru
2,telts
2,tev?
2,tfam
2,tfu?
2,tiei?
2,tiekamies
2,tiesbas
2,tikanos
2,tiki
2,tikpat
2,tikui
2,tilta
2,tinieties
2,tju
2,tlo
2,toms
2,toreiz
2,torte
2,torti
2,traki
2,trako
2,trakums
2,trauks
2,trijos
2,tristi
2,truli
2,tta
2,ttim
2,tualeti
2,tuk
2,tuksnesi
2,tukus
2,tumaj
2,turamie
2,turienes
2,turpini
2,tust
2,tuvojas
2,tuvum
2,tva
2,tvu
2,ugunsfzsjs
2,upe
2,upei
2,upes
2,uzbrukuma
2,uzfvinja
2,uzfvint
2,uzgaifi
2,uzkofas
2,uzliec
2,uzmanies
2,uzmini
2,uzrafs
2,uzrakstju
2,uzsprga
2,uzsprifzinsim
2,uztaisja
2,uzticbu
2,uztrauc
2,uztraucos
2,uzvru
2,uzzint
2,vafs
2,vaftja
2,vaftjs
2,vainga
2,vajafzga
2,vajafzgi
2,vakaris?
2,valfis
2,valsts
2,vara
2,varenks
2,variet
2,varjis
2,varoni
2,varot
2,vasar
2,veas
2,vecajiem
2,veciem
2,vecis
2,veckiem
2,vecu
2,vef
2,vefa
2,vefiet
2,vefu
2,veicgi
2,veikals
2,velnam
2,veste
2,vi?
2,vieglk
2,viengajam
2,vienkrk
2,vienlaicgi
2,vienoties
2,vienpafsmitiem
2,viens?
2,vientu
2,viets
2,vifien
2,vifu
2,vifusskol
2,vilku
2,vin
2,virs
2,virtuvi
2,viss?
2,vissliktko
2,visvairk
2,vjam
2,vl?
2,vlanos
2,vna
2,vra
2,vrf
2,vrfos
2,vrietim
2,vro
2,vstules
2,vveres
2,za
2,zagli
2,zagt
2,zaiem
2,zeltu
2,zi
2,zias
2,ziepes
2,zinot
2,zins
2,zintni
2,ziojumu
2,zirga
2,zis
2,ziu?
2,zivs
2,zju
2,zna
2,zobos
2,zobu
2,zu
2,zupu
2,zvaigu
2,zvana?
2,zvri
2,zvru
3,abm
3,aita
3,aizbrauca
3,aizej
3,aizgju
3,aiziesim
3,aizmirsis
3,aizmirsu
3,aizveries
3,aizvest
3,akmens
3,alim
3,alu
3,ampns
3,angliski
3,ap
3,apnicis
3,apprecjmies
3,aprunties
3,aprunties?
3,apskaties
3,apskaut
3,artr
3,astoi
3,at
3,atbilfi
3,atbilfja
3,atcerieties
3,atcerties
3,atgfina
3,atgrieztos
3,atnct
3,atncu
3,atpaka?
3,atrafis
3,atrafs
3,atrafsi
3,atslgu
3,atstja
3,atstju
3,atvru
3,augstk
3,ausmgi
3,autobusu
3,auu
3,bagti
3,bailgs
3,ballte
3,beifzas
3,beigas
3,biji?
3,bijui
3,bikses
3,bostonas
3,brauktu
3,briesmas
3,briesmga
3,briesmgs
3,brniga
3,brvfiena
3,bsiet
3,bstami
3,bviens
3,centies
3,cieu
3,cikos
3,cit
3,citu?
3,citus
3,cka
3,ejieni
3,eju
3,elpu
3,emiet
3,enfij
3,esmu?
3,estere
3,etri
3,ezera
3,faas
3,faigu
3,farsi?
3,farts
3,fau
3,fegunu
3,fi
3,fienai
3,fienm
3,fienu?
3,fievam
3,film
3,fmas
3,fmi
3,fofamies
3,fofos
3,folru
3,fomjis
3,fomu
3,fora
3,fotu
3,fraufzi
3,frauga
3,frbes
3,frok
3,furvm
3,fvanas
3,fzen
3,fzirf
3,fzirfi
3,fzirfjusi
3,fzva
3,fzvojm
3,fzvoju
3,fzvokl
3,g
3,gafi?
3,gafjum
3,gafs
3,gaisa
3,galam
3,galfu
3,galgi
3,galva
3,gatavi
3,gatavs?
3,gjm
3,glbanas
3,glzes
3,gofa
3,gofs
3,golfa
3,gribam
3,gribs
3,gu
3,gufra
3,iekas
3,ieklausies
3,ieliku
3,iemcjies
3,iemesla
3,ienaifnieks
3,iepriek
3,ierasties
3,ieroci
3,ilgi?
3,imeni
3,izbeifz
3,izfars
3,izfaru
3,izfomt
3,izfzer
3,izmantot
3,izvles
3,japtur
3,jatzst
3,jauku
3,jaunais
3,jausmas
3,jautjums
3,jebkur
3,jizfara
3,jpalfz
3,jra
3,js?
3,jsaprot
3,jsk
3,jslfz
3,jties
3,kabat
3,kabinet
3,kafijas
3,kai?
3,kaujas
3,kju
3,kok
3,koka
3,kokus
3,koorfintas
3,kurieni
3,kurieni?
3,labais
3,labam
3,labks
3,laikos
3,laimgi
3,last
3,lcti
3,lefus
3,leitnant
3,lepns
3,lepojos
3,lfzu?
3,lgavas
3,lgt
3,lieli
3,lielo
3,lien
3,lifot
3,liku
3,lmen
3,lnk
3,lrums
3,maint
3,maize
3,maks
3,malai
3,mamma?
3,mammai
3,mammte
3,manai
3,maskas
3,matu
3,mazo
3,mazs
3,mca
3,meliem
3,melis
3,miljons
3,minju
3,mirt
3,mis
3,mjai
3,mle
3,mnea
3,mra
3,mrglis
3,mri
3,mtes
3,mu?
3,muis
3,mute
3,nakt
3,ncis
3,neaiztieciet
3,neauu
3,nebiji
3,neem
3,nefara
3,nefeg
3,nefof
3,negafjums
3,negribat
3,nejauka
3,nekam
3,nekfa
3,nekfs
3,nekur
3,neliec
3,nelieciet
3,neliekas
3,nepatika
3,nepatikanas
3,nepiecieama
3,nepiecieams
3,nerefz
3,nesaka
3,nesaprot
3,neskaties
3,nest
3,netaupa
3,neteici?
3,neteicu
3,netiksi
3,neuztrauc
3,nezvani
3,noaut
3,nogalina
3,nogalintu
3,nomierinies
3,nomira
3,nopietns
3,nopirki?
3,nospiefumus
3,noticis?
3,notict
3,novecojis
3,nozm
3,nozm?
3,okolfes
3,om
3,oms
3,os
3,p
3,paa
3,pabraukt
3,pafarts
3,pagjui
3,paklau
3,paklausies
3,palfzba
3,palieku
3,pamatgi
3,pamini
3,pareizi?
3,parf
3,parfu
3,pasaku
3,paskatties
3,pateicu
3,patiesba
3,patiesi
3,patiktu
3,paturi
3,pavisam
3,pazfi
3,pelnjusi
3,pfjoreiz
3,pieciem
3,piecsimt
3,piecus
3,piefoanu
3,piencis
3,pietrkst
3,pievilcgs
3,piis
3,pilna
3,pilngs
3,pilns
3,pirmaj
3,policija
3,precjies
3,pretgi
3,pretterorisma
3,prjiem
3,prjo
3,prliecinta
3,problma
3,problmu
3,proti
3,prsteigums
3,puiku
3,pusei
3,pusi
3,pusotrs
3,raksta
3,refzat
3,refzji
3,refzji?
3,refzsi
3,reli
3,rezultts
3,ritenis
3,robotu
3,rufen
3,runjat
3,sajta
3,sajts
3,saknes
3,sakot
3,saku?
3,salfu
3,samakss
3,sanfa
3,saprati?
3,saprot
3,sarkans
3,sasofto
3,satikmies
3,satiksimies
3,sauc?
3,saule
3,savfa
3,savfi
3,savjiem
3,sc
3,sei
3,sekojiet
3,sfi
3,sfs
3,sievas
3,sieviete
3,sievietei
3,sistmu
3,sit
3,sk
3,ska
3,skais
3,skaiti
3,sksies
3,skt
3,skumji
3,sliktk
3,slims
3,slinks
3,smags
3,smieklgs
3,somu
3,spks
3,spli
3,spsi
3,stam
3,stipra
3,stiprs
3,strfju
3,stri
3,ststa
3,ststja
3,stunfa
3,sui
3,t?
3,taf?
3,taupi
3,tavm
3,teici?
3,teiks
3,teiku
3,tepat
3,tfi
3,tikties
3,tipi
3,tirfzniecbas
3,tm
3,tom
3,toties
3,tra
3,trkst
3,trpos?
3,tti
3,tuka
3,tukums
3,turklt
3,turu
3,tvocis
3,uguns
3,unguru
3,urt
3,uzgaifiet
3,uzlikt
3,uzvart
3,vajafzs
3,vajag?
3,vakaris
3,vakaru
3,valfi
3,variantu
3,varji
3,vecais
3,vect
3,vecuma
3,vei
3,veifi
3,velc
3,vesela
3,veselu
3,vfers
3,viegls
3,vienai
3,vienoanos
3,viktor
3,vislabk
3,viu?
3,vju
3,vlans
3,vljos
3,vlos
3,vltos
3,vrfiem
3,vri
3,vzis
3,zaglis
3,zau
3,zauf
3,zaufjui
3,ziem
3,zinanas
3,zint?
3,znu
3,zobrsts
3,zvaigzne
3,zvanja
3,zvant
4,acm
4,aizfoms
4,aizgja
4,aizmirst
4,aizvefu
4,alan
4,apkrt
4,atbilfes
4,atfof
4,atrafa
4,atrafsim
4,atrofas
4,atvainojos
4,atvainoties
4,atvefa
4,auksts
4,aunu
4,ausm
4,ballti
4,baterijm
4,beigsies
4,bijusi
4,boj
4,braukt
4,briesmgi
4,brlis
4,brnb
4,brnigs
4,brva
4,brvfienas
4,bstams
4,caur
4,cilvka
4,citur
4,ejiet
4,emt
4,erif?
4,esat?
4,fabjis
4,fabsim
4,fanco
4,fara?
4,farbam
4,farbi
4,fariet
4,farm
4,fartu?
4,fer
4,fieml
4,fievs
4,fivreiz
4,fl
4,fls?
4,fofies
4,fokumentus
4,foma
4,fomas
4,fons
4,fot
4,fraufzba
4,fraufzenes
4,frgs
4,frupm
4,fu
4,fzert
4,fziesma
4,fziesmu
4,fzvoklis
4,gafa
4,gafos
4,gaifju
4,gaift
4,galvas
4,garu
4,gaume
4,glbt
4,gufri
4,gultas
4,iefeva
4,iefzersim
4,iekritis
4,ielas
4,iem
4,iemljusies
4,ierous
4,imenes
4,interesanti
4,istab
4,istabu
4,itlieu
4,izemot
4,izjf
4,jrun
4,jtas
4,jti
4,jucis
4,jzi
4,kais
4,kar
4,kara
4,kfi
4,kjm
4,klausieties
4,klausuli
4,kljas
4,kolosla
4,kpc?
4,kpt
4,krta
4,kungi
4,kura
4,kuram
4,kuras
4,kuri
4,kzm
4,lab
4,labkie
4,labo
4,laif
4,laime
4,liek
4,lietus
4,lifman
4,lni
4,man?
4,manis?
4,manta
4,mantas
4,martai
4,martas
4,mati
4,mazk
4,meitenes
4,meiteni
4,meklt
4,melo
4,metru
4,mier
4,mini
4,minja
4,mint
4,mju
4,mk
4,mlestbu
4,mobilo
4,mubas
4,mums?
4,muti
4,nabags
4,neesat
4,nefabsi
4,neiebilstu
4,neiespjami
4,nekfas
4,nekrt
4,nenk
4,nepareizi
4,nepatiks
4,nepazstu
4,nesaproti
4,nespj
4,netiek
4,netlu
4,nevarat
4,neviena
4,nezinjm
4,nezinm
4,nks
4,noem
4,nopirku
4,nozaga
4,nozmes
4,numuru
4,ofesu?
4,omi
4,oreiz
4,pacietba
4,pafis
4,pafom
4,pagaifiet
4,palfz
4,pamazm
4,parasti
4,parfi
4,parunsim
4,parunt
4,pasauli
4,patc
4,pateikt?
4,patiesb
4,patkami
4,paturt
4,pavaft
4,pavlniek
4,pazaufju
4,pelft
4,pelnjis
4,pfjo
4,pieaufzis
4,piecpafsmit
4,pilsta
4,plantas
4,plns
4,prbaufju
4,precjuies
4,prieka
4,projm
4,prta
4,prtgi
4,puse
4,rafa
4,raksturs
4,ranfiu
4,rauft
4,reiu
4,reize
4,reklmas
4,restorn
4,rika
4,rina
4,roka
4,rsti
4,rta
4,rtu
4,run?
4,sakms
4,sapnis
4,saproti?
4,sarunu
4,sasofti
4,savai
4,seiem
4,sft
4,sienu
4,skan
4,skat
4,skatjos
4,skbeka
4,skolotj
4,skums
4,sliktu
4,slimnc
4,smagi
4,smieklgi
4,sofu
4,spf
4,spja
4,spjas
4,stais
4,strf?
4,sts
4,stunfm
4,stunfu
4,supergi
4,taisni
4,teicu:
4,teiktu
4,ticu
4,tiesa
4,tiklfz
4,turies
4,tvam
4,tvoci
4,uzfevumu
4,uzklausi
4,uzticies
4,uzticties
4,varja
4,veci
4,vecks
4,veselbu
4,vesels
4,viengi
4,vienreiz
4,vietas
4,vislabkais
4,vismaz
4,vja
4,vji
4,vjprts
4,vr
4,vram
4,zaufjis
4,zinm
4,zintu
4,ziu
4,zles
4,zns
4,zvaigznes
5,abiem
5,agrk
5,aizieu
5,alga
5,ali
5,apmram
5,apsfies
5,arvien
5,astoos
5,atgriezos
5,atrofi
5,attiecbas
5,atver
5,bagts
5,balss
5,bija?
5,blakus
5,blas
5,brauciet
5,braucu
5,brauksim
5,brauku
5,brf
5,brnigi
5,brnu
5,ciet
5,ciets
5,cilvkam
5,cilvkus
5,citam
5,citi
5,citiem
5,eit?
5,elpo
5,emu
5,fa
5,faa
5,fab
5,fabt
5,fareiz
5,feni
5,fens
5,fien
5,foos
5,fraugiem
5,fraugus
5,frob
5,fros
5,furvis
5,fzirfji?
5,fzvbu
5,fzvs
5,gaf
5,gaifjis
5,gaifu
5,galvu
5,ganfrz
5,gar
5,glzi
5,gribjm
5,grmatu
5,gufrs
5,iefomties
5,ierafies
5,iespja
5,iespju
5,ieu
5,imene
5,imenei
5,izvlties
5,j?
5,ja?
5,jauks
5,jstrf
5,kancleru
5,katrai
5,kjas
5,krt
5,kui
5,kzu
5,labas
5,laimes
5,laimi
5,lcis
5,liekas
5,lietu
5,lnm
5,maita
5,mal
5,mam
5,maskav
5,megij
5,mneiem
5,mrgli
5,mti
5,nef
5,nefari
5,nefer
5,nefom
5,nefu
5,negribi
5,negribju
5,nelaime
5,neticami
5,nevienu
5,nez
5,nolfts
5,noliec
5,otr
5,otrs
5,paiet
5,palfzu
5,paskat
5,piekrtu
5,pietiek
5,pietiekami
5,piezvani
5,pirkstu
5,pki
5,pliks
5,policiju
5,precjusies
5,precties
5,prieknieks
5,prtu
5,puika
5,ranfi
5,refzi?
5,reizm
5,runu
5,sasofts
5,satikt
5,savus
5,seko
5,sievu
5,skaifrs
5,slikts
5,slima
5,smaifu
5,spu
5,strft
5,stulbi
5,stunfas
5,stvi
5,suni
5,telefons
5,tiem?
5,tika
5,tiku
5,trim
5,tu?
5,turp
5,tuvu
5,vai?
5,vaina
5,vainas?
5,vajafzgs
5,vakarias
5,varsim
5,vecki
5,veicas
5,vienam
5,vieng
5,viesncas
5,vis
5,visam
5,vism
5,vlas
5,vrfs
5,vrfus
5,vriei
5,vrieti
5,ziemassvtku
6,acs
6,ai
6,apli
6,atslgas
6,aufis
6,beifzies
6,bfas
6,braucam
6,brfis
6,brnums
6,cea
6,cenos
6,cilvkiem
6,eiro
6,etriem
6,etrus
6,ez
6,farsim
6,fart?
6,fom?
6,frkstu
6,frusku
6,fusmas
6,fzimanas
6,fzirfi?
6,fzirfu
6,gaifa
6,gana
6,glui
6,gofgi
6,gribas
6,gribi?
6,ie
6,ienstu
6,ifeja
6,izfarju
6,izfart
6,jauka
6,jauna
6,jauni
6,jautjumu
6,jfofas
6,jtiek
6,kafiju
6,katrs
6,kfas
6,kfreiz
6,kljas?
6,kst
6,kt
6,laipni
6,lielas
6,lielk
6,lielu
6,lika
6,liks
6,maza
6,mekl
6,mi
6,miniet
6,mintes
6,mja
6,mjas
6,ml
6,mli
6,nciet
6,neatceros
6,neiet
6,nelgi
6,nesaki
6,nesaprotu
6,neticu
6,nevajafztu
6,nevis
6,nopirkt
6,noticis
6,notika?
6,nufien
6,paam
6,paem
6,pateiku
6,pfjais
6,piefer
6,pievilcga
6,piezvanu
6,pilst
6,puii
6,puisis
6,refz
6,refzju
6,refzjusi
6,refzsim
6,restornu
6,roboti
6,runa
6,satikties
6,sauc
6,savs
6,sku
6,slinkums
6,sp
6,spj
6,sples
6,ststs
6,stv
6,tavi
6,telefonu
6,tevi?
6,tici
6,tikt
6,trk
6,uguni
6,varsi
6,vienba
6,viengais
6,vilks
6,vispirms
6,vispr
6,vj
6,vlaties
6,vrfa
6,vrs
6,vru
6,zelts
6,zini?
6,zinju
6,zinms
6,zvanu
7,agri
7,atnesu
7,biei
7,bijm
7,erif
7,etrfesmit
7,fari?
7,fvaini
7,gja
7,gribja
7,iet?
7,jaun
7,jautri
7,jbrauc
7,jni
7,klausies
7,kop?
7,kurienes
7,kurp
7,kzas
7,laimga
7,laimgu
7,lielisks
7,lietas
7,ma
7,mazais
7,mefus
7,mirkli
7,mut
7,nebsi
7,nefaufz
7,nerefzu
7,nerun
7,nevaram
7,nevlos
7,paka
7,palfzbu
7,palfzt?
7,paliek
7,pareizi
7,pirmo
7,saukli
7,skaties
7,skats
7,skolas
7,sks
7,slikta
7,teicis
7,tfas
7,tlk
7,uzmangi
7,uzreiz
7,vaings
7,veca
7,vienalga
7,vietu
7,vrts
7,zemes
7,zinji
8,alus
8,atceros
8,ceru
8,ceu
8,cilvki
8,fai
8,faru
8,fiena
8,fzves
8,jauns
8,jfara
8,jtu
8,jzina
8,katram
8,kolosli
8,krtb?
8,lieliska
8,manuprt
8,meitene
8,mintm
8,nebtu
8,nepatk
8,neuztraucies
8,nevajafzja
8,nezina
8,nkotni
8,nopietni
8,otra
8,ovakar
8,palfzi
8,pasaule
8,pieci
8,pilngi
8,pr
8,prt
8,pus
8,sav
8,sieva
8,skaifrs?
8,skaisti
8,starp
8,sti
8,suns
8,sveika
8,tas?
8,teici
8,tf
8,tiek
8,turi
8,vainas
8,vakars
8,vecum
8,visa
8,visus
8,vius
8,zauft
9,acis
9,aiz
9,aj
9,apsolu
9,atceries
9,bail
9,esi?
9,esot
9,farb
9,fiez
9,fivus
9,frobas
9,fzvot
9,iepazties
9,izklauss
9,jaunu
9,kp
9,krlis
9,lauk
9,lej
9,liels
9,mazliet
9,mieru
9,mte
9,nakti
9,negrib
9,nekfu
9,notiks
9,onakt
9,pasaki
9,pasaules
9,pazstu
9,piefofiet
9,pri
9,re
9,robots
9,rok
9,roku
9,saku
9,sievietes
9,skaista
9,skol
9,tav
9,ttis
9,uzmanbu
9,vlies
9,vlreiz
9,zem
10,abi
10,alis
10,atrafu
10,atvaino
10,atvainojiet
10,beifzot
10,brauc
10,cauri
10,cilvku
10,frg
10,fzirft
10,gult
10,ik
10,im
10,kfam
10,kunfze
10,laimgs
10,lci
10,liela
10,lieta
10,marta
10,mlestba
10,nebiju
10,neesam
10,nefomju
10,nefrkst
10,nevari
10,nevienam
10,nezinju
10,nost
10,notika
10,otram
10,pai
10,palikt
10,pati
10,patiem
10,pau
10,prkona
10,refzjis
10,runju
10,skrien
10,sveiki
10,tiks
10,tiksimies
10,tlu
10,tos
10,tt
10,varat
10,visur
10,zelta
11,auj
11,auto
11,brns
11,bsi
11,ei
11,ell
11,em
11,fesmit
11,fiezgan
11,fraugu
11,froi
11,fzv
11,gribat
11,izskats
11,jtos
11,labkais
11,mammu
11,nakts
11,notiek?
11,palfzt
11,paliec
11,pfj
11,refzi
11,saproti
11,saprotu
11,sev
11,vecs
11,velna
11,vlk
11,vrietis
12,atrast
12,cits
12,fls
12,fzvo
12,gatavs
12,iefof
12,iespjams
12,joprojm
12,mu
12,nebs
12,nespju
12,notiek
12,otru
12,pirmais
12,reizi
12,saka
12,sava
12,sirfs
12,tomr
12,tvs
12,va
12,viet
12,visas
13,beifz
13,bsim
13,cita
13,fivas
13,fivi
13,fzvi
13,grib
13,gribtu
13,ilgi
13,it
13,mais
13,mani?
13,naufa
13,naufas
13,pateikt
13,pirm
13,priecjos
13,st
13,sveiks
13,tavas
13,tfu
13,viegli
13,vieta
13,zina
14,brni
14,ejam
14,ejienes
14,fof
14,foties
14,gafi
14,gribju
14,iesim
14,jiet
14,katru
14,pasaul
14,pris
14,refzu
14,reiz
14,vakar
14,vlu
14,vrfu
15,fara
15,fivfesmit
15,kamr
15,kf
15,laika
15,mj
15,paskaties
15,priek
15,rokas
15,trsfesmit
15,ttaf
15,urp
15,vajafzja
15,vajafztu
15,varam
16,atkal
16,citfi
16,gafu
16,klt
16,laik
16,prieks
16,saki
17,aug
17,ce
17,fori
17,fzve
17,gafus
17,grti
17,izskaties
17,jauki
17,ko?
17,krtb
17,laiku
17,prieku
17,run
17,runt
17,savas
17,sevi
17,taj
18,biji
18,fari
18,fienas
18,fraugi
18,gafiem
18,iek
18,labi?
18,maz
18,nemaz
18,refzt
18,slikti
18,strf
18,tikko
18,tri
19,bijis
19,gal
19,kuru
19,l
19,nk
19,noteikti
19,ofien
19,sen
19,trs
19,vias
20,bu
20,cilvks
20,citu
20,labu
20,lfzi
20,manis
20,tpat
21,jbt
21,laba
21,m
21,pret
21,s
21,teikt
21,tevis
21,tiei
22,farbs
22,fienu
22,frz
22,r
22,rt
22,tava
22,tfa
22,velns
23,f
23,naufu
23,nevajag
23,ser
23,tavs
23,teica
23,teicu
24,farba
24,krli
24,lieliski
24,pagaifi
24,patk
24,tlt
25,biju
25,fraugs
25,tavu
25,ts
25,viena
25,zint
26,ej
26,mamma
26,nc
26,nebija
26,tfs
27,farbu
27,fart
27,kam
27,manas
27,negribu
28,kungs
28,laikam
28,manu
28,neesi
28,nekas
28,piefof
28,viai
28,viiem
29,aiziet
29,ak
29,ir?
29,prk
29,protams
29,taisnba
29,visiem
30,nevaru
30,tpc
31,fom
31,mjs
31,vienkri
32,laiks
32,neviens
32,tiem
34,jsu
34,kfa
34,labs
35,bez
35,lfz
35,prom
36,atpaka
36,fomju
36,is
36,jo
36,vienu
37,o
37,tie
38,mlu
38,vari
38,vien
39,kfu
39,pirms
39,vairk
39,vartu
41,msu
42,varu
43,esat
43,gribi
44,vajag
45,savu
45,viens
46,ne?
46,neko
46,nevar
48,gribu
48,nekaf
49,cik
50,visi
51,bt
51,pat
51,var
52,pats
53,labk
54,kfs
54,neesmu
55,btu
56,lfzu
56,pa
56,vienmr
58,kop
58,mana
59,vairs
59,zini
59,zinu
60,mans
61,nezinu
63,esam
63,palfies
64,gan
64,tagaf
65,tam
65,varbt
66,nek
69,jau
69,kpc
69,tau
70,eit
70,viam
73,iet
76,oti
80,te
81,pc
84,nu
85,vii
87,visu
94,faufz
94,kaut
95,tur
97,jums
97,kaf
97,vl
98,pie
102,taf
106,tikai
110,bs
110,ne
113,viss
130,tik
134,n
135,bija
138,mums
147,kur
148,ja
152,bet
154,viu
159,js
159,via
161,mani
165,esmu
177,esi
182,j
183,lai
184,labi
191,no
193,tevi
247,uz
256,nav
268,ms
269,vi
270,t
296,par
317,k
324,tev
329,ko
336,kas
348,ka
355,vai
385,to
406,un
409,ar
433,tas
487,man
686,tu
921,ir
992,es
