1,ababa
1,ababahungu
1,ababashimuse
1,ababikoze
1,ababimufashijemo
1,ababineguye
1,ababukoze
1,ababyifuje
1,ababyifuza
1,abacungamari
1,abacuruza
1,abacuruzi
1,abadepite
1,abadipolomate
1,abafatanyabikorwa
1,abafite
1,abafiteho
1,abagaya
1,abagendera
1,abagera
1,abahagararira
1,abahawe
1,abaho
1,abajijwe
1,abajya
1,abajyanama
1,abakaraza
1,abakindida
1,abakize
1,abakomeye
1,abakoresha
1,abakunzi
1,abakurikiye
1,abakurusha
1,abambona
1,abamugariye
1,abamukurikira
1,abamukurikiye
1,abanje
1,abanyaburayi
1,abanyabwenge
1,abanyagihugu
1,abanyakenya
1,abanyamahanga
1,abanyamahirwe
1,abanyamakuru
1,abanyamategeko
1,abanyamwuga
1,abarenga
1,abarenganure
1,abarengera
1,abarinda
1,abaririmbyi
1,abarizwa
1,abarushanwa
1,abasanganywe
1,abasangira
1,abasha
1,abasheshakanguhe
1,abashinja
1,abashinzwe
1,abasigaye
1,abasize
1,abasomyi
1,abatabonetse
1,abatanditswe
1,abatari
1,abateganya
1,abategeka
1,abateguraga
1,abaterankunga
1,abatishoboye
1,abatizwa
1,abatuye
1,abavandimwe
1,abayahudi
1,abayemo
1,abayikoze
1,abayipfobya
1,abayo
1,abayoboke
1,abaza
1,abazabahagararira
1,abazahabwa
1,abdou
1,abenshi
1,abereye
1,abeza
1,abibona
1,abibonamo
1,abicaye
1,abigaragaza
1,abigenga
1,abigishwa
1,abihanirwa
1,abihawe
1,abikora
1,abikorera
1,abinjira
1,abinyujihe
1,abitse
1,abiwacu
1,abone
1,abonye
1,abwirwa
1,abyemeye
1,aca
1,acamo
1,acana
1,accountant
1,ace
1,acumbagira
1,acururizamo
1,acuruza
1,adaca
1,addis
1,afasha
1,afata
1,agahabwa
1,agahanga
1,agahinda
1,agahugu
1,agahungu
1,agakora
1,agaruka
1,agaruke
1,agasa
1,agasatsi
1,agasengeri
1,agata
1,agatangaza
1,agatanu
1,agathe
1,agenga
1,ageze
1,agezwa
1,agihumeka
1,agisha
1,agomesha
1,agwira
1,ahabona
1,ahabwa
1,ahafite
1,ahagararirwa
1,ahagaze
1,ahagera
1,ahageze
1,ahakane
1,ahakigaragara
1,ahamya
1,ahanwa
1,ahara
1,aharanira
1,ahari
1,ahariimbogamizi
1,ahatirwa
1,aherereye
1,ahereye
1,aherutse
1,aheza
1,ahindura
1,ahishishikariza
1,ahitwa
1,ahora
1,ahura
1,airlines
1,aje
1,akabimanukura
1,akadasohoka
1,akadomo
1,akagabo
1,akagasimba
1,akahatona
1,akajagari
1,akajya
1,akamenya
1,akanaba
1,akanacagingiramo
1,akananirwa
1,akanayitangaza
1,akanibutsa
1,akanyibutsa
1,akarengane
1,akarerere
1,akarufata
1,akarusho
1,akarwara
1,akatari
1,akavurwa
1,akaza
1,akegera
1,akigera
1,akigeza
1,akivanga
1,akivuka
1,akizana
1,ako
1,akomeye
1,akomeze
1,akore
1,akorera
1,akubutse
1,akumva
1,akundwakaza
1,akunzwe
1,akurindira
1,akuriye
1,akwiriye
1,ama
1,amaboko
1,amaburakindi
1,amacumu
1,amadorali
1,amafoto
1,amaganya
1,amagara
1,amagare
1,amagi
1,amagorofa
1,amagufa
1,amahindu
1,amahitamo
1,amahwemo
1,amajyaruguru
1,amakamyo
1,amakaye
1,amakimbirane
1,amanywa
1,amapera
1,amapikipiki
1,amaradiyo
1,amashiri
1,amashyamba
1,amashyirahamwe
1,amashyo
1,amatorero
1,amatsinda
1,amavuriro
1,amayobera
1,ambulance
1,ambwira
1,ameza
1,amezi
1,amhoro
1,ampereza
1,amubaza
1,amugabira
1,amuganiriza
1,amukunda
1,amukurikirayo
1,amushimira
1,amushyingira
1,amusohoza
1,amusura
1,amuteganyirije
1,amutegeka
1,amwibwira
1,amwicara
1,anabafasha
1,anabwira
1,anderson
1,andré
1,ane
1,anengwa
1,angahe
1,anta
1,anyuze
1,anywerwamo
1,apfa
1,arabacyaha
1,arabakira
1,arabakuriye
1,arabora
1,arabura
1,aragiye
1,aragukunda
1,aragutabara
1,arahenda
1,arakenewe
1,arakira
1,arakubagana
1,arakwitaba
1,aramubaza
1,aramubwira
1,aramukiza
1,aramutera
1,aramwumva
1,arangwa
1,arankunda
1,aranyanga
1,ararangisha
1,arararira
1,ararembye
1,arasetsa
1,arataha
1,aratakamba
1,aratangwa
1,aratwambura
1,arazitura
1,areka
1,arengera
1,areshya
1,aricyo
1,arifuza
1,arigendera
1,ariho
1,arikuvuga
1,ariruka
1,arishyura
1,aritonda
1,ariwe
1,ariyigisha
1,arizo
1,aryoha
1,asa
1,asabikwa
1,asabye
1,aseka
1,asezerwaho
1,ashimira
1,ashingiye
1,ashinjwa
1,ashyingirwa
1,asigarana
1,asimbuye
1,asobanura
1,asobanurira
1,atagera
1,atageramo
1,atajyiye
1,atambwiye
1,atangwa
1,atarazivuje
1,atarimo
1,atavunaguwe
1,atazagera
1,atazasubira
1,atazigera
1,atera
1,atesha
1,atijunior
1,atizigama
1,atuma
1,atuye
1,atuyeho
1,atwara
1,au
1,australia
1,aviv
1,avugango
1,avuganire
1,avuka
1,avura
1,avuye
1,ayavuze
1,ayifunga
1,ayikira
1,ayikujyanire
1,ayishyiramo
1,ayisumbuye
1,ayivuga
1,ayiyegereza
1,azaba
1,azabaho
1,azabashe
1,azabigeza
1,azafungwa
1,azagenerwa
1,azagira
1,azahabwa
1,azaharanira
1,azahembwa
1,azakomeza
1,azakoresha
1,azarongora
1,azaturuka
1,azavamo
1,azaza
1,aze
1,azihe
1,azijyana
1,azisanganywe
1,aziya
1,azize
1,bababiligi
1,babahanga
1,babahembye
1,babangamirwa
1,babanyamwuga
1,babanye
1,babanza
1,babasha
1,babashe
1,babashije
1,babategekaga
1,babatsikamiye
1,babaze
1,babe
1,babibeshyuza
1,babimazemo
1,babishakaga
1,babitanze
1,babivuze
1,babizi
1,babona
1,babongereza
1,babuhabwa
1,babwiye
1,babyaranye
1,babyikoreraho
1,babyiruka
1,bacecetse
1,bacuruza
1,bacyitezeho
1,badakunda
1,badakwiye
1,badatoranyije
1,baduhaye
1,bafashwa
1,bafashwe
1,bafatanya
1,bafatanyije
1,bafatiye
1,bagabira
1,bagaheba
1,bagakomeza
1,bagamije
1,baganga
1,bagaragaza
1,bagasabwe
1,bagatakaza
1,bagatanga
1,bagatangira
1,bagena
1,bagendaga
1,bagenzura
1,bagerageza
1,bagezeho
1,bagihagararira
1,bagira
1,bagirana
1,bagire
1,bagizemo
1,bagomba
1,baguciriye
1,baguye
1,bagwa
1,bahagararirwa
1,bahageze
1,bahamagara
1,bahamya
1,bahamyaga
1,bahawe
1,bahaye
1,bahemba
1,bahembwaga
1,baherutse
1,bahinga
1,bahisemo
1,bahitamo
1,bahitanwa
1,bahubutse
1,bahunga
1,bahurira
1,bahuriza
1,bahuye
1,baje
1,bajyiye
1,bakaba
1,bakabasha
1,bakabishinja
1,bakakubwira
1,bakamwishyura
1,bakanguriwe
1,bakanigisha
1,bakaza
1,bakegerezwa
1,bakekwa
1,bakibigenzura
1,bakifuza
1,bakiganiraho
1,bakikubira
1,bakina
1,bakiri
1,bakivumbura
1,bakoherezwa
1,bakoloni
1,bakomeye
1,bakoresha
1,bakoresheje
1,bakoreshwa
1,bakoreshwaga
1,bakoroherezwa
1,bakoze
1,bakubaha
1,bakundu
1,bakwirakwiza
1,bakwiriye
1,bamaganye
1,bamaranye
1,bamenye
1,bameze
1,bamfasha
1,bamugaragariza
1,bamusabye
1,bamutwaye
1,bamwanze
1,bamwishimiye
1,banavuga
1,bandikiye
1,banejeje
1,banga
1,bangana
1,bansize
1,banyamategeko
1,banyamuryango
1,banyu
1,bapfuye
1,bapima
1,bapyinagazaga
1,barabagurana
1,barabajyana
1,barabibeshyuza
1,barabigaragaza
1,barabimwemerera
1,barabivuga
1,barabizana
1,barabizanye
1,barabyamaganye
1,baradushuka
1,barageze
1,baragukase
1,baraguze
1,barahaha
1,barahatanira
1,barakara
1,barakariye
1,barakira
1,baramenyereye
1,baramujyana
1,baramunyaga
1,baramurera
1,baramwamagana
1,barananiwe
1,baranezerwa
1,barara
1,barashoboye
1,barashyikirana
1,baratunga
1,baratunganirwa
1,baratuza
1,barayica
1,barebe
1,baridegembya
1,barigeze
1,barindwi
1,bariranga
1,bariyongereye
1,baruhabwa
1,baruwa
1,barwanye
1,barwayi
1,baryamiwe
1,basaba
1,basabwaga
1,basakuza
1,basanze
1,bashatse
1,bashiki
1,bashimuswe
1,bashishikarizwa
1,bashyigikiraga
1,bashyiriwe
1,bashyizwe
1,basinda
1,basize
1,basobanukirwa
1,basohoye
1,basoje
1,basore
1,batabishaka
1,batabizi
1,batabyigiye
1,bataduha
1,batafataga
1,batagezeho
1,bataha
1,batahe
1,batanabuhaye
1,batandukanye
1,batanjyiye
1,batanu
1,batanzemo
1,batanzwe
1,batarabyigiye
1,batarakugeraho
1,batararabyigiye
1,batatwumva
1,batazabana
1,bategetswe
1,bateje
1,bateka
1,batorerwa
1,batorwamo
1,batsinda
1,batsinze
1,batumiza
1,batumvikana
1,baturage
1,baturarwanda
1,baturuka
1,batutsi
1,batware
1,batwite
1,baudouin
1,bavuka
1,bavuye
1,bavuze
1,bawumara
1,bayirwaye
1,bayitambitse
1,bayo
1,bayoboye
1,bazaburanira
1,bazafashwa
1,bazaharanira
1,bazakora
1,bazamfasha
1,bazamwohereza
1,bazanibanda
1,bazanye
1,bazarukurikiza
1,bazawumurikira
1,bazikurikirana
1,baziranye
1,begerwa
1,bemererwa
1,bemerewe
1,bemewe
1,bemeza
1,benewanyu
1,berville
1,bi
1,bibabaza
1,bibafasha
1,bibahenda
1,bibajije
1,bibakorerwa
1,bibareba
1,bibaryohera
1,bibaye
1,bibayeho
1,bibazaga
1,bibihugu
1,bibitse
1,bibwe
1,bica
1,bicu
1,bicye
1,bidafite
1,bidafututse
1,bidashira
1,bidashoboka
1,bidasobanutse
1,bifasha
1,bifashe
1,bifashishije
1,bifatwa
1,bifitanye
1,bifite
1,bifuza
1,big
1,biganiro
1,bigaragaza
1,bigari
1,bigenda
1,bigisubiza
1,bigomba
1,bigufasha
1,bigurwa
1,bigwire
1,bihaha
1,bihamya
1,bihari
1,bihaye
1,bihise
1,bihiye
1,bihutisha
1,bijyiye
1,bikanaruhura
1,bikangiza
1,bikanyobera
1,bikemuke
1,bikira
1,bikorerwa
1,bikoresha
1,bikorwamo
1,bikorwe
1,bikumiriye
1,bikuranga
1,bikurikirana
1,bikuru
1,bikwegereye
1,bikwiye
1,bilometero
1,bimirire
1,bimpande
1,bimubera
1,bimubwiye
1,bimunga
1,bimwegereye
1,bimwongerera
1,bimworohera
1,bimworoheye
1,bimyaka
1,binaha
1,binaterwa
1,bindi
1,bine
1,binkumi
1,binogeye
1,binoze
1,binyuranye
1,binyuze
1,bipimo
1,birababazza
1,biraberana
1,biracyagoranye
1,biradutunga
1,birafashai
1,biragaragara
1,biragatsindwa
1,biragora
1,birakurikizwa
1,birakwiye
1,birambuye
1,biramubabaza
1,biramubera
1,birandenga
1,biranga
1,birangwa
1,birarangira
1,birarushya
1,birasa
1,biravuna
1,bireba
1,birego
1,birindwi
1,biriya
1,biruhuko
1,birunga
1,birwa
1,biryohereye
1,bise
1,bishatse
1,bishiboka
1,bishimye
1,bishuri
1,bishwe
1,bishya
1,bishyurwa
1,bisobanura
1,bisobanuro
1,bisoza
1,bisukuye
1,bisuzumisha
1,bitabaza
1,bitabiriye
1,bitambutse
1,bitamushimishije
1,bitana
1,bitandatu
1,bitangaza
1,bitarakorwa
1,bitaramuvamo
1,biteguye
1,biterwa
1,bitigeze
1,bito
1,bitonda
1,bitumizwa
1,bitunguranye
1,bitwaje
1,bitwara
1,bitwaye
1,bitwibutsa
1,biva
1,biyobyabwenge
1,biyoroshya
1,biza
1,bizabangamira
1,bizafasha
1,bizagorana
1,bizamini
1,bizasaba
1,bizatangwa
1,bizaterwa
1,bize
1,bizeza
1,bizobereye
1,bizohereza
1,bizwi
1,black
1,bonsaga
1,bu
1,bubaha
1,bubaka
1,bubasha
1,bubatse
1,bubaye
1,bubiligi
1,bubishinzwe
1,buboneye
1,bucika
1,bucurirwamo
1,budabagizi
1,budakora
1,bufasha
1,bufatika
1,bugamije
1,bugaragara
1,bugaragaza
1,bugendera
1,bugerera
1,bugolobi
1,bugomba
1,bugora
1,bugukurikiranye
1,buhabwa
1,buhagije
1,buhahirane
1,buhoro
1,buhoza
1,bujuje
1,bujyenewe
1,bukagabanuka
1,bukamenyekanishwa
1,bukiri
1,bukungu
1,bukware
1,bukwe
1,bumoso
1,bumpe
1,bumuhagurukira
1,bumukoraho
1,bumwe
1,bundi
1,bunoze
1,buntu
1,bunyuranye
1,bupfu
1,bur
1,burabafasha
1,burakenewe
1,burangajwe
1,burashoboka
1,burasirazuba
1,burenganzira
1,burezi
1,burundu
1,burwego
1,burya
1,busa
1,busanzwe
1,busesuye
1,bushake
1,bushinjyiye
1,bushinwa
1,bushyiraho
1,busikoloji
1,butaka
1,butanga
1,butare
1,buteweho
1,buteyeho
1,buteza
1,butigeze
1,butunze
1,butwizeza
1,buvanze
1,buvuzi
1,buyobora
1,buyobozi
1,buza
1,buzakugeza
1,buzoroshya
1,bwababagana
1,bwabantu
1,bwabatugana
1,bwabaturage
1,bwabatutsi
1,bwabishyizeho
1,bwabo
1,bwacika
1,bwacu
1,bwadusenyeye
1,bwafashe
1,bwagaragaje
1,bwagera
1,bwahagaritswe
1,bwahise
1,bwaho
1,bwakarere
1,bwakorewe
1,bwamategeko
1,bwambukiranya
1,bwamoko
1,bwana
1,bwanacyambwe
1,bwanakweli
1,bwangiza
1,bwashyizwe
1,bwateganyijwe
1,bwateguye
1,bwawe
1,bwazamutse
1,bwazo
1,bwemeje
1,bwi
1,bwibiti
1,bwifashe
1,bwigeze
1,bwigice
1,bwigihu
1,bwigihugu
1,bwikoranabuhanga
1,bwimahanga
1,bwimitangire
1,bwimyororokere
1,bwisanzure
1,bwisi
1,bwite
1,bwoko
1,bwokutavuga
1,bwongereza
1,bworoheje
1,bworoshye
1,bwose
1,bwu
1,bwububabare
1,bwuburyo
1,bwubuzima
1,bwumurenge
1,bwumvikane
1,bwuruhare
1,byababiligi
1,byabagizeho
1,byabagore
1,byabagoye
1,byabahutu
1,byabanyaburayi
1,byabaturage
1,byabereye
1,byafasha
1,byafashe
1,byagahebuzo
1,byagaragajwe
1,byagaragaye
1,byagendeweho
1,byagenwe
1,byagenze
1,byago
1,byahananuwe
1,byaje
1,byajyiye
1,byakemukiye
1,byakongera
1,byakubaho
1,byamuhagamye
1,byamusabaga
1,byanaba
1,byananiranye
1,byanatangiye
1,byangiza
1,byanshimisha
1,byanyu
1,byanze
1,byarababaje
1,byarakaje
1,byarasabaga
1,byaro
1,byasabaga
1,byashimishije
1,byashobora
1,byashyirwa
1,byatakariye
1,byatakaye
1,byatangazaga
1,byateguwe
1,byateje
1,byatekeshejwe
1,byaterwaga
1,byatumaga
1,byavugaga
1,byayo
1,byayobera
1,byemeye
1,byemezo
1,byerekanwa
1,byibiruzwa
1,byiciro
1,byicyitegererezo
1,byifashishwa
1,byikanombe
1,byimbuto
1,byingendo
1,byingenzi
1,byinjiye
1,byipfobya
1,byita
1,byiterabwoba
1,byitumba
1,byongereye
1,byoroshye
1,byubudehe
1,byubumenyi
1,byubutunzi
1,byuje
1,byukuri
1,byumubiri
1,byumunaniro
1,byumvikane
1,byumye
1,byuzuyemo
1,cairo
1,cash
1,cédric
1,chicago
1,christo
1,citizen
1,claude
1,cogebanque
1,col
1,continental
1,cum
1,cyaba
1,cyabaturanyi
1,cyabyanditse
1,cyabyo
1,cyafashe
1,cyafashwe
1,cyagenewe
1,cyagera
1,cyagihe
1,cyahariwe
1,cyakomeje
1,cyakurikiranye
1,cyamahoro
1,cyamasaha
1,cyami
1,cyamikoro
1,cyamura
1,cyanyu
1,cyanyuze
1,cyarakemutse
1,cyararangiye
1,cyashize
1,cyasohotse
1,cyatangaje
1,cyatubyaye
1,cyatwo
1,cyavuzwe
1,cyazo
1,cyera
1,cyiburyo
1,cyicyeragati
1,cyigihugu
1,cyigwingira
1,cyimara
1,cyimibare
1,cyimirire
1,cyingengo
1,cyinzara
1,cyisarurwa
1,cyisi
1,cyiterambere
1,cyohereje
1,cyorezo
1,cyubahiro
1,cyubatse
1,cyubuhake
1,cyubwonko
1,cyuko
1,cyuma
1,cyumba
1,cyumubiri
1,cyumwaka
1,cyunamo
1,cyurucantege
1,cyurwanda
1,dakar
1,deni
1,depité
1,diabète
1,diouf
1,dipolomasi
1,diyabete
1,dr
1,ducuruza
1,dufatira
1,duhashye
1,duhora
1,duhura
1,duka
1,dukemura
1,dukeneye
1,dukine
1,dukomeze
1,dukoreshe
1,dusaba
1,dusanga
1,dusezeranye
1,dusigaye
1,dutahe
1,dutoza
1,earth
1,efudereli
1,empire
1,endecott
1,erega
1,eshanu
1,esheshatu
1,ethiopian
1,ethiopie
1,eva
1,eye
1,félicien
1,filimi
1,from
1,gacaca
1,gacye
1,gahanda
1,gahari
1,gahimba
1,gahonzire
1,gahuza
1,gake
1,gakenke
1,gana
1,gaseke
1,gashaka
1,gashyantare
1,gasozi
1,gatebe
1,gatoki
1,genocide
1,ghali
1,gicamunsi
1,gifasha
1,gifitiye
1,gihagarara
1,gihanga
1,gihembo
1,gihita
1,gihuhu
1,gihumbi
1,gikari
1,gipimo
1,gisekuru
1,gisenyi
1,gishyigikiwe
1,gitanga
1,gitangaje
1,gitanzwe
1,giteganya
1,gitekerezo
1,giti
1,gitugu
1,gituruka
1,gizwe
1,grégoire
1,gtandatu
1,guangzhou
1,guca
1,gucaginga
1,gucaracara
1,gucungira
1,gucuranga
1,gucurirayo
1,gufashwa
1,gufatanya
1,gufunga
1,gufungura
1,guhagarira
1,guhagurukirwa
1,guhamagara
1,guhangayikishwa
1,guharanira
1,guhatana
1,guhemuka
1,guherekeza
1,guhesha
1,guheza
1,guhinda
1,guhinduka
1,guhindura
1,guhindurwa
1,guhinga
1,guhita
1,guhitana
1,guhugira
1,guhugura
1,guhumeka
1,guhungabanya
1,guhungira
1,guhunika
1,gukandamizwa
1,gukanguka
1,gukangurira
1,gukangurirwa
1,gukaraba
1,gukemuka
1,gukina
1,gukingiza
1,gukira
1,gukumira
1,gukurira
1,gupfa
1,gupima
1,gusabana
1,gusagurira
1,gusahurwa
1,gusakara
1,gusakuza
1,gusambana
1,gusara
1,gusaza
1,gusesagura
1,gusesengurwa
1,gushakirwa
1,gushimangira
1,gushimuta
1,gushinga
1,gushingwa
1,gushira
1,gushishoza
1,gushize
1,gushyashyana
1,gushyikira
1,gushyiraho
1,gushyiramo
1,gushyirwa
1,gushyirwamo
1,gusimbura
1,gusohoka
1,gusubira
1,gusubiza
1,gusuzuma
1,guta
1,gutabwa
1,gutaha
1,gutahura
1,gutandukanya
1,gutangaza
1,gutangazwa
1,gutangiza
1,gutangizwa
1,gutangwa
1,guteka
1,gutembera
1,guterera
1,gutezwa
1,gutoramo
1,gutorwa
1,gutsinda
1,gutuma
1,gutunganya
1,habayemo
1,habura
1,habyarimana
1,haciyeho
1,hadashyizwe
1,hadutse
1,hafashwe
1,hagabanywe
1,hagakebana
1,hagamijwe
1,hagaragazwa
1,hagendewe
1,hagiye
1,hagize
1,hagomba
1,hahingwa
1,haje
1,hakabamo
1,hakarebwa
1,hakemezwa
1,hakiriho
1,hakozwe
1,hamagara
1,hamenyeka
1,hanyuma
1,harabura
1,haracyariho
1,haragarukwa
1,haranditse
1,haranira
1,harasabwa
1,harwanywa
1,hasabwe
1,hasakajwe
1,hashije
1,hashingiwe
1,hashyizwe
1,hatandukanye
1,hatangijwe
1,hatangira
1,hatangiraga
1,hatangiye
1,hatanzwe
1,hataramenyekana
1,hatari
1,hatarimo
1,hatemba
1,hato
1,hatowe
1,have
1,havuzwe
1,hazaba
1,hazirikanwa
1,hazongerwa
1,hejo
1,hepfo
1,hervé
1,hibanzwe
1,higishirizwa
1,hisanzuye
1,hitezwe
1,hotel
1,humura
1,huye
1,iba
1,ibabaje
1,ibamo
1,ibanze
1,ibarirwa
1,ibazwa
1,ibemenyetso
1,ibibafitiye
1,ibibaye
1,ibibi
1,ibiganza
1,ibigaragaza
1,ibigendanye
1,ibigori
1,ibihangano
1,ibihingwa
1,ibihugu
1,ibihuha
1,ibikorerwamu
1,ibimaze
1,ibinini
1,ibinyamakuru
1,ibinyampeke
1,ibirenge
1,ibiribwa
1,ibirimo
1,ibisambo
1,ibisubizo
1,ibitabo
1,ibitagenda
1,ibitaramo
1,ibitero
1,ibitoki
1,ibitureba
1,ibiyaga
1,ibiza
1,ibizakenerwa
1,ibizamuka
1,ibuku
1,ibumworohereze
1,iburyo
1,ibuye
1,iby
1,ibyabaye
1,ibyabo
1,ibyagaragajwemo
1,ibyagwiriye
1,ibyamubayeho
1,ibyara
1,ibyari
1,ibyawe
1,ibye
1,ibyemejwe
1,ibyibanze
1,ibyicyitegererezo
1,ibyifuzo
1,ibyimibanire
1,ibyiyo
1,ibyoherezwa
1,ibyongibyo
1,ibyubuzima
1,ibyuma
1,icuruzwa
1,icya
1,icyaba
1,icyagushora
1,icyaje
1,icyakorwa
1,icyambere
1,icyanya
1,icyaruvutsa
1,icyerekezo
1,icyiciro
1,icyingenzi
1,icyinyagihumbi
1,icyitwa
1,icyizero
1,icyubahiro
1,icyuho
1,icyushaka
1,icyuye
1,idahemberwa
1,idahiye
1,idakira
1,idasanzwe
1,idasezeye
1,ifasha
1,ifashe
1,ifatanyije
1,ifitanye
1,ifumbire
1,ifunguwe
1,igabanya
1,igataha
1,igatorwa
1,igaturika
1,igenda
1,igendanwa
1,igicumbi
1,igihembo
1,igihuru
1,igikombe
1,igikoresho
1,igikorwa
1,igikundiro
1,igira
1,igisambo
1,igishimishije
1,igiswahili
1,igitaramo
1,igiti
1,igitoki
1,igitunga
1,igomba
1,igorora
1,iguhe
1,iha
1,ihagarikwa
1,ihaguruka
1,ihagurutse
1,ihamye
1,ihanahana
1,ihanurwa
1,ihari
1,ihemba
1,iheruka
1,ihita
1,ihiye
1,ihohoterwa
1,ihumanya
1,ihwa
1,ije
1,ijipo
1,ijuru
1,ijyanishwe
1,ijyiye
1,ikajya
1,ikamwa
1,ikanzu
1,ikayi
1,ikaze
1,ikibabaje
1,ikibi
1,ikigega
1,ikimenyetso
1,ikimwaro
1,ikiniga
1,ikinyabiziga
1,ikinyabupfura
1,ikinyamakuru
1,ikinyobwa
1,ikinywarwanda
1,ikiraka
1,ikiranabuhanga
1,ikiremwamuntu
1,ikiri
1,ikivuguto
1,ikiza
1,ikizere
1,ikomeje
1,ikoranabuhanda
1,ikoreramo
1,ikoreshwa
1,ikorwa
1,ikoze
1,ikubita
1,ikubiyemo
1,ikunda
1,ikurikizwa
1,ikwiriye
1,imali
1,imanza
1,imara
1,imari
1,imazeho
1,imbabazi
1,imbangukiragutaba
1,imbibi
1,imbonerahamwe
1,imbugankoranyambaga
1,imbunda
1,imenyeshwa
1,imfizi
1,imfunguzo
1,imfura
1,imibu
1,imibumbe
1,imico
1,imicungire
1,imigambi
1,imigani
1,imikino
1,imikoreshereze
1,imikwabu
1,imipira
1,imirasire
1,imirima
1,imisatsi
1,imisozi
1,imitako
1,imitangire
1,imiti
1,imitsi
1,imivugo
1,imiyoborere
1,imiyoboro
1,imizigo
1,imiziki
1,imododoka
1,impamo
1,impanuro
1,impapuro
1,impfu
1,impfura
1,impuhwe
1,impumuro
1,impyiko
1,imube
1,imufashe
1,imujyana
1,imushyira
1,imusigira
1,imvu
1,imvune
1,imvururu
1,imwambaro
1,imyambaro
1,imyembe
1,imyitwarire
1,imyuka
1,inararibonye
1,inateganya
1,inda
1,indeshyo
1,indimi
1,indishyi
1,indoro
1,ingabo
1,ingahe
1,inganda
1,ingano
1,inganzo
1,ingemeri
1,ingeso
1,ingezi
1,ingingimira
1,ingingo
1,ingo
1,injangwe
1,inkigni
1,inkomoko
1,inkondo
1,inkwi
1,ino
1,inoze
1,insanzi
1,inshinga
1,insimburangingo
1,intambara
1,intandaro
1,intangarugero
1,integanyanyigisho
1,inteko
1,intera
1,intingamubiri
1,intoki
1,intore
1,intunga
1,intwari
1,intwaro
1,inyamaswa
1,inyandiko
1,inyigisho
1,inyoko
1,inyongeramusaruro
1,inyoni
1,inyota
1,inzara
1,inzirakarengane
1,iracyari
1,iradufasha
1,iragenda
1,iragera
1,irakangurira
1,irakataje
1,irakira
1,iran
1,irangiye
1,iranuka
1,iratuba
1,iravugwa
1,iraza
1,ireme
1,irenga
1,irigenzure
1,irigisha
1,irikuba
1,irinda
1,irishijwe
1,irishunwa
1,iriya
1,irungu
1,irushaho
1,irushanwa
1,iruta
1,irya
1,iryitanu
1,iryo
1,iryoha
1,isabukuru
1,isaha
1,isano
1,isanze
1,isengesho
1,isesagura
1,iseta
1,ishema
1,ishima
1,ishimira
1,ishimishije
1,ishimwe
1,ishingiro
1,ishira
1,ishize
1,ishya
1,ishyaka
1,ishyura
1,isiganwa
1,isigaye
1,isohoka
1,isonga
1,isoni
1,isoza
1,israel
1,isukari
1,itabanje
1,itandukanye
1,itangaje
1,itangaza
1,itangazamakuru
1,itangira
1,itangwa
1,itarabonerwa
1,itatanu
1,itatse
1,iteganye
1,itegeko
1,itekanye
1,iterambera
1,iteranye
1,iterwa
1,itonde
1,itorero
1,itorwa
1,iturufu
1,ituze
1,itwishe
1,ivanga
1,ivangura
1,ivunanye
1,ivuriro
1,ivuwe
1,ivuye
1,iyajyana
1,iyakaremye
1,iyambere
1,iyari
1,iyarwaye
1,iyicwa
1,iyiterambere
1,iyobowe
1,iyoibyo
1,iza
1,izabigufashamo
1,izakurinda
1,izamuka
1,izana
1,izatangira
1,izatwara
1,izengurutse
1,izi
1,izihabwa
1,izireba
1,izumutima
1,jackson
1,jye
1,kabalisa
1,kabanza
1,kabitsemo
1,kabo
1,kaboko
1,kaburimbo
1,kacu
1,kacyiru
1,kafashe
1,kagaragaza
1,kageyo
1,kakinnye
1,kalisa
1,kamali
1,kamaliza
1,kamanzi
1,kamaze
1,kaminza
1,kamwe
1,kanditse
1,kangata
1,kanwa
1,kanya
1,kanyu
1,kanziga
1,kanzu
1,karabategereje
1,karambe
1,kari
1,karibu
1,karita
1,karitonda
1,karori
1,katanze
1,kataraza
1,katira
1,kayumba
1,ke
1,keirata
1,kenyagirwa
1,kiba
1,kibe
1,kibeho
1,kibiyaga
1,kibuga
1,kibungo
1,kicukirod
1,kidacika
1,kidage
1,kidasanzwe
1,kidashyiraho
1,kidasobanutse
1,kigamije
1,kigaragaza
1,kigeli
1,kigenga
1,kigomba
1,kigororwa
1,kigwi
1,kihabarizwa
1,kikabikemura
1,kikangirika
1,kikazakomereza
1,kikiri
1,kikuraje
1,kimbley
1,kimenwa
1,kimenyi
1,kimeze
1,kimironko
1,kinkomereye
1,kinyamateka
1,kiraka
1,kirambuye
1,kirambye
1,kirimo
1,kisangani
1,kitabiriwe
1,kitamuhama
1,kitashira
1,kitonda
1,kivu
1,kiyemeje
1,kiyisuzuma
1,kiyubatse
1,kiza
1,kizagera
1,kizagere
1,kiziguro
1,kizima
1,komeza
1,komisiyo
1,komite
1,kongerwa
1,konti
1,konyine
1,koperative
1,koranabuhanga
1,koresha
1,koroshya
1,kosa
1,kubabazwa
1,kubabonamo
1,kubabwira
1,kubafasha
1,kubaga
1,kubahemba
1,kubahiriza
1,kubahirizwa
1,kubajya
1,kubakandamiza
1,kubakira
1,kubakwa
1,kubanza
1,kubarega
1,kubarura
1,kubarusha
1,kubashakanye
1,kubavuganira
1,kuberako
1,kubeshya
1,kubeshyerana
1,kubibabwira
1,kubibika
1,kubibona
1,kubibwira
1,kubiganiraho
1,kubigeraho
1,kubigeza
1,kubigisha
1,kubijyana
1,kubimarana
1,kubimenyesha
1,kubimira
1,kubishakira
1,kubitindiho
1,kubitsimbararaho
1,kubohora
1,kuboko
1,kuboneza
1,kububangikanya
1,kubuganiza
1,kubumvira
1,kubungwabungwa
1,kubutaka
1,kubuyobozi
1,kubwira
1,kubwonko
1,kubyakira
1,kubyemera
1,kubyigisha
1,kubyitoza
1,kubyubahiriza
1,kubyuka
1,kudabagira
1,kudahana
1,kudashyira
1,kudashyiraho
1,kudasiba
1,kudateza
1,kudoda
1,kudufasha
1,kuduhamagara
1,kugabana
1,kugafasha
1,kuganirwaho
1,kuganya
1,kugaragaramo
1,kugaragaza
1,kugarukiriza
1,kugerayo
1,kugica
1,kugirira
1,kugirwa
1,kugisha
1,kuguca
1,kuguha
1,kuguhamagara
1,kugukumira
1,kugurisha
1,kuguruka
1,kugushyira
1,kugwingira
1,kuhabajyana
1,kuhira
1,kujyana
1,kukaba
1,kukavunika
1,kukazi
1,kukugira
1,kukugirayo
1,kukujyana
1,kumena
1,kumenyera
1,kumeya
1,kumfata
1,kumi
1,kumoka
1,kumpamagara
1,kumubaga
1,kumuha
1,kumuhanda
1,kumuhitana
1,kumujyana
1,kumukorera
1,kumukura
1,kumukuraho
1,kumukurira
1,kumurinda
1,kumuryango
1,kumusaba
1,kumusimbuza
1,kumusobanurira
1,kumuterura
1,kumwigana
1,kumwongerera
1,kumwubaha
1,kunanirwa
1,kundya
1,kungira
1,kunkwa
1,kunozwa
1,kunyandikira
1,kunyurwamo
1,kurambirwa
1,kurangisha
1,kurangura
1,kurangwa
1,kurashwanyagurika
1,kureberera
1,kurebwa
1,kuremba
1,kuremerera
1,kurenganurwa
1,kuribwa
1,kuriho
1,kuririmba
1,kurugendo
1,kurwana
1,kurwara
1,kuryoherwa
1,kutabwira
1,kutavugisha
1,kutaza
1,kutazongera
1,kutujyana
1,kutumvira
1,kutureka
1,kutwigarurira
1,kutwigisha
1,kuvamo
1,kuvanaho
1,kuvoma
1,kuvugana
1,kuvuganira
1,kuvugira
1,kuvugiramo
1,kuvugisha
1,kuvugurura
1,kuvunisha
1,kuvurwa
1,kuvuza
1,kuwundi
1,kuyambara
1,kuyasubira
1,kuyirwara
1,kuyishyiramo
1,kuyisura
1,kuyisuzugura
1,kuzaba
1,kuzaganisha
1,kuzagenda
1,kuzajy
1,kuzajya
1,kuzakomeza
1,kuzatera
1,kuzatwara
1,kuzirwara
1,kuzura
1,kwabazungu
1,kwabishyizeho
1,kwabo
1,kwaboze
1,kwacomoka
1,kwaguka
1,kwagura
1,kwaha
1,kwakira
1,kwamaraso
1,kwamaze
1,kwambikwa
1,kwangirika
1,kwangiritse
1,kwashwanyagurutswe
1,kwatangiye
1,kwatura
1,kwegera
1,kwegukana
1,kwemera
1,kwemererwa
1,kwemeza
1,kwerekana
1,kwerekeza
1,kwibagirwa
1,kwibana
1,kwibumoso
1,kwica
1,kwicarana
1,kwicungira
1,kwigaho
1,kwigamo
1,kwigaranzura
1,kwigirira
1,kwigunga
1,kwigurira
1,kwigwizaho
1,kwihagarika
1,kwihangana
1,kwihanganira
1,kwiheba
1,kwihesha
1,kwihuta
1,kwikiza
1,kwikorera
1,kwikura
1,kwimenyereza
1,kwimura
1,kwimyoza
1,kwinigura
1,kwinjira
1,kwipimisha
1,kwirakwiza
1,kwirengagiza
1,kwirirwa
1,kwirukanwa
1,kwisanzura
1,kwishakira
1,kwishimirwa
1,kwisuku
1,kwisuzumisha
1,kwiteganyiriza
1,kwitekerezaho
1,kwitiranya
1,kwitoza
1,kwitwara
1,kwitwararika
1,kwivuriza
1,kwiyagura
1,kwiyegereza
1,kwiyicira
1,kwiyogoshesha
1,kwiyubakira
1,kwiyumva
1,kwiyungura
1,kwizera
1,kwizigamira
1,lera
1,lisansi
1,lisite
1,macye
1,maduka
1,magambo
1,maganarindwi
1,magi
1,mahame
1,mahano
1,mahirwe
1,mahitamo
1,mahoro
1,mahugurwa
1,makerere
1,makumybiri
1,malaria
1,managan
1,managana
1,manda
1,manegeka
1,mapikipiki
1,marcela
1,marushanwa
1,masaha
1,masaka
1,masegonda
1,mashanyarazi
1,mashobora
1,mashya
1,maso
1,masoko
1,mategeko
1,mateshwa
1,maurice
1,mavi
1,max
1,mazi
1,mba
1,mbabera
1,mbahaye
1,mbana
1,mbanza
1,mbareke
1,mbarirano
1,mbasabira
1,mbashe
1,mbashije
1,mbatekere
1,mbatembereze
1,mbazaniye
1,mbe
1,mbega
1,mbiziho
1,mbonye
1,mbyihorera
1,mbyuka
1,mbyuma
1,meaza
1,menya
1,metodisiti
1,mfitanye
1,mibisha
1,michaëlle
1,micungire
1,migufi
1,mihango
1,mihindagurikire
1,mimi
1,mini
1,mirimo
1,mirror
1,misa
1,mise
1,mishanga
1,mishya
1,miss
1,mitegekere
1,mitekerereze
1,mitsi
1,mituweli
1,mitwe
1,moko
1,mombasa
1,moteri
1,motoni
1,mpagaze
1,mpamya
1,mpuza
1,mubanditse
1,mubano
1,mubanye
1,mubareke
1,mubaza
1,mube
1,mubibona
1,mubifitiye
1,mubigishe
1,mubitagazaho
1,mubivugaho
1,mubukwe
1,muburyo
1,mubyabo
1,muco
1,mucuruzi
1,mudamu
1,mudugudu
1,mugambi
1,mugambo
1,mugenze
1,mugire
1,mugitoki
1,mugiye
1,mugoroba
1,muguhashya
1,muhamya
1,muhanda
1,muhazi
1,mujugunya
1,mukakalisa
1,mukanya
1,muke
1,mukerererwe
1,mukiruhuko
1,mukoro
1,mukozi
1,mukundira
1,mukwa
1,mulindahabi
1,muma
1,mumajyepfo
1,mumashuri
1,mumaze
1,mumi
1,mumifuka
1,mumufuka
1,mumurima
1,mumutwe
1,mumyuga
1,munota
1,munyarwanda
1,munyemari
1,munzira
1,mupaka
1,mupira
1,murabeho
1,murakoze
1,murangarurira
1,mureke
1,muretse
1,murima
1,muriro
1,murucyerera
1,muruhame
1,murukerera
1,murwa
1,musabwe
1,musaza
1,musenyeri
1,mushikazi
1,mushiki
1,mushobora
1,mushuti
1,music
1,musobanura
1,musore
1,musozo
1,musuhuze
1,mutabazi
1,mutabihuje
1,mutangabuhamya
1,mutarama
1,mute
1,mutima
1,mutuma
1,mutungo
1,mutuyimana
1,muvandimwe
1,muvanire
1,muvure
1,muwuhe
1,muyobozi
1,muza
1,muzabyandika
1,muzagire
1,muzansuhurize
1,muzaza
1,muziranye
1,mwaba
1,mwakomoje
1,mwakoze
1,mwamufashije
1,mwanyumvishe
1,mwanzuro
1,mwaramwubahutse
1,mwashinje
1,mwategereje
1,mwatubwira
1,mwatumiye
1,mwavuze
1,mwe
1,mwebwe
1,mwicara
1,mwiheba
1,mwijima
1,mwirengereye
1,mwumva
1,myakumyabiri
1,myigire
1,naba
1,nabagana
1,nabagaragu
1,nabagera
1,nabagize
1,nabahutu
1,nabakunzi
1,nabana
1,nabanyamerika
1,nabapadiri
1,nabatwa
1,nabatware
1,nabayamaranye
1,nabayihakana
1,nabazungu
1,nabihinduye
1,nabirabura
1,nabitangarije
1,nabitegetswe
1,nabivuga
1,nabugaga
1,nabuzwa
1,nabwiwe
1,nagato
1,nagira
1,nagize
1,nahoze
1,nairobi
1,naje
1,najye
1,nakomeza
1,nakubeshyaga
1,nakurikiranye
1,nakuye
1,nakwishimiye
1,namabwiriza
1,namafunguro
1,namaguru
1,namahame
1,namahoro
1,namasezerano
1,namashanyarazi
1,namujyanye
1,namuvugushije
1,nangombwa
1,nanze
1,narababaye
1,naragiye
1,narangije
1,narangiza
1,narashaje
1,naraye
1,naretse
1,naririye
1,nariye
1,narose
1,narwanye
1,narwaye
1,narwo
1,naryamye
1,naryo
1,nashyize
1,nasimbuye
1,nasoje
1,nasoza
1,natakaye
1,natanjyiye
1,natareba
1,nategereje
1,nateguriye
1,nateguye
1,native
1,natsinze
1,natwe
1,navuwe
1,nawo
1,nayakuye
1,nayimpuguke
1,nayisumbuye
1,nbakunda
1,ncamake
1,nda
1,ndabakunda
1,ndabibona
1,ndabizi
1,ndabyuka
1,ndagishaka
1,ndagusaba
1,ndagushyigikiye
1,ndahamya
1,ndai
1,ndakiha
1,ndakivuga
1,ndamukubita
1,ndamukunda
1,ndamwanga
1,ndamwihanganishije
1,ndamwubaha
1,ndananiwe
1,ndangamurage
1,ndarambiwe
1,ndaryaye
1,ndashonje
1,ndatekereza
1,ndayareba
1,ndayumva
1,ndaza
1,nde
1,ndebe
1,ndeka
1,ndibukererwe
1,ndibutsinde
1,ndibwa
1,ndigikara
1,ndigisambo
1,ndima
1,ndimo
1,ndimubanzi
1,ndirimba
1,ndose
1,ndoto
1,ndusoze
1,ndwariye
1,ndyumva
1,nebyiri
1,nemeranya
1,nenye
1,new
1,ngari
1,ngarukakwezi
1,ngarukamwaka
1,ngasubira
1,ngayo
1,ngendo
1,ngengamyitwarire
1,ngiki
1,ngingo
1,ngomijana
1,ngororero
1,ngufu
1,nguko
1,ngusaba
1,ngusetse
1,nibara
1,nibarebare
1,nibareke
1,nibibwa
1,nibice
1,nibiciriritse
1,nibigo
1,nibijyana
1,nibijyanye
1,nibikoresho
1,nibimara
1,nibiri
1,nibya
1,nibyabantu
1,nicyakorwa
1,nicyubwonko
1,nifurije
1,nigice
1,nigihe
1,nigirira
1,nigufa
1,nigute
1,nihirwe
1,nihuriro
1,nikarita
1,nikibazo
1,nikigoryi
1,nikindi
1,nikinyarwanda
1,niko
1,nikure
1,nimba
1,nimbaraga
1,nimero
1,nimibanire
1,niminsi
1,nimirire
1,nimiryango
1,nimisoro
1,nimitekerereze
1,nimodoka
1,nimpanuka
1,nimunini
1,nimuremure
1,nimuze
1,nimwe
1,nimyaka
1,nimyitozo
1,nindangagaciro
1,nindangiza
1,nindyo
1,nine
1,ningeso
1,ningirakamaro
1,ningorane
1,ninkiko
1,ninziza
1,nipantaro
1,nirindwi
1,nirungu
1,nirwo
1,niryo
1,nishami
1,nishimiye
1,nishsti
1,nishyirahamwe
1,nisi
1,nitabi
1,nitahire
1,nitatu
1,nitegure
1,nitsinda
1,nivuriro
1,niwe
1,niwumva
1,niyigeze
1,niyumvamo
1,niyungura
1,nize
1,nizeye
1,nizi
1,nje
1,njewe
1,nkaba
1,nkabakora
1,nkabana
1,nkabaziranye
1,nkajya
1,nkamazi
1,nkanabyina
1,nkanjye
1,nkengero
1,nki
1,nkibi
1,nkicyo
1,nkigihe
1,nkigihugu
1,nkijosi
1,nkikawa
1,nkingi
1,nkiri
1,nkiyitwa
1,nkizumutima
1,nkomyi
1,nkora
1,nkubwandu
1,nkubwira
1,nkubwire
1,nkucanganyikiwe
1,nkumukuru
1,nkumutima
1,nkumuvuduko
1,nkumwami
1,nkumwana
1,nkundana
1,nkunga
1,nkuroga
1,nkwereke
1,nkwifurije
1,noheli
1,nrukiko
1,nsanga
1,nsanganyamatsiko
1,nsengimana
1,nshaje
1,nshobora
1,nshonje
1,nsigaye
1,nsinabishobora
1,nsinajyayo
1,nsinigeze
1,nsobanukiwe
1,nsubiremo
1,nsugaye
1,nsuye
1,ntabona
1,ntabyemera
1,ntacyayahungabanya
1,ntagereranywa
1,ntagira
1,ntahabwa
1,ntahandi
1,ntahuye
1,ntakazi
1,ntakigenda
1,ntakubwiye
1,ntakwirwa
1,ntamanuro
1,ntambwe
1,ntameze
1,ntamubona
1,ntamucumuyeho
1,ntamugabo
1,ntamutinya
1,ntamututse
1,ntangiriro
1,ntanirukanwa
1,ntanumuntu
1,ntara
1,ntaramubona
1,ntarangwa
1,ntarongera
1,ntashira
1,ntashobora
1,ntategwa
1,ntateze
1,ntavuze
1,ntawari
1,ntawuhazi
1,ntawuzi
1,ntazasubira
1,ntazemererwa
1,ntazi
1,ntebe
1,nteruro
1,ntibaashyiremo
1,ntibaba
1,ntibajye
1,ntibamuhingukiriza
1,ntibarahabwa
1,ntibashidikanya
1,ntibatubeshye
1,ntibigurwa
1,ntibikibaho
1,ntibikwiye
1,ntibiramenyekana
1,ntibirasobanuka
1,ntibisabirwa
1,ntibyari
1,nticyageze
1,ntigeze
1,ntiheruka
1,ntimukifuze
1,ntimwaba
1,ntimwice
1,ntinda
1,ntirizaba
1,ntirukora
1,ntirusanzwe
1,ntitugomba
1,ntiwibuka
1,ntiyagerwaho
1,ntiyagombaga
1,ntiyaherako
1,ntiyasubira
1,ntiyigeze
1,ntiyongeye
1,ntizava
1,ntoki
1,ntugakunde
1,ntukihebe
1,ntukwiye
1,ntumbaze
1,nturamenya
1,nubishaka
1,nubufasha
1,nubukene
1,nubukerarugendo
1,nubuki
1,nubukire
1,nubundi
1,nuburengerazuba
1,nuburezi
1,nuburwayi
1,nuburyo
1,nubusazi
1,nubwa
1,nubwinshi
1,nubwiyunge
1,nubwoko
1,nubworozi
1,nuhindura
1,nukiri
1,nukuri
1,numubiri
1,numubyimba
1,numuco
1,numugabo
1,numuhutu
1,numujyi
1,numukobwa
1,numukuru
1,numunaniro
1,numurwaza
1,numuryango
1,numusambanyi
1,numvaga
1,numvikana
1,numwiherero
1,numwuga
1,numwungiriza
1,nungutse
1,nuri
1,nuruhare
1,nurwo
1,nuumunani
1,nuwakera
1,nwagaragaje
1,nyabagendwa
1,nyabihu
1,nyabugogo
1,nyaburanga
1,nyafurika
1,nyakanga
1,nyamasheke
1,nyamukuru
1,nyamwasa
1,nyarugano
1,nyaruguru
1,nyerejwe
1,nyijyane
1,nyine
1,nyirarume
1,nyirigitabo
1,nyishi
1,nyungwe
1,nzaba
1,nzabaho
1,nzabazanire
1,nzabigenza
1,nzagerageraza
1,nzagusura
1,nzajyayo
1,nzakira
1,nzamamara
1,nzamukura
1,nzanira
1,nzarangiza
1,nzasoza
1,nzataha
1,nzatangiza
1,nzayigura
1,nzayinamaho
1,nzeri
1,nzigendera
1,nzobere
1,nzu
1,oda
1,ongeraho
1,ottawa
1,oxygène
1,oya
1,paccy
1,padiri
1,paris
1,pasika
1,patrick
1,paul
1,perraudin
1,piyo
1,point
1,polyfam
1,princess
1,priscillah
1,producer
1,public
1,r
1,ra
1,rachel
1,radio
1,reke
1,repubulila
1,rica
1,rifatiye
1,rifite
1,rigamije
1,rigeze
1,rigomba
1,riherereye
1,rihumye
1,rihuza
1,rijyanye
1,rijyiye
1,rikaba
1,rikeya
1,rikomeye
1,rikura
1,rimaze
1,rirahandurika
1,rising
1,ritarangira
1,riterwa
1,ritiro
1,riva
1,riza
1,rizajya
1,round
1,ruandaurundi
1,rubanda
1,rubyiruko
1,ruciriritse
1,rudahingwa
1,ruduhuza
1,rufite
1,rugaga
1,rugari
1,rugategura
1,rugenda
1,rugendo
1,rugera
1,rugero
1,rugo
1,rugomba
1,rugufi
1,ruhabwa
1,ruhame
1,ruhango
1,ruharaye
1,ruhare
1,rujya
1,rukaganira
1,rukangirirwa
1,rukangurirwa
1,rukiko
1,rukiri
1,rukomeza
1,rukundo
1,rukuta
1,rukwiye
1,rumwe
1,rundi
1,runini
1,rupfu
1,rurabo
1,ruracyari
1,ruravuna
1,ruremezwa
1,rurerure
1,rurinda
1,ruritegura
1,rusesabagina
1,rushinzwe
1,rushobora
1,rutanjyiye
1,rutazongera
1,rutesha
1,rutsiro
1,rutura
1,ruzanahabwa
1,ruzatunganya
1,rw
1,rwababaruramari
1,rwabaganga
1,rwabanyarwanda
1,rwabanyeshuri
1,rwabikorera
1,rwabo
1,rwabugili
1,rwagezeho
1,rwagiye
1,rwakiriye
1,rwakoze
1,rwakwandika
1,rwamahanga
1,rwamiko
1,rwandima
1,rwaragabanutse
1,rwashoje
1,rwashyiriweho
1,rwatanzwe
1,rwavuye
1,rwayo
1,rwemewe
1,rwibanze
1,rwiga
1,rwigifaransa
1,rwimideli
1,rwintara
1,rwinzira
1,rwumugongo
1,rwumugore
1,rwungutse
1,ryababisha
1,ryabaganga
1,ryabaturage
1,ryabatuye
1,ryabo
1,ryacu
1,ryagombaga
1,ryahaga
1,ryakeye
1,ryamategeko
1,ryanjye
1,ryariya
1,ryashize
1,ryasubije
1,ryatangaje
1,ryatangiye
1,ryatwegerejwe
1,ryavuye
1,ryavuyemo
1,ryazo
1,ryemerewe
1,ryemeza
1,ryerekana
1,ryibijyanye
1,ryigisha
1,ryihuse
1,ryikigega
1,ryimiyoborere
1,ryindatwa
1,ryindege
1,ryita
1,ryitabiriwe
1,ryiterambere
1,ryongereye
1,ryorohereje
1,ryuko
1,ryumugi
1,ryumuhanda
1,ryumukobwa
1,ryumutungo
1,saha
1,saleh
1,salim
1,sano
1,sekuru
1,sengesho
1,serubuga
1,seth
1,shema
1,shinge
1,shingiro
1,siko
1,simbazi
1,simbikunda
1,simbizi
1,simusiga
1,sinababona
1,sinari
1,sincobora
1,sindahakandagira
1,sindanahagera
1,sinkeka
1,sinzayibagirwa
1,sinzi
1,sinzongera
1,sipiyeyi
1,sirivisi
1,siyansi
1,sobanukirwa
1,sohoka
1,sous
1,stade
1,sue
1,taha
1,tangazo
1,teka
1,tel
1,telephone
1,tirananiwe
1,to
1,touch
1,tuba
1,tubabazwa
1,tubafashe
1,tubahuriza
1,tube
1,tubibuka
1,tubirimo
1,tubitse
1,tubona
1,tubyikorera
1,tubyuka
1,tugahobagira
1,tugakemura
1,tugamije
1,tugena
1,tugere
1,tugeze
1,tugezemo
1,tugurane
1,tujya
1,tujyana
1,tukabaha
1,tukagishwa
1,tukamuhata
1,tukazabikorana
1,tukaziba
1,tukiretse
1,tukiri
1,tumenyana
1,tumenye
1,tumeze
1,tumubwira
1,tumurimo
1,tumwe
1,tunaniwe
1,turabazirikana
1,turacuranga
1,turacyakomeza
1,turagenda
1,turaho
1,turakeka
1,turandika
1,turarya
1,turayagura
1,tureba
1,turicaye
1,turifuza
1,turigendera
1,turishimye
1,turutera
1,turuziho
1,tutazabikora
1,tuticwa
1,tuwitezeho
1,tuyabonera
1,tuyakura
1,tuyamaranye
1,tuyikore
1,tuzababwira
1,tuzabana
1,tuzabikora
1,tuzahora
1,tuzanezerwa
1,tuzaza
1,twa
1,twabaga
1,twabanesheje
1,twabanye
1,twabashije
1,twabigezeho
1,twabishatse
1,twabishyikirije
1,twaburanye
1,twafashe
1,twageze
1,twagiranye
1,twagize
1,twahagurukiye
1,twahinduye
1,twahuje
1,twahujwe
1,twahura
1,twakwigira
1,twamenyana
1,twanabibwiwe
1,twandikiye
1,twanyuzemo
1,twarabuze
1,twarimo
1,twarumvukanye
1,twasabye
1,twasanze
1,twashatse
1,twatangije
1,twatangiye
1,twatanze
1,twatashye
1,twateganyaga
1,twavuye
1,twayanditse
1,twebwe
1,twemera
1,twifurije
1,twifuza
1,twigeze
1,twigira
1,twigisha
1,twimuke
1,twirinde
1,twize
1,twizeye
1,twongere
1,tworoshye
1,twubwonko
1,twumva
1,twumvira
1,twumvishe
1,uababaye
1,ubaburanyije
1,ubangamiye
1,ubanza
1,ubasha
1,ubikoze
1,ubivuga
1,ububiko
1,ubucuruzi
1,ubudabagizi
1,ubugali
1,ubuganga
1,ubuhahirane
1,ubuhaname
1,ubuhanzi
1,ubukangurambaga
1,ubukiristu
1,ubukonje
1,ubumara
1,ubunebwe
1,ubungubu
1,ubura
1,uburakari
1,uburangare
1,uburasirazuba
1,uburebure
1,uburemere
1,uburenganzirwa
1,uburetwa
1,ubusa
1,ubusabe
1,ubuse
1,ubushomeri
1,ubushwa
1,ubusumbane
1,ubutaruhuka
1,ubutegetsi
1,ubutumwa
1,ubutunzi
1,ubuvugizi
1,ubwa
1,ubwabo
1,ubwabyo
1,ubwacu
1,ubwandu
1,ubwanjye
1,ubwawo
1,ubwenegihugu
1,ubwisanzure
1,ubwishingizi
1,ubwisungane
1,ubwitange
1,ubwiza
1,ubwoko
1,ubworozi
1,ubwumva
1,ubyumva
1,ucuruza
1,ucyuye
1,udafite
1,udahura
1,udasezeye
1,udashira
1,udushya
1,udutsi
1,udutsiko
1,ugabanuka
1,ugahagararirwa
1,ugahamagara
1,uganje
1,ugansanga
1,ugendera
1,ugere
1,ugereranije
1,ugihumeka
1,uguhozaho
1,ugushyingo
1,ugushyira
1,uhabwe
1,uhagarariye
1,uhamagara
1,uhambaye
1,uhaye
1,uherutse
1,ujyane
1,ujyanye
1,ukabihuza
1,ukajya
1,ukata
1,ukazireka
1,ukihugura
1,ukiri
1,ukizana
1,ukomereka
1,ukomeye
1,ukomoka
1,ukore
1,ukoresheje
1,uku
1,ukuboza
1,ukuguru
1,ukumva
1,ukunze
1,ukurusha
1,ukutumvikanaibibazo
1,ukuvuga
1,ukwakira
1,ukwerekana
1,ukwiha
1,ukwihangana
1,ukwiriye
1,ukwiruka
1,umbona
1,umerewe
1,umfasha
1,umfata
1,umfitiye
1,umpamagare
1,umubona
1,umubu
1,umubyimba
1,umuceri
1,umudugudu
1,umufa
1,umugabane
1,umugati
1,umugeni
1,umuhesha
1,umuhinzi
1,umuhuzabikorwa
1,umukambwe
1,umukanishi
1,umukara
1,umukene
1,umukinnyi
1,umukono
1,umukoro
1,umukunzi
1,umukuru
1,umulisa
1,umunwa
1,umunyamakuru
1,umunyamwuga
1,umunyenga
1,umunyu
1,umupfakazi
1,umuranga
1,umurenge
1,umurima
1,umurinzi
1,umurose
1,umusatsi
1,umushakaho
1,umushyitsi
1,umusingi
1,umusirikare
1,umusonga
1,umusore
1,umuterankunga
1,umuti
1,umuturanyi
1,umutware
1,umutwaro
1,umuvandimwe
1,umuvugo
1,umuyakuri
1,umuzamu
1,umuzindaro
1,umwarimu
1,umwenda
1,umwihariko
1,umwuga
1,umyaka
1,unafite
1,undebe
1,uni
1,university
1,unlimited
1,urabyumva
1,uracyakeneye
1,uracyari
1,urakebanye
1,urakomora
1,urangire
1,urarangiye
1,urareba
1,uratangira
1,uraturanga
1,ureba
1,urebe
1,urebye
1,urfupfu
1,uriga
1,urihariye
1,uritonda
1,urubona
1,urubyaro
1,urugamba
1,urugerero
1,uruhande
1,uruhu
1,uruhura
1,urujijo
1,urumuri
1,urumutse
1,urumva
1,urunuka
1,urusaku
1,uruti
1,uruzinduko
1,urwaho
1,urwandiko
1,urwaragurika
1,urwaye
1,usenga
1,usesuye
1,ushatswe
1,ushishoza
1,ushoboye
1,ushonje
1,ushyiraho
1,ushyirwa
1,ushyizemo
1,usibye
1,usigaye
1,usubije
1,utabasha
1,utabyumva
1,utagukunda
1,utaha
1,utahemutse
1,utakoze
1,utamuguriye
1,utandukana
1,utarashaka
1,utazi
1,utazibagirana
1,utazongera
1,utegereje
1,utembera
1,uterwa
1,uteza
1,utua
1,utubari
1,utundi
1,utureba
1,uturere
1,uturuka
1,utuzi
1,uvuye
1,uwa
1,uwabazima
1,uwabikeneraga
1,uwamahoro
1,uwari
1,uwatsinze
1,uwayigannye
1,uwibyishimo
1,uwizeye
1,uyavuga
1,uyibona
1,uyifungira
1,uyihaye
1,uyisanga
1,uyitwaye
1,uyumubyeyi
1,uyumunyeshuri
1,uyumupapa
1,uzabona
1,uzagabanuka
1,uzahabwa
1,uzajya
1,uzakibona
1,uzamubona
1,uzanshake
1,uzasanga
1,uzasome
1,uzige
1,uzira
1,visi
1,vubaha
1,vugire
1,vuriro
1,wabadepite
1,wabakiriya
1,wabantu
1,wabariza
1,wabaturage
1,wabaye
1,wabayobozi
1,wabibona
1,wabibumbye
1,wabiga
1,wabona
1,wabunzi
1,wadufashije
1,waduhamagara
1,wafunguye
1,wagikoze
1,wagukiye
1,wahariwe
1,waherukaga
1,wahise
1,wahoze
1,wahuye
1,wajyiye
1,wakabiri
1,wakarere
1,wakomeretse
1,wakoresha
1,wakorewe
1,wakoze
1,wakwihutira
1,wambangamira
1,wambaye
1,wamboneye
1,wambwiye
1,wamenye
1,wamufashije
1,wamugabo
1,wamuhaye
1,wamukobwa
1,wamukorera
1,wansize
1,wanyu
1,wanyuma
1,war
1,warageze
1,warahimbwe
1,warahombye
1,waramutsinze
1,waranze
1,waratsinze
1,warishakiye
1,wariyongera
1,wariyongereye
1,wasanga
1,washyize
1,wasoma
1,watangiye
1,watwaye
1,watwo
1,wavutse
1,wayasoma
1,wayiguyemo
1,wayoboraga
1,wayoboye
1,wazanzaniye
1,wemera
1,wenda
1,wenyine
1,wera
1,wesheje
1,wibibutse
1,wibitekekerezo
1,wicaye
1,wiciwe
1,wifuriza
1,wiga
1,wigeze
1,wigihanganjye
1,wigikorwa
1,wikibazo
1,wimana
1,wimari
1,wimitsi
1,wimuseka
1,wimyaka
1,winkiko
1,winyama
1,winyangamugayo
1,wishami
1,wishwe
1,witabiriwe
1,wiwacu
1,wiyo
1,wiyogera
1,wiza
1,wongera
1,wubuzuzanye
1,wubwubatsi
1,wuje
1,wukwezi
1,wumareho
1,wumuhanga
1,wumujyi
1,wumukobwa
1,wumunyarwanda
1,wumuryango
1,wumutware
1,wumva
1,wumwami
1,wundi
1,wungirije
1,wuwo
1,wuyu
1,yaba
1,yababaruramari
1,yabagonze
1,yabagore
1,yabahinduriye
1,yabajije
1,yabajijwe
1,yabajyana
1,yabajyanamo
1,yabakoloni
1,yabakoreraga
1,yabaminisitiri
1,yabandura
1,yabanduza
1,yabanyamahanga
1,yabanyamuryango
1,yabanyeshuri
1,yabateguriye
1,yabaturage
1,yabayeho
1,yabayobozi
1,yabibwiraga
1,yabigenje
1,yaboneye
1,yaburiyemo
1,yabyara
1,yabyukanye
1,yacishije
1,yaduhaye
1,yaduteye
1,yafashwe
1,yagabanye
1,yagabiwe
1,yagaragaye
1,yageneye
1,yageze
1,yagezeho
1,yagiranye
1,yagiriwe
1,yagongwaga
1,yagusabaga
1,yahabwaga
1,yahagurukiye
1,yahasanze
1,yahawe
1,yahererekanyaga
1,yahitanye
1,yahizwe
1,yaho
1,yahuje
1,yajya
1,yaka
1,yakazi
1,yakemura
1,yakiriwe
1,yakiriye
1,yako
1,yakomeretse
1,yakoranye
1,yakunze
1,yakuye
1,yakuze
1,yakwangirika
1,yakwiriye
1,yamagorofa
1,yamahanga
1,yamamaye
1,yamaraga
1,yamasaha
1,yamasoko
1,yamavuko
1,yambikwaga
1,yambitswe
1,yambwiye
1,yambyukije
1,yamenye
1,yamenyekanye
1,yamenyesheje
1,yamezi
1,yamubwiye
1,yamugaye
1,yamugonze
1,yamuhaye
1,yamukoreye
1,yamusabye
1,yananiye
1,yandika
1,yandikiye
1,yanenze
1,yangezeho
1,yangiza
1,yanguriye
1,yanjyana
1,yankoreye
1,yansabye
1,yanyuzwa
1,yapfuye
1,yara
1,yarabasigiye
1,yarabataye
1,yaradusuye
1,yaragarujwe
1,yarageze
1,yaragutse
1,yarahizwe
1,yarakomeje
1,yaramugororeye
1,yaramukiye
1,yarangije
1,yarapfuye
1,yarasaze
1,yarashatswe
1,yaratakaje
1,yaratwibagiwe
1,yaribajije
1,yarigisemo
1,yarushijeho
1,yasaba
1,yasabitswe
1,yasaga
1,yashavuje
1,yashenye
1,yashimangiraga
1,yashimangiye
1,yashimiwe
1,yashimye
1,yashishikarije
1,yashwanyaguritse
1,yashyize
1,yashyizwemo
1,yasinye
1,yasohoye
1,yasoje
1,yasuraga
1,yatangaga
1,yatangaje
1,yatanjyiye
1,yatannye
1,yatanze
1,yatashye
1,yategetse
1,yateje
1,yateranye
1,yatewe
1,yateye
1,yatorerwaga
1,yatorewe
1,yatumye
1,yaturage
1,yatureze
1,yatwijeje
1,yavanwa
1,yavuga
1,yavugaga
1,yavugiwemo
1,yavutse
1,yawo
1,yayo
1,yayoboraga
1,yayoboreye
1,yazamuye
1,yazo
1,yegera
1,yegereje
1,yegerejwe
1,yegereye
1,yemeje
1,yemeranyije
1,yemererwe
1,yemeye
1,yera
1,yesheje
1,yesu
1,yezu
1,yibaruramari
1,yibasiye
1,yibaza
1,yibigo
1,yibikorwa
1,yibishyimbo
1,yibiza
1,yibukirwaho
1,yibutsa
1,yibyabaye
1,yibyo
1,yicara
1,yicisha
1,yicyo
1,yidegembya
1,yifuza
1,yigeze
1,yigicamunsi
1,yigisha
1,yigishije
1,yigishwa
1,yihariwe
1,yihene
1,yihishe
1,yijujutiye
1,yikoranabuhanga
1,yikorera
1,yikubise
1,yimakaza
1,yimbibi
1,yimenyereza
1,yimikino
1,yiminota
1,yimitswe
1,yimya
1,yimyanya
1,yimye
1,yinda
1,yindwara
1,yinjizaga
1,yinkokora
1,yintumwa
1,yireguye
1,yiriwe
1,yisanga
1,yise
1,yishwe
1,yishyimiye
1,yishyura
1,yisigarira
1,yisubiramo
1,yisubuye
1,yiswe
1,yitabiriye
1,yitabye
1,yitanjyiye
1,yiteguraga
1,yiteguye
1,yitorero
1,yitwaga
1,yivanga
1,yivuze
1,yiyemereye
1,yiyemeza
1,yiyo
1,yizewe
1,yizeye
1,yobokimana
1,yohani
1,yoherezwa
1,yokeje
1,yombi
1,yongera
1,yongeye
1,yongeyeho
1,yonyine
1,yooo
1,york
1,yoroheje
1,yoroshya
1,yubake
1,yubakira
1,yubatswe
1,yubucuruzi
1,yubuhumekero
1,yubumenyi
1,yubwo
1,yudutsi
1,yuje
1,yujuje
1,yukwezi
1,yumubiri
1,yumuco
1,yumugi
1,yumuhanda
1,yumunyamuryango
1,yumura
1,yumurwayi
1,yumutungo
1,yumututsi
1,yumvira
1,yunganira
1,yurubyiruko
1,yururrimi
1,yurwanda
1,yurwo
1,yuturere
1,yyu
1,zabana
1,zabikorera
1,zabukuru
1,zafashwe
1,zagaragaye
1,zagejejwe
1,zahise
1,zakababaro
1,zakoraniye
1,zakozanyagaho
1,zamadolari
1,zamanywa
1,zamaso
1,zamateka
1,zamubyiniye
1,zanjye
1,zanyu
1,zarangiye
1,zari
1,zarwo
1,zashishikarijwe
1,zatoranywaga
1,zatowe
1,zemejwe
1,zerekeza
1,zibihagurutsa
1,zibonekeye
1,zibukwa
1,zibyorezo
1,zica
1,zidakira
1,zidasanzwe
1,zidateza
1,zigaga
1,zigenda
1,zigerey
1,zigira
1,zigota
1,zihabwa
1,zihana
1,zihariye
1,zihe
1,zihitana
1,zihumuriza
1,zihuriweho
1,zihuza
1,zije
1,zijoro
1,zijya
1,zijyiye
1,zikemuka
1,zikomeje
1,zikomeye
1,zikomeza
1,zikorerwa
1,zikoreshwa
1,zikunda
1,zikwiriye
1,zimari
1,zimbyeyi
1,zimeze
1,zimugoye
1,zimumereye
1,zindege
1,zingenzi
1,zinjira
1,zinka
1,ziranyagwa
1,zirazwi
1,zirenga
1,ziri
1,zirurimo
1,zisaba
1,zishaje
1,zishe
1,zishemo
1,zishimangira
1,zishoje
1,zisusurutsa
1,zisya
1,zitandura
1,zitanga
1,zitateganyijwe
1,ziteza
1,zitwara
1,ziva
1,zivuga
1,ziyobowe
1,zizagenerwa
1,zombi
1,zubucuruzi
1,zubusambanyi
1,zubutegetsi
1,zubuzima
1,zubwishingizi
1,zumubiri
1,zumutekano
2,abafasha
2,abagenzi
2,abagize
2,abahanga
2,abakiri
2,abanza
2,abarwayi
2,abasaza
2,abashyitsi
2,abemera
2,abifashijwemo
2,abinyujije
2,abize
2,abona
2,accounting
2,acibwa
2,adatemberamo
2,aganira
2,agera
2,agezeyo
2,ahagaragara
2,ajya
2,ajyanwa
2,akaboko
2,akandi
2,akanunu
2,akenshi
2,akoresha
2,amabanki
2,amadini
2,amafuti
2,amagana
2,amaguru
2,amaherezo
2,amahoro
2,amahugurwa
2,amahumbezi
2,amatsiko
2,amazina
2,ambasade
2,amoko
2,anategeka
2,andi
2,aragaruka
2,arahaguruka
2,arangije
2,aregereje
2,arko
2,aruko
2,arwaye
2,asabwa
2,ashyiraho
2,atabasha
2,atabona
2,atakoreye
2,atandatu
2,atari
2,atembera
2,ateye
2,babaga
2,babakobwa
2,babanje
2,babanyarwanda
2,babonaga
2,babyifuza
2,badafite
2,bafashe
2,bafata
2,baganira
2,baganiriye
2,bagaragaje
2,bagezweho
2,bagwingiye
2,bahabwa
2,bahora
2,bakarekurwa
2,bakomeje
2,bakomeza
2,bakorera
2,bakurikirana
2,bana
2,bandi
2,bane
2,banyanzoga
2,banyeshuri
2,barashishikarizwa
2,bashaka
2,bashyirwa
2,basigaye
2,batanga
2,batangaje
2,batangira
2,batari
2,bayobozi
2,bazaba
2,bice
2,bigaga
2,bigera
2,bigerwaho
2,bihinduka
2,bihutira
2,bijeje
2,bijya
2,bikabije
2,bikaze
2,bimara
2,bimenyetso
2,bimeze
2,bintu
2,binyamakuru
2,binzobere
2,birafasha
2,birakenewe
2,biribwa
2,birori
2,bishimiye
2,bishoboka
2,bisobanuye
2,bitanga
2,bitatu
2,bitera
2,biteza
2,bitinze
2,bivugwa
2,bivuze
2,boeing
2,boutros
2,budeyi
2,buhagaze
2,bukwiye
2,bumaze
2,burayi
2,burimo
2,buriya
2,burwayi
2,bushingiye
2,butabera
2,butumwa
2,bwakozwe
2,bwami
2,bwanjye
2,bwari
2,bwerekanye
2,bwigenge
2,byabaye
2,byacu
2,byageze
2,byamuhaye
2,byari
2,byatangiye
2,byigihugu
2,byombi
2,byongera
2,byubuzima
2,byuma
2,council
2,cyabo
2,cyakora
2,cyamoko
2,cyaro
2,cye
2,cyenda
2,cyiza
2,cyu
2,de
2,dieu
2,dukwirakwiza
2,dutangire
2,dutunze
2,duturika
2,ebyiri
2,emmanuel
2,gabiro
2,gasabo
2,gaspard
2,gatolika
2,gérard
2,gihari
2,gikomeye
2,gitabo
2,gucibwa
2,gucika
2,guhaha
2,guhakana
2,guhanga
2,guhashya
2,guhiga
2,guhuza
2,gukomeza
2,gukuraho
2,gukurikira
2,gukurikizwa
2,guseka
2,gusesengura
2,gushyigikira
2,gusoma
2,gusoza
2,gusubirana
2,gutegereza
2,gutegura
2,gutekereza
2,guterwa
2,guturika
2,habamo
2,habanje
2,habaye
2,habereye
2,hakaba
2,hakorwa
2,hakurya
2,haracyari
2,hashobora
2,hasi
2,he
2,hehe
2,hindukira
2,hirya
2,ibarura
2,ibaye
2,ibicurane
2,ibidukikije
2,ibigo
2,ibihembo
2,ibinyabiziga
2,ibirayi
2,ibishyimbo
2,ibiti
2,ibiyobyabwenge
2,ibumoso
2,ibya
2,ibyemezo
2,icumi
2,icyaha
2,icyakora
2,icyemezo
2,ifata
2,ifatika
2,ifunguro
2,igamije
2,igaragaza
2,igare
2,igisobanuro
2,igisubizo
2,igwa
2,igwingira
2,ihabwa
2,ijoro
2,ijyana
2,ikaba
2,ikagira
2,ikamba
2,ikaramu
2,ikemezo
2,ikipe
2,ikirego
2,ikirere
2,ikiyaga
2,ikizamini
2,ikora
2,imashini
2,imbangukiragutabara
2,imboga
2,imbuto
2,imbwa
2,imibanire
2,imibereho
2,imihigo
2,imineke
2,imishinga
2,imiturire
2,impano
2,impeta
2,impinduka
2,imvugo
2,imwe
2,imyuga
2,imyumvire
2,inaha
2,indangamuntu
2,indyo
2,ineza
2,inguzanyo
2,inkiko
2,inkunga
2,inshingano
2,instagram
2,intege
2,intego
2,intungamubiri
2,inyama
2,inyungu
2,inzobere
2,iperereza
2,ipima
2,irashaje
2,ishati
2,ishinga
2,ishoramari
2,ishyirwaho
2,isombe
2,itandatu
2,itariki
2,iteka
2,iti
2,ivugururwa
2,iwabo
2,iwe
2,iyihe
2,kabgayi
2,kabone
2,kagali
2,kamena
2,kanombe
2,kanuma
2,karoli
2,karongi
2,kayonza
2,kenshi
2,kereka
2,keretse
2,keza
2,kibuye
2,kicukiro
2,kiliziya
2,kindi
2,kinshasa
2,kintu
2,kinyarwanda
2,kirego
2,kirenze
2,kirere
2,kivuga
2,koga
2,kohereza
2,kongo
2,kose
2,kubangamira
2,kubikoresha
2,kubungabunga
2,kubura
2,kuburyo
2,kubuzima
2,kucyumweru
2,kugabanya
2,kugaragara
2,kugenzura
2,kugezwa
2,kugwa
2,kumenyekana
2,kumenyekanisha
2,kumufasha
2,kumuhuhura
2,kundi
2,kunsura
2,kurangirika
2,kurushaho
2,kuryama
2,kutagira
2,kuvugururwa
2,kuzuza
2,kwamamaza
2,kwandura
2,kwayo
2,kwegereza
2,kwemeranya
2,kwibanda
2,kwigisha
2,kwihangira
2,kwihaza
2,kwimakaza
2,kwiruka
2,kwitabira
2,kwitegura
2,kwiteza
2,kwitinyuka
2,kwiyamamaza
2,kwiyubaka
2,lick
2,louise
2,mabwiriza
2,macron
2,magama
2,make
2,malariya
2,manifesto
2,mastercard
2,mbi
2,mbona
2,mbwira
2,meze
2,mibereho
2,migi
2,mikorere
2,miliyari
2,mishinga
2,miti
2,mito
2,mkombozi
2,modoka
2,moto
2,moya
2,mpanabyaha
2,mpora
2,mubi
2,mubibazo
2,mubuzima
2,mubyara
2,mubyeyi
2,mucyo
2,muduteze
2,mugabane
2,mugi
2,mugitondo
2,muhanga
2,muhire
2,muhungu
2,mujya
2,mukorogo
2,multisystem
2,munini
2,munyeshuri
2,murabizi
2,murumuna
2,musanze
2,mushi
2,mushikiwabo
2,musoni
2,muto
2,muzaze
2,mvuga
2,mvugo
2,myanya
2,nabadepite
2,nabafatanyabikorwa
2,nabanyafurika
2,nabwo
2,nabyo
2,nacyo
2,nafashe
2,nako
2,namwe
2,nanditse
2,nanjye
2,national
2,nayo
2,ndabarasa
2,ndangije
2,ndeba
2,ndege
2,ndende
2,ndirimbo
2,ngabo
2,ngendanwa
2,ngira
2,ngwino
2,nibaruramari
2,nibeza
2,nibibazo
2,nibintu
2,nibo
2,nibyago
2,nifuza
2,nigwingira
2,niho
2,nimvura
2,nindi
2,nindwara
2,ninshuti
2,ninzobere
2,ninzoga
2,niterambere
2,nizindi
2,nizo
2,njyenyine
2,nkabarimu
2,nkeneye
2,ntarengwa
2,ntekereza
2,nteko
2,ntera
2,ntibari
2,ntsinzi
2,ntuye
2,nubumuga
2,numushoferi
2,numutekano
2,numuyobozi
2,numwana
2,nuwo
2,nyagahinga
2,nyakubahwa
2,nyamara
2,nyarugenge
2,nzaza
2,nzego
2,nzira
2,petero
2,politiki
2,prunier
2,remera
2,rero
2,ribamo
2,rifasha
2,riri
2,rubavu
2,rubuga
2,rugamba
2,ruhago
2,ruramba
2,rutera
2,rutwara
2,ruva
2,rwacu
2,rwamparage
2,rwandair
2,rwe
2,rwigihugu
2,rwiza
2,ryihutisha
2,ryubuganga
2,ryumuryango
2,semugazi
2,shami
2,sibyiza
2,sida
2,sinigeze
2,studio
2,taliki
2,technicians
2,telefone
2,telefoni
2,televiziyo
2,the
2,tsinda
2,tubashe
2,tujyane
2,turabatakambira
2,turere
2,tuza
2,tuzajya
2,tuzakora
2,tuzi
2,twahawe
2,twahisemo
2,twakwiteza
2,twe
2,twiyemeje
2,twugarijwe
2,ubishaka
2,ubonye
2,ubuhamya
2,ubuhinzi
2,uburinganire
2,uburwayi
2,ubusanzwe
2,ubushake
2,ubwiyunge
2,ugasanga
2,ugeze
2,ugira
2,ugiye
2,ugize
2,ugomba
2,ugushyiraho
2,ukabije
2,ukabona
2,ukeneye
2,ukora
2,umucuruzi
2,umugambi
2,umuhanda
2,umuhungu
2,umunyamabanga
2,umunyamuryango
2,umunyarwanda
2,umunyarwandakazi
2,umupaka
2,umurage
2,umurava
2,umusanzu
2,umushinga
2,umutungo
2,umwanditsi
2,umwitozo
2,umwuka
2,urugero
2,urwanda
2,urwo
2,ute
2,utera
2,utere
2,utuye
2,uyumuhungu
2,uyumukobwa
2,uyumwana
2,uzanangira
2,virusi
2,waba
2,wababaruramari
2,wabyemeye
2,waduhuje
2,wagiye
2,wamashuri
2,wampaye
2,wasobanura
2,winyitirira
2,witwa
2,wowe
2,wumwuga
2,yababiligi
2,yabahutu
2,yabitangaje
2,yafashe
2,yagaragaje
2,yagarutse
2,yagombaga
2,yagonze
2,yahuye
2,yakarere
2,yakomoje
2,yakozwe
2,yamajyepfo
2,yamaraso
2,yamufasha
2,yanditswe
2,yanyu
2,yanze
2,yaranyanze
2,yarenze
2,yarwo
2,yasinyweho
2,yawe
2,yemeza
2,yepfo
2,yibanze
2,yiburengerazuba
2,yigaga
2,yihariye
2,yimpanuka
2,yishimira
2,yishimiye
2,yitabwaho
2,yitwa
2,yize
2,yubutegetsi
2,yumunsi
2,yumuvuduko
2,yumva
2,yumwaka
2,yuyu
2,zabaturage
2,zabo
2,zakunzwe
2,zayo
2,zigana
2,zigihugu
2,zigomba
2,zimaze
2,zimwe
2,zindi
2,zisohoka
2,zitera
2,zubuvuzi
2,zumutima
3,abahinzi
3,abahungu
3,abahutu
3,abari
3,abaturanyi
3,abiri
3,abwira
3,afrique
3,agenda
3,agiye
3,ahandi
3,akomeje
3,akomeza
3,amabaruwa
3,amafunguro
3,amashuri
3,araza
3,asaba
3,asanga
3,ashinzwe
3,asigaye
3,atangiye
3,azajya
3,b
3,babonye
3,bagize
3,bahise
3,bahutu
3,bajya
3,bakeneye
3,bakunze
3,bakwiye
3,bamenya
3,banyarwanda
3,barenga
3,basabye
3,bashimishijwe
3,bategereje
3,bato
3,batuye
3,batwara
3,bawe
3,baza
3,bene
3,bibazo
3,bibi
3,bigo
3,bigoye
3,bikomeye
3,bimaze
3,biruta
3,bisabwa
3,bisanzwe
3,bishimishije
3,bonyine
3,bugesera
3,bukomeye
3,bushakashatsi
3,bushya
3,bwibanze
3,bwihuse
3,bwiza
3,by
3,byaba
3,byabo
3,byakozwe
3,certified
3,cyari
3,data
3,dore
3,doriane
3,eshatu
3,gace
3,gatandatu
3,gicurasi
3,gifite
3,gisirikare
3,gisirikari
3,gitondo
3,gufata
3,gukoresha
3,gukurikirana
3,gukurikiza
3,gusenga
3,gushakisha
3,gushyira
3,gute
3,gutegurwa
3,guverineri
3,guverinoma
3,hakenewe
3,hakoreshejwe
3,hakwiye
3,hantu
3,hanze
3,heza
3,hino
3,ibaruramari
3,ibiciro
3,ibiganiro
3,ibihano
3,ibihumbi
3,ibikorwaremezo
3,ibiro
3,ibisekuru
3,ibishoboka
3,ibizamini
3,ibyimirire
3,ibyishimo
3,icyorezo
3,icyumweru
3,ijya
3,ikintu
3,ikinyarwanda
3,imihanda
3,impungenge
3,imyanya
3,ingagi
3,ingengo
3,ingirakamaro
3,inkoko
3,inshuro
3,intara
3,isaba
3,ishami
3,ishobora
3,ivuga
3,izina
3,izuba
3,jeune
3,kabuga
3,kane
3,kanseri
3,karindwi
3,kazi
3,koko
3,kongera
3,kubaho
3,kubasura
3,kubyo
3,kubyumva
3,kuganira
3,kugaruka
3,kugura
3,kurangiza
3,kurira
3,kuyobora
3,kuzamuka
3,kwigira
3,kwigishwa
3,laboratwari
3,maboko
3,mafaranga
3,makuru
3,mariya
3,mateka
3,mike
3,mirenge
3,mpanuka
3,mufite
3,murugo
3,mushinga
3,myinshi
3,nabantu
3,nabayobozi
3,nagiye
3,nakoze
3,nari
3,navuga
3,ndagukunda
3,ndangamuntu
3,nderabuzima
3,ndumva
3,ngaruka
3,ngiye
3,ngombwa
3,nibyo
3,nicyo
3,niga
3,nijoro
3,nini
3,njyanama
3,njyewe
3,njyiye
3,nkaho
3,none
3,nshaka
3,nshingano
3,nshya
3,nubu
3,nuburetwa
3,nubwonko
3,numuntu
3,numutima
3,nyampinga
3,nyanza
3,nyogokuru
3,nzi
3,paji
3,papa
3,records
3,remezo
3,rishya
3,ruri
3,rushanwa
3,rusizi
3,ruzi
3,rwubuzima
3,rye
3,ryumwuga
3,senderi
3,serwiri
3,sinkunda
3,sita
3,soko
3,tugiye
3,tujye
3,twabonye
3,twavuga
3,twese
3,uba
3,ubona
3,ububasha
3,ubundi
3,uburezi
3,ubuvuzi
3,ubwe
3,ubwenge
3,ubwoba
3,ubwonko
3,udakunda
3,ugenda
3,ujye
3,umaze
3,umubaruramari
3,umuco
3,umugi
3,umunyeshuri
3,umurimo
3,umuriro
3,umutima
3,umuvuduko
3,umwamikazi
3,umwanya
3,uruganda
3,urukiko
3,ururimi
3,usanga
3,ushinzwe
3,utabizi
3,uyirwaye
3,wibihugu
3,wigihugu
3,wose
3,wubumwe
3,yabonye
3,yaciye
3,yahoze
3,yanyeretse
3,yanyuze
3,yarwaye
3,yasabye
3,yavanaga
3,yerekana
3,yewe
3,yi
3,yimari
3,yinka
3,zirimo
3,zitandukanye
3,zituma
3,zunze
4,ababaruramari
4,ababyeyi
4,abagabo
4,abarimu
4,abazungu
4,agaragaza
4,agira
4,akamaro
4,akavuga
4,amakarita
4,amasaha
4,amaso
4,amateka
4,amatora
4,amavuta
4,ashaka
4,atatu
4,aza
4,bashobora
4,batandatu
4,bazi
4,biga
4,bigeze
4,bikaba
4,birinda
4,bisaba
4,bityo
4,bukeye
4,bumva
4,butegetsi
4,byagiye
4,cyabahutu
4,cyumweru
4,gihirahiro
4,gikorwa
4,guhangana
4,guhera
4,guhora
4,gukemura
4,gukorana
4,gukunda
4,gusaba
4,haba
4,harya
4,hashize
4,hazaza
4,henshi
4,ibanga
4,ibiri
4,ibirori
4,ibitaro
4,ibyiza
4,icyizere
4,ifite
4,igihecom
4,igihumbi
4,ikiganiro
4,ikomeye
4,imirire
4,imisoro
4,imitungo
4,impamvu
4,inani
4,indangagaciro
4,ingaruka
4,ingendo
4,inkingo
4,inzego
4,isi
4,itabi
4,itera
4,ituma
4,izindi
4,jean
4,kiganiro
4,kigero
4,kigo
4,kubaha
4,kugenda
4,kumwe
4,kundwa
4,kuvura
4,kuwa
4,kwandika
4,kwanga
4,kwari
4,kwe
4,kwezi
4,kwishyira
4,kwishyura
4,kwitabwaho
4,mashuri
4,mata
4,meza
4,minsi
4,miryango
4,mpamvu
4,mubiri
4,mudasobwa
4,mugenzi
4,mugore
4,muhanzi
4,mukerarugendo
4,mukuru
4,munani
4,muryango
4,mwanya
4,mwuga
4,nabaganga
4,nabakoloni
4,ndifuza
4,nicyenda
4,nimbonezamirire
4,nitanu
4,nko
4,nshuro
4,nsinzi
4,ntakibazo
4,nu
4,nyandiko
4,pariki
4,raporo
4,reka
4,ruhande
4,rukingo
4,rwamagana
4,ry
4,shaka
4,tugomba
4,tumaze
4,twari
4,ubukerarugendo
4,ubukungu
4,ubukwe
4,ubushakashatsi
4,ubushobozi
4,ubutaka
4,ukwezi
4,umubano
4,umubyeyi
4,umuganda
4,umujyi
4,umukino
4,umukobwa
4,umurongo
4,umutekano
4,umutwe
4,umuyobozi
4,urukingo
4,ushaka
4,ushize
4,ushobora
4,uvuga
4,uzaze
4,uze
4,uzi
4,wamaguru
4,wawe
4,werurwe
4,yabaye
4,yahise
4,yajyiye
4,yiminsi
4,yuko
5,ababana
5,abahanzi
5,abakoloni
5,abakora
5,abatware
5,abo
5,agaciro
5,akwiye
5,amahirwe
5,amakosa
5,amazi
5,amerika
5,azi
5,bakora
5,banki
5,bigatuma
5,bihugu
5,bizirakwezi
5,burundi
5,bwinshi
5,bwonko
5,byatumye
5,bye
5,cyose
5,gito
5,gutangira
5,gutwara
5,gutyo
5,hagati
5,hakiri
5,hamwe
5,hashyizweho
5,hose
5,ibihe
5,ibikorwa
5,ibindi
5,ibyago
5,igeragezwa
5,igice
5,imbaraga
5,imibare
5,imikorere
5,ingufu
5,intumwa
5,inzira
5,ishuri
5,isuku
5,itatu
5,izo
5,kampala
5,kayibanda
5,kunoza
5,kwibuka
5,kwivuza
5,kwiyongera
5,loni
5,miliyoni
5,mpuzamahanga
5,mushya
5,naho
5,nibura
5,niki
5,njya
5,ntacyo
5,ntego
5,numunani
5,numwe
5,nyina
5,nzajya
5,radiyo
5,ryo
5,tariki
5,turimo
5,ubumuga
5,uburenganzira
5,ufite
5,ukuntu
5,ukuri
5,umupira
5,umuziki
5,uruhare
5,urukundo
5,urwego
5,wabo
5,wamaraso
5,yakoze
5,yambaye
5,yanditse
5,yatangiye
5,ye
5,yisumbuye
5,yiyemeje
5,yu
5,yubuzima
5,yuzuye
5,z
6,abaganga
6,abagore
6,abakobwa
6,abandi
6,ahantu
6,aka
6,akora
6,amagambo
6,amashanyarazi
6,atangira
6,atanu
6,ayo
6,babo
6,bagenzi
6,bakuru
6,batangiye
6,biba
6,bijyanye
6,bitandukanye
6,bumwuga
6,bw
6,byiza
6,ebola
6,gato
6,gufasha
6,guhabwa
6,guhura
6,gukorwa
6,gukura
6,hano
6,ibaruwa
6,ibimenyetso
6,ibitekerezo
6,ibwami
6,ibyangombwa
6,ikigo
6,impanuka
6,imvura
6,indege
6,intambwe
6,inyuma
6,inzoga
6,kinini
6,kumenya
6,kurusha
6,kurwanya
6,kuza
6,kwijana
6,kwita
6,mama
6,mfite
6,mibi
6,mujyi
6,muntu
6,nabo
6,nabonye
6,njye
6,nka
6,nkuko
6,noneho
6,numva
6,polisi
6,rubyagira
6,sendashonga
6,siporo
6,sosiyete
6,ubufasha
6,ubuhake
6,ubumenyi
6,ubumwe
6,ubutabera
6,ukunda
6,umunsi
6,umurwayi
6,umuryango
6,uru
6,urugendo
6,wari
6,yabo
6,ze
7,abakozi
7,amabwiriza
7,amata
7,aya
7,baba
7,babiri
7,bantu
7,barimo
7,beza
7,bimwe
7,bwe
7,byumwihariko
7,cyacu
7,dufite
7,gatatu
7,guha
7,gutanga
7,guteza
7,habayeho
7,hafi
7,hejuru
7,ibijyanye
7,ibiryo
7,icyenda
7,iharanira
7,ikipari
7,iminsi
7,indi
7,ingamba
7,ingenzi
7,inka
7,inkuru
7,inshuti
7,irindwi
7,itanu
7,kibazo
7,kubana
7,kubona
7,kugera
7,kuva
7,kwa
7,minisiteri
7,muganga
7,mukobwa
7,museveni
7,myiza
7,ndwara
7,nibwo
7,niyo
7,rya
7,ryari
7,ubwigenge
7,umubare
7,umugabo
7,umugore
7,umwanzuro
7,wacu
7,yagize
7,yakorewe
7,yimyaka
7,yose
7,zose
8,abayobozi
8,aha
8,bagiye
8,bikorwa
8,birimo
8,bitewe
8,congo
8,demokarasi
8,gusura
8,gutera
8,ikindi
8,imaze
8,imirimo
8,ine
8,kumva
8,mahanga
8,mugabo
8,mwiza
8,myaka
8,nabatutsi
8,ndi
8,nibindi
8,rusange
8,rwa
8,rwo
8,rwose
8,si
8,undi
8,uretse
8,vuba
8,yacu
8,yagiye
8,yigihugu
9,ababiligi
9,ahubwo
9,akaba
9,akarere
9,amaraso
9,ashobora
9,banjye
9,bavuga
9,bufaransa
9,ese
9,gatanu
9,harimo
9,inzu
9,junior
9,kurya
9,magana
9,menshi
9,nawe
9,nkuru
9,nziza
9,repubulika
9,ukuboko
9,umusaruro
9,umwami
9,urubyiruko
9,wu
9,yaje
9,yakomeje
10,abatutsi
10,agomba
10,ba
10,be
10,bose
10,cyo
10,gusa
10,gushaka
10,imodoka
10,isoko
10,karere
10,kera
10,kureba
10,kwirinda
10,makumyabiri
10,maze
10,nabi
10,nama
10,nubwo
10,saa
10,turi
10,umwaka
10,w
10,yanjye
11,abanyeshuri
11,akazi
11,amasomo
11,amategeko
11,bakunda
11,bituma
11,bo
11,gahunda
11,ibi
11,ijana
11,ikoranabuhanga
11,imana
11,iterambere
11,kare
11,kugirango
11,kunywa
11,kure
11,kuvuga
11,niba
11,nuko
11,ubuyobozi
12,aba
12,amaze
12,bamaze
12,bamwe
12,biri
12,bwo
12,ibintu
12,iwacu
12,kabiri
12,kimwe
12,kubaka
12,kugeza
12,nyarwanda
12,nyinshi
12,rimwe
12,rwego
12,uriya
13,afurika
13,akunda
13,bibiri
13,bishobora
13,buzima
13,gaheshyi
13,jenoside
13,kuki
13,leta
13,ntabwo
13,stroke
13,ubuzima
13,wese
13,wo
13,yavuze
13,zo
14,amafaranga
14,bacu
14,imyaka
14,indirimbo
14,kaminuza
14,mwana
14,serivisi
15,gihugu
15,ka
15,kujya
15,ndashaka
15,nkunda
15,ntago
15,perezida
15,uganda
15,uwo
15,y
15,za
16,iri
16,se
16,uburyo
17,bitaro
17,byose
17,ejo
17,indwara
17,kubera
17,umwe
17,uri
18,afite
18,cumi
18,françois
18,umwana
18,wanjye
19,amakuru
19,cya
19,ibibazo
19,ikibazo
19,inama
19,soudan
20,avuga
20,bafite
20,mbere
21,abanyarwanda
21,bya
21,munsi
21,mwaka
21,n
21,rudahigwa
21,ubwo
22,iki
22,iyi
22,kigali
22,u
22,yari
23,bwa
23,byinshi
23,kagame
23,kwiga
24,abaturage
24,gukora
24,umuntu
25,benshi
25,ndetse
26,igihe
26,iyo
26,mirongo
27,byo
27,cyangwa
28,buri
29,abana
29,aho
29,buryo
29,gihe
29,icyo
29,igihugu
29,ubu
30,kugira
30,nyuma
31,bari
31,imbere
31,neza
34,we
36,kuba
36,kuko
36,no
36,nta
36,uyu
39,kandi
40,ati
40,i
40,uko
41,abantu
41,ibyo
42,kuri
43,yo
55,ngo
56,ya
59,ariko
60,cyane
65,wa
71,ari
72,rwanda
74,hari
92,muri
115,na
116,ni
177,ku
194,ko
416,mu
