1,á
1,ábry
1,abstraktnějším
1,abychom
1,abysme
1,ach
1,ačkoliv
1,ádám
1,ádkové
1,ádní
1,ádny
1,ádnýmu
1,africe
1,agenti
1,aj
1,akademická
1,akci
1,akélou
1,aktivita
1,aktivitu
1,aktivity
1,aktivnější
1,aktualizuje
1,alespoň
1,alkoholické
1,alpaková
1,analýza
1,anarchie
1,anda
1,andalusii
1,anduině
1,angaujete
1,angličtině
1,anglii
1,anonymní
1,aparátem
1,aplikace
1,architektura
1,architektury
1,argument
1,aristokrat
1,armáda
1,árovka
1,árovky
1,as
1,asem
1,asher
1,asnu
1,astronomem
1,astronomie
1,au
1,audio
1,audioknihy
1,autech
1,auto
1,autobusu
1,autorského
1,axiomatický
1,ba
1,bábě
1,babičce
1,babiččinými
1,babičko
1,babičku
1,babka
1,bačkory
1,bafat
1,bagry
1,bajonetem
1,balíčkování
1,balíků
1,banda
1,banka
1,bankou
1,bankovky
1,barevné
1,barokní
1,barokními
1,barunka
1,barva
1,barví
1,basta
1,bavila
1,bavím
1,bavíme
1,bavíte
1,bazénů
1,běet
1,běhat
1,běhu
1,bejval
1,belhá
1,bělicí
1,bělohorská
1,bění
1,benzínu
1,beránek
1,berou
1,berte
1,běte
1,beton
1,beznaděj
1,bezového
1,bezpečí
1,bezpečnost
1,bezpečností
1,bezvadnýmu
1,bičem
1,bijem
1,bikavér
1,bílá
1,bílo
1,bílou
1,biologii
1,bití
1,bitku
1,bitva
1,blázne
1,bláznil
1,blázním
1,blb
1,blbě
1,bleděmodra
1,blint
1,blízkého
1,blízkém
1,blízkosti
1,blogovací
1,blogu
1,bloku
1,bloudily
1,bobulí
1,bohatého
1,boích
1,bojišti
1,boku
1,bomby
1,borci
1,bordelu
1,borec
1,borovic
1,bosáí
1,botě
1,botou
1,boudy
1,bouračky
1,boxéři
1,bozích
1,brady
1,bratře
1,brázdy
1,brečí
1,břečky
1,břeh
1,břehu
1,břicho
1,britský
1,bříz
1,brk
1,brna
1,bromem
1,brouk
1,brusel
1,brutálně
1,brvou
1,brýlí
1,bučení
1,budce
1,budeš
1,budík
1,budoucího
1,budoucna
1,bůh
1,buněk
1,bylin
1,býti
1,bytostí
1,čaje
1,čase
1,časově
1,částečně
1,částku
1,cedule
1,čeká
1,čekala
1,čekat
1,celá
1,čele
1,celého
1,celej
1,celém
1,čelem
1,čelo
1,celou
1,čemkoliv
1,cena
1,centralizované
1,centrální
1,cenzura
1,cenzurovala
1,černá
1,černé
1,černobílá
1,černý
1,čerty
1,červená
1,červenci
1,červeném
1,červenými
1,české
1,českou
1,český
1,česneku
1,čestné
1,cestoval
1,cestujeme
1,chalup
1,chalupa
1,chalupu
1,chaosu
1,chápu
1,charakter
1,charakteru
1,chatě
1,chemickém
1,chemickou
1,chladila
1,chladné
1,chlap
1,chlapče
1,chlape
1,chlapů
1,chlup
1,chod
1,chodbě
1,chodila
1,chodily
1,chodím
1,chodíme
1,chodové
1,chodský
1,chodům
1,chorvatska
1,chová
1,chovali
1,chránila
1,chrapouni
1,chrlí
1,chrstl
1,chrt
1,chtěli
1,chtěného
1,chuchle
1,chudá
1,chudí
1,chudý
1,chudých
1,chuť
1,chuti
1,chutnal
1,chutnější
1,chůvou
1,chválu
1,chvátá
1,chvěly
1,chvilku
1,chybí
1,chyby
1,chystá
1,chystal
1,cigarety
1,čilé
1,cílí
1,činí
1,činit
1,činitelé
1,činností
1,činu
1,činy
1,číslo
1,čistej
1,čistota
1,cítím
1,city
1,civěl
1,cizí
1,cizího
1,cizince
1,článek
1,člen
1,členem
1,cosi
1,čtečku
1,čtenáři
1,čtenářům
1,ctí
1,čtrnáct
1,čtrnáctém
1,čtverečků
1,čtvrt
1,čtvrtě
1,čtvrtek
1,čtvrtou
1,čtyřech
1,čtyřhlasů
1,čtyřicet
1,čtyřleté
1,čuch
1,čuráka
1,curlingový
1,cvičení
1,cylindr
1,ďábelské
1,ďáblu
1,ďáblů
1,dakla
1,dala
1,daleká
1,dálnopisů
1,dalo
1,dalšího
1,dalšímu
1,dambořicemi
1,dáme
1,dámské
1,daná
1,daně
1,darebák
1,daří
1,darmo
1,dáš
1,dášo
1,databáze
1,databází
1,dáti
1,dávat
1,dáváte
1,davem
1,davu
1,dbá
1,dcery
1,debatování
1,dědečka
1,dědění
1,dedikovaného
1,definován
1,definovány
1,děj
1,děje
1,dějství
1,děkujeme
1,děkuju
1,dělala
1,dělání
1,dělníci
1,dělníků
1,dělo
1,demise
1,demo
1,deník
1,denní
1,depresivní
1,děrné
1,děs
1,deseti
1,design
1,děsit
1,děsivá
1,deska
1,děsná
1,děsnej
1,detail
1,detailu
1,detailů
1,dětmi
1,dětská
1,devadesáti
1,děvčata
1,děvče
1,devíti
1,dialektika
1,díkes
1,díl
1,dilatací
1,dílo
1,dimenze
1,díra
1,díře
1,disciplíny
1,diskuse
1,diskutujte
1,diskuzí
1,diskuzní
1,disky
1,divadelní
1,dívání
1,dívat
1,dívčí
1,divíte
1,dívky
1,divně
1,divnějšího
1,divoké
1,divoký
1,divu
1,dlaň
1,dlani
1,dlaní
1,dlaních
1,dle
1,dlouhatánskou
1,dlouhodobě
1,dlouze
1,dnech
1,dnem
1,dnešních
1,doba
1,dobrej
1,dobrmanům
1,dobrota
1,dobrovolně
1,dobrých
1,dobytí
1,dočetl
1,docházka
1,dočkal
1,dočkat
1,dodal
1,dodala
1,dodám
1,dodávají
1,dodrování
1,dodrovat
1,dohlavy
1,dohlédlo
1,dohlíí
1,dohodí
1,dohodneme
1,dohromady
1,dojde
1,dojem
1,dojít
1,dokáe
1,dokázal
1,dokázat
1,doklady
1,dokola
1,dokořán
1,doktora
1,doktorský
1,dokumentace
1,doléhá
1,dolní
1,domácí
1,domácnost
1,domě
1,domeček
1,domlouvat
1,domníval
1,domov
1,domovní
1,domovnice
1,domy
1,doopravdy
1,dopadl
1,dopadla
1,dopis
1,dopisem
1,dopisy
1,doplatí
1,doplněk
1,doplněna
1,doplula
1,doporučil
1,doporučit
1,doporučoval
1,dopřát
1,doprava
1,dopřej
1,dopsala
1,doputovala
1,dosaené
1,dosahu
1,dosedl
1,došel
1,došli
1,doslova
1,dospějí
1,dostal
1,dostat
1,dostatečnou
1,dostatek
1,dostával
1,dostupné
1,dosud
1,dosvědčí
1,dotáhnout
1,dotazy
1,dotyková
1,doufala
1,doufáme
1,dovedla
1,dovnitř
1,dovoleno
1,dovolenou
1,dovolí
1,dovolil
1,dozvídá
1,dr
1,dračí
1,dračích
1,dragouny
1,dráhu
1,drak
1,drákem
1,drama
1,dravý
1,drbu
1,drel
1,drela
1,dresinkem
1,dřevěných
1,dřevo
1,drí
1,dřina
1,dříve
1,drnem
1,drogy
1,drsně
1,drůbe
1,druhém
1,druhotným
1,druhým
1,druina
1,druiny
1,druky
1,drustva
1,dubem
1,dubu
1,ducha
1,duchovní
1,duchu
1,důkazy
1,důkladně
1,důl
1,důleitá
1,důleitého
1,důleitějšího
1,dům
1,důsledky
1,důstojnost
1,důstojnosti
1,důvěra
1,důvěrnou
1,důvodů
1,dvaadvacátý
1,dvanáct
1,dveřím
1,dveřmi
1,dvouplášťové
1,dýchací
1,dýchala
1,dýchání
1,dýchat
1,dýchej
1,dýka
1,dýkou
1,dýmu
1,dystopie
1,ebráci
1,echách
1,editace
1,éf
1,ehm
1,ehmm
1,ehoř
1,ekal
1,ekali
1,ekaly
1,ekli
1,ekněme
1,ekosystém
1,elektrický
1,elektrickými
1,elektřina
1,elektřinou
1,elektronických
1,elezná
1,ema
1,emaily
1,emočně
1,energetici
1,energie
1,engelbart
1,enou
1,eny
1,epizodu
1,epizody
1,erné
1,esenciálním
1,eská
1,esko
1,eský
1,estmír
1,eventuality
1,evinou
1,evo
1,evropě
1,evu
1,existují
1,experimentoval
1,exportního
1,externě
1,extracelulární
1,ezba
1,facka
1,fakulta
1,falešnou
1,fantice
1,fantomas
1,fantová
1,fantovou
1,fáráte
1,farníky
1,fascinují
1,festival
1,fiasko
1,fiasku
1,fičícímu
1,fidelius
1,filipojakubskou
1,film
1,filmů
1,filosofické
1,filosofie
1,filosofii
1,finančními
1,firmách
1,fízl
1,flegmaticky
1,fňuká
1,fňukat
1,fóra
1,forma
1,formát
1,fotit
1,fotogenického
1,fotony
1,fouká
1,foxteriéři
1,fracek
1,frajera
1,frak
1,francouzská
1,francouzské
1,francouzsky
1,franta
1,freskami
1,froda
1,frodo
1,frustrovalo
1,frustruje
1,fuk
1,fungovat
1,funkcí
1,funkcionality
1,funkční
1,fyzickým
1,generace
1,geniálního
1,geometrii
1,gera
1,gero
1,gesta
1,gloryová
1,gondoru
1,grafická
1,grafické
1,grafický
1,gramatickou
1,guláš
1,hádat
1,hadím
1,hadr
1,hadry
1,háje
1,hák
1,halenka
1,haluzek
1,harry
1,havrana
1,házeči
1,házela
1,házení
1,hele
1,heleně
1,helsinkách
1,hergot
1,hezkého
1,hezký
1,historie
1,hladem
1,hladil
1,hladiny
1,hladký
1,hladové
1,hlady
1,hlase
1,hlasitě
1,hlava
1,hlavě
1,hlavních
1,hledá
1,hledají
1,hledám
1,hleděl
1,hledět
1,hlediska
1,hlídka
1,hlídkách
1,hloub
1,hloupá
1,hloupě
1,hlouposti
1,hloupý
1,hltavě
1,hluchou
1,hlučno
1,hluk
1,hmatatelná
1,hmotnosti
1,hnala
1,hnědé
1,hnutí
1,hod
1,hodí
1,hodilo
1,hodinami
1,hodit
1,hodná
1,hodnej
1,hodnotím
1,hodnotíte
1,hodný
1,hojnou
1,holí
1,holicí
1,holit
1,holky
1,hoň
1,honba
1,honem
1,honosí
1,honu
1,honů
1,honzíčku
1,horách
1,horami
1,hořčic
1,hoře
1,hořet
1,hoří
1,hořící
1,horko
1,horlivě
1,horní
1,horou
1,horší
1,horšího
1,hory
1,hospodáře
1,hospodářem
1,hospodářské
1,hospodě
1,hospodyně
1,hosté
1,hosty
1,hotovo
1,houby
1,houf
1,houpajíc
1,houpala
1,houští
1,houstnout
1,hovoří
1,hovořil
1,hovornější
1,hra
1,hrabe
1,hraběnka
1,hrách
1,hradu
1,hrají
1,hrála
1,hráli
1,hraní
1,hráz
1,hrázi
1,hříšné
1,hrobě
1,hrobu
1,hrom
1,hromadné
1,hrozí
1,hrozná
1,hroznýho
1,hrst
1,hrubá
1,hrudník
1,hruškovým
1,hrůzou
1,hry
1,hryzat
1,huby
1,hučení
1,huga
1,hůl
1,humanoidní
1,husa
1,hustá
1,husu
1,hvězd
1,hvězda
1,hvězdami
1,hvozdem
1,hydroizolací
1,ichala
1,ideály
1,idli
1,ije
1,íká
1,ím
1,implantát
1,informace
1,informatiky
1,inkvizitory
1,innost
1,inovacím
1,inspector
1,inspirace
1,instaluje
1,instalujeme
1,intelekt
1,inteligentně
1,inteligentními
1,interakci
1,interiéru
1,internetu
1,interní
1,intuitivní
1,inzerát
1,iontový
1,ísla
1,iterace
1,ití
1,ito
1,ivé
1,ivit
1,ivlu
1,ivotě
1,ivotem
1,ivotní
1,ivoty
1,ízeň
1,ízení
1,ízni
1,jaká
1,jakéhokoli
1,jakej
1,jakmile
1,jakoby
1,jaksepatří
1,jaksi
1,jakubem
1,jakubovi
1,jakých
1,jakýchsi
1,jakými
1,jan
1,jana
1,janek
1,janičko
1,janko
1,jano
1,jaře
1,jarkovi
1,jazykovce
1,ječela
1,jed
1,jede
1,jedem
1,jedenáct
1,jediné
1,jediný
1,jediným
1,jedli
1,jedná
1,jednali
1,jednat
1,jedné
1,jednoduchosti
1,jednoduchým
1,jednom
1,jednoplášťové
1,jednotek
1,jednotku
1,jednotky
1,jednotlivých
1,jedu
1,jeiši
1,jeíška
1,jejího
1,jela
1,jelenů
1,jelo
1,jemné
1,jemnějšího
1,jemu
1,jendovi
1,ješitnější
1,jetel
1,jez
1,jezd
1,jezdil
1,jezdím
1,jezdit
1,jezevčíka
1,jich
1,jídle
1,jídlem
1,jídlu
1,jih
1,jím
1,jiná
1,jinam
1,jiní
1,jiních
1,jiným
1,jíšku
1,jíšky
1,jíst
1,jisté
1,jisti
1,jistotu
1,jitra
1,jízdenka
1,jizev
1,jizvu
1,jmenoval
1,jménům
1,jsili
1,julie
1,juliina
1,jůlinku
1,kabát
1,kabátu
1,kachlíkárně
1,kadé
1,kadej
1,kadlub
1,kadým
1,kalhoty
1,kamarád
1,kamarádkách
1,kamarádům
1,kamení
1,kamenné
1,kamnech
1,kanape
1,kancelář
1,kaparů
1,kapek
1,kapesníček
1,kapesník
1,kapičky
1,kapitán
1,kapitola
1,kaple
1,kapucínském
1,karel
1,karikatury
1,karolína
1,karolínka
1,kartáč
1,kartágo
1,kaše
1,kašny
1,kastrůlek
1,kategorie
1,kationem
1,katové
1,katynce
1,katynčiny
1,katynku
1,káva
1,kazila
1,kdeto
1,kdos
1,kdybys
1,kdybyste
1,kdykoliv
1,keře
1,kilobajtů
1,kilometr
1,kilometry
1,klapala
1,klára
1,klasický
1,klasifikátor
1,klátily
1,klávesnice
1,klekání
1,klekátku
1,klel
1,klepnout
1,klíč
1,klidné
1,klidným
1,kliknout
1,klobouk
1,klonování
1,klopýtlo
1,klouček
1,kluk
1,knihám
1,knihovně
1,knihovnu
1,knihu
1,kníku
1,kníky
1,kobalt
1,kobyla
1,kočár
1,kód
1,kódů
1,kofein
1,kofexové
1,koho
1,koiše
1,kola
1,kole
1,kolektivního
1,kolena
1,kolenou
1,kolíbky
1,kolikrát
1,kolize
1,kolní
1,kolťák
1,kombinaci
1,kombinézy
1,kombinovaných
1,komentářích
1,komnatách
1,komplexní
1,kompresor
1,komunitě
1,koná
1,konají
1,konce
1,koncem
1,koncentrovanou
1,koncert
1,končí
1,končit
1,kondomu
1,koni
1,koníček
1,konkrétně
1,kontrola
1,konverzací
1,kopal
1,kopci
1,kopírce
1,kopretiny
1,kopyto
1,kopyty
1,kořenové
1,kořistí
1,koši
1,kosil
1,kosmetický
1,koště
1,kostele
1,kostelem
1,kosti
1,koťata
1,koťatama
1,koťatům
1,koukalo
1,koukám
1,koukneme
1,kouknu
1,kouli
1,kouniců
1,koupím
1,koupit
1,kouře
1,kouřilo
1,kousání
1,kousek
1,kousíček
1,kousne
1,kouta
1,koutě
1,koutku
1,kouzelníkem
1,kouzla
1,kovová
1,kovu
1,koze
1,kozina
1,kozino
1,kozinova
1,kozinové
1,kozinu
1,kráčeli
1,kraj
1,kraji
1,král
1,krále
1,králíkárna
1,královna
1,královským
1,krám
1,krásami
1,krásné
1,krásně
1,krátká
1,krátké
1,krátkodobé
1,krátkodobého
1,krátkým
1,krčmě
1,kresba
1,křesla
1,kreslení
1,křesťan
1,kří
1,kříi
1,kristince
1,kritika
1,kritizovat
1,kritizuje
1,křivdit
1,krk
1,krku
1,krok
1,krokodýl
1,kromě
1,křovina
1,krovových
1,krovů
1,krůna
1,krůnem
1,krůno
1,kruzích
1,krvavé
1,krve
1,kryje
1,krytého
1,kterého
1,kterých
1,kterým
1,kterýma
1,kterými
1,kůe
1,kufr
1,kufru
1,kůi
1,kůí
1,kulata
1,kulatiny
1,kuličky
1,kulisa
1,kuliše
1,kulomety
1,kůň
1,kupovat
1,kůře
1,kurz
1,kurzory
1,kusy
1,kutuzov
1,kvalitní
1,květin
1,květy
1,kvůli
1,kyselé
1,kyslík
1,kývnutím
1,la
1,labem
1,lahváče
1,laikovi
1,lakomá
1,lama
1,lampa
1,lápla
1,larva
1,laserem
1,laskavost
1,lásku
1,látek
1,latexu
1,latinu
1,lávce
1,lavicích
1,leatých
1,led
1,ledecká
1,lednička
1,ledničky
1,leely
1,legrace
1,legraci
1,lehce
1,lehčeji
1,lehké
1,lehkomyslná
1,lehkých
1,lejt
1,lékaře
1,lékařství
1,lemberk
1,len
1,lenové
1,lépe
1,leporelo
1,lesa
1,lesem
1,lesíkem
1,lestreda
1,lestredem
1,lestredovi
1,letištní
1,léto
1,letos
1,letošní
1,letošními
1,lhostejně
1,lhůtu
1,líbila
1,liborem
1,libý
1,líce
1,licenci
1,líci
1,licklider
1,lid
1,lidech
1,lidem
1,lidská
1,lidskostí
1,lidských
1,lidstvo
1,líhnou
1,limo
1,lingvistiky
1,lipé
1,lipou
1,lišit
1,lišky
1,listem
1,lístky
1,listopad
1,listu
1,listy
1,literární
1,literatura
1,literaturou
1,literatury
1,líto
1,lítost
1,lodě
1,lodi
1,loďka
1,lói
1,loisko
1,lokajem
1,lokajský
1,lokální
1,loktem
1,loni
1,louce
1,loui
1,louičky
1,louku
1,lov
1,lovčičkami
1,lucie
1,lupu
1,lutě
1,luťoučký
1,lutých
1,lutými
1,lze
1,máčel
1,magie
1,magii
1,magor
1,majetek
1,majitel
1,mák
1,makropulos
1,máku
1,málokdy
1,malostranské
1,malou
1,malých
1,mami
1,maminka
1,mandát
1,maně
1,manel
1,manelství
1,manelům
1,marcela
1,marek
1,markéta
1,markétě
1,markétou
1,maršálskou
1,marto
1,mas
1,masa
1,masarykovy
1,masku
1,másle
1,máslem
1,mastnota
1,matce
1,matematice
1,materiálů
1,matkou
1,mátlo
1,matoucí
1,matrací
1,maturitní
1,maturitou
1,mávl
1,mazanci
1,mazurku
1,mechanicky
1,mechy
1,medúza
1,medúzu
1,medvěd
1,medvěda
1,měkkého
1,mému
1,memy
1,měním
1,menšin
1,měřil
1,měřitelný
1,meteorologickými
1,metod
1,metoda
1,metodu
1,metody
1,metry
1,metují
1,mezeře
1,mezery
1,michala
1,michalem
1,mícháme
1,míchání
1,milostivá
1,miluješ
1,mimo
1,mimořádného
1,míň
1,minecraftu
1,minimálně
1,minimum
1,ministerský
1,ministrů
1,minulém
1,minulému
1,minuli
1,minulý
1,minutky
1,minutu
1,minuty
1,mířil
1,mířily
1,mírný
1,míru
1,míse
1,miska
1,míst
1,místech
1,místnost
1,místopředsedy
1,mistrovských
1,mísu
1,mladého
1,mladistvých
1,mladší
1,mlčel
1,mlčela
1,mlha
1,mlhu
1,mlíčkem
1,mlnými
1,mluvím
1,mlýn
1,mno
1,mnoha
1,mnohem
1,mobil
1,mobilní
1,mobily
1,močí
1,moct
1,modernější
1,modlení
1,modlil
1,modlila
1,modlit
1,modrofialovým
1,modrooká
1,modrovous
1,modrý
1,modrým
1,mohly
1,mokrý
1,moorovo
1,moravci
1,moravské
1,motivovat
1,motory
1,mou
1,moudra
1,moudří
1,mozilly
1,mráček
1,mramorových
1,mráz
1,mrazy
1,mrholí
1,mříkou
1,mrkli
1,mrknout
1,mrštila
1,mrtvého
1,mrtvice
1,mrtvo
1,mši
1,muové
1,muselo
1,musely
1,musim
1,musíme
1,musíš
1,muská
1,my
1,mých
1,myčky
1,mýlit
1,mými
1,myš
1,myši
1,myší
1,myslel
1,myslela
1,myšlenkového
1,myslete
1,myslíte
1,nabídl
1,nabírala
1,náboenství
1,nabral
1,nacpat
1,nadaný
1,nadarmo
1,nadávka
1,naději
1,nadějí
1,nadešel
1,nadpraí
1,nádraí
1,nadšení
1,nadšený
1,nádvoří
1,nadýchla
1,nadzvedl
1,naháněla
1,náherně
1,náhle
1,nahlédnout
1,náhlém
1,nahlíel
1,náhonem
1,nahoru
1,náhraka
1,nainstalování
1,naivních
1,najde
1,najdeš
1,najíš
1,nakazili
1,naklání
1,nakloněné
1,naklonil
1,nakradl
1,nakrájela
1,nakreslit
1,nakročeno
1,nakup
1,nálada
1,náleí
1,námaha
1,námahou
1,namazal
1,naměří
1,náměsíčníkem
1,namísto
1,nánou
1,naobědvali
1,napadla
1,napadne
1,napadnou
1,nápadný
1,nápadu
1,nápadů
1,napila
1,napiš
1,napíšete
1,napište
1,naplněna
1,naplňovalo
1,nápoje
1,napoleon
1,naposled
1,nápověda
1,naprázdno
1,napsala
1,napsat
1,narazily
1,nařízení
1,národní
1,národnosti
1,nároky
1,narozené
1,náruč
1,nasadit
1,nasbírali
1,naschvál
1,nasedneme
1,naši
1,našich
1,násilí
1,naskakujeme
1,naskočil
1,následoval
1,následovaly
1,následující
1,naslouchal
1,našly
1,nastala
1,nastalo
1,nastavil
1,nastěhovat
1,nastřelením
1,nástroj
1,naštvanej
1,natáhl
1,nato
1,natřená
1,naučil
1,naučila
1,navázat
1,navíc
1,navren
1,navrhl
1,navrhnout
1,návrhům
1,návrhy
1,návštěvách
1,návštěvou
1,návštěvu
1,návštěvy
1,nazdárek
1,názor
1,názornější
1,názoru
1,nazval
1,neal
1,nebál
1,nebaví
1,nebavilo
1,nebe
1,nebere
1,nebes
1,nebezpečí
1,neblahého
1,neboj
1,nebojím
1,nebolelo
1,neboli
1,nebrali
1,nebrání
1,nebránila
1,nebudem
1,nebyli
1,nebyloli
1,nečekaně
1,nechají
1,nechápu
1,nechat
1,nechcete
1,nechová
1,nechť
1,nechte
1,nečtou
1,nedá
1,nedaj
1,nedal
1,nedalo
1,nedám
1,nedává
1,nedávej
1,nedělal
1,nedělat
1,neděli
1,neděsí
1,nedokáe
1,nedokáou
1,nedokázal
1,nedomyslel
1,nedorazí
1,nedořekl
1,nedošli
1,nedostane
1,nedostatkem
1,nedotkl
1,nedotkla
1,nedotknutelná
1,nedotknutelné
1,nedotknutelnost
1,nedovolila
1,nedůvěru
1,nedýchám
1,neexistuje
1,nehlaš
1,nehlídá
1,nehnula
1,nehnutě
1,nehty
1,nehybně
1,nehybný
1,neil
1,nějací
1,nějakej
1,nějakým
1,nejasně
1,nejblišímu
1,nejchladněji
1,nejchladnější
1,nejdéle
1,nejděsivější
1,nejdříve
1,nejdůleitější
1,nejedná
1,nejenom
1,nejezdí
1,nejjednodušší
1,nejkvalitnější
1,nejlíp
1,nejméně
1,nejmíň
1,nejneobhospodařovávatelnějším
1,nejnovější
1,nejseš
1,nejsi
1,nejsilněji
1,nejskvělejší
1,nejvíce
1,někam
1,několika
1,několikero
1,nekonala
1,nekončila
1,nekonečný
1,nekonečným
1,některý
1,někým
1,nelíbí
1,nelíbil
1,nelíbím
1,nemáme
1,nemáte
1,neměli
1,neméně
1,nemluv
1,nemluvili
1,nemohu
1,nemůem
1,nemusí
1,nemusíš
1,nemusíte
1,nemýlil
1,nemyslím
1,nemyslíš
1,nemyslíte
1,nenapravíte
1,nenasvědčoval
1,nenáviděly
1,nenávidět
1,nenávidím
1,nenávist
1,nenavrhují
1,nenaznačujeme
1,nenechala
1,nenechte
1,neodešel
1,neodhodlal
1,neohrabaný
1,neolemovanou
1,neotevřel
1,neovladatelný
1,neozvalo
1,nepadla
1,nepatří
1,nepatřila
1,nepatrná
1,nepatrným
1,nepěstuje
1,neplakala
1,nepochopitelný
1,nepočítal
1,nepodal
1,nepodařilo
1,nepohořím
1,nepomáhaly
1,nepomyslel
1,neposednosti
1,neposedo
1,nepotkal
1,nepouitý
1,nepoznal
1,nepozorovaně
1,nepravděpodobná
1,nepravděpodobně
1,nepřeberné
1,nepředstavitelné
1,nepředstírejte
1,nepřekonalo
1,nepřemýšlejte
1,nepřemýšlí
1,nepřestali
1,nepřijde
1,nepřijel
1,nepříjemných
1,nepřiměřená
1,nepřipouští
1,nepřípustná
1,nepřirozeně
1,nepřísluší
1,neprůlezná
1,neptej
1,neřekla
1,neřeknu
1,neříká
1,neříkat
1,nerovná
1,nerovný
1,nerozdávají
1,nerozhodný
1,nerozmejšlel
1,nerozumějí
1,nerozumí
1,nerozumím
1,nerozumíš
1,nerudnu
1,nerušeně
1,nerušilo
1,nervózní
1,neschopnost
1,nesedávej
1,nešel
1,nesešli
1,nesl
1,nešla
1,nešlo
1,nesmějí
1,nesmyslech
1,nesmyslně
1,nesnese
1,nespolupracují
1,nespustil
1,nestačí
1,nestál
1,nestálo
1,nestává
1,neštěstí
1,nestrachujte
1,nestrannost
1,neteř
1,netikají
1,netouil
1,netrapte
1,netrpělivě
1,netušil
1,neudělala
1,neudeřil
1,neudrí
1,neukázala
1,neukecám
1,neuměla
1,neumí
1,neumím
1,neumíte
1,neurální
1,neurazil
1,neuronová
1,neválčí
1,nevěděl
1,nevěříte
1,nevětraných
1,neví
1,neviděl
1,nevidím
1,neviditelnou
1,nevinně
1,nevinný
1,nevíš
1,nevlídný
1,nevodí
1,nevolali
1,nevolnictví
1,nevšímal
1,nevšímáš
1,nevyadují
1,nevykřikla
1,nevyšla
1,nevyslovím
1,nevyslovitelné
1,nevystrčí
1,nevysvětlila
1,nevytáhne
1,nevytvoří
1,nezahodím
1,nezájem
1,nezapomněli
1,nezasahuje
1,nezaslouil
1,nezastupoval
1,nezatočil
1,nezaútočí
1,nezávidím
1,nezávislé
1,nezávislí
1,nezávislosti
1,nezavítal
1,nezbláznili
1,nezbylo
1,nezbytné
1,nezbytností
1,nezdroval
1,nezdruj
1,nezeptali
1,nezhojitelné
1,neznáma
1,neznáme
1,neznamená
1,neznatelný
1,neznepokojujte
1,nezřídka
1,ničí
1,nicméně
1,nijak
1,nikde
1,nikoli
1,nikoliv
1,nilár
1,nilvínia
1,nilvínie
1,nilvínii
1,nilvíniích
1,nití
1,nízké
1,nocí
1,noční
1,nočních
1,noe
1,nohám
1,nohu
1,noička
1,noičku
1,noičky
1,noor
1,normálně
1,nosánek
1,noseji
1,nosič
1,nosil
1,nosit
1,nosnou
1,nota
1,nováčci
1,nováčky
1,novodobých
1,novoroční
1,novosvětskou
1,novou
1,nových
1,nucen
1,nuceným
1,nuda
1,nudit
1,nula
1,nutná
1,nutné
1,nutně
1,obav
1,obavy
1,občan
1,občanku
1,občanství
1,občas
1,občasný
1,období
1,obec
1,obecné
1,oběd
1,obelháváš
1,obešel
1,obětovala
1,obíhá
1,obilíčkem
1,obilná
1,objekt
1,objekty
1,objem
1,objevného
1,obklad
1,obláček
1,oblečen
1,oblečení
1,oblékat
1,oblíbené
1,oblíbila
1,obličej
1,obličeje
1,obličejem
1,obloučnicí
1,obloukem
1,obnáší
1,obnovily
1,obočí
1,obrácen
1,obráceně
1,obřady
1,obranu
1,obrátil
1,obrázky
1,obrazovky
1,obřím
1,obsazeno
1,obviněný
1,obyčejná
1,obyčejné
1,obyvatel
1,ocásek
1,ocásky
1,očekává
1,očekávala
1,ochladilo
1,ochoten
1,ochránila
1,ochranu
1,ochutnali
1,ochutnejte
1,očima
1,ocitl
1,odborové
1,odcházejí
1,odchod
1,odchylnou
1,oddá
1,oddíl
1,oddychové
1,oddychuje
1,odebereme
1,odepřít
1,odešel
1,odevzdat
1,odezpívala
1,odhadem
1,odhadnout
1,odhodila
1,odhodlal
1,odjakiva
1,odjedou
1,odjel
1,odjinud
1,odkaz
1,odkládal
1,odkud
1,odlišuje
1,odmítala
1,odňat
1,odnese
1,odolat
1,odolnější
1,odplouvá
1,odpočívají
1,odporují
1,odpotácel
1,odpověď
1,odpovědna
1,odpovědný
1,odpovídají
1,odpuštění
1,odpustitelné
1,odráí
1,odrůd
1,odruhou
1,odsazování
1,odskočil
1,odstáli
1,odtud
1,odvíjel
1,odvodí
1,odvolává
1,ódy
1,odznáček
1,oenil
1,ohledu
1,ohlíejí
1,ohlíeli
1,ohmataná
1,ohně
1,ohněm
1,ohňům
1,ohřevu
1,ohroovat
1,oivit
1,oka
1,okem
1,oken
1,okně
1,oknech
1,oknu
1,okny
1,oko
1,okolků
1,okolní
1,okované
1,okrádání
1,okřikl
1,oky
1,ola
1,olověná
1,oltáři
1,olympijských
1,omámil
1,omdlela
1,omelety
1,omezena
1,omezení
1,omezovány
1,omezuje
1,omlouvali
1,omyl
1,omylem
1,omylů
1,ondřeji
1,oním
1,onu
1,ony
1,opak
1,opakovaně
1,opakují
1,opálené
1,opalování
1,opaluje
1,opatřen
1,opatření
1,opatřeny
1,opatrně
1,opatrní
1,opéct
1,opékání
1,operativnost
1,opici
1,opicí
1,opomíjen
1,opouští
1,opravdová
1,opravu
1,opřela
1,optické
1,optický
1,opuchlé
1,opuštění
1,oranové
1,orat
1,oratoři
1,orchestr
1,organismu
1,organizace
1,organizaci
1,orientované
1,orši
1,osamělý
1,osamění
1,osedlat
1,osm
1,osmahnout
1,osmnáct
1,osob
1,osobním
1,osoby
1,ospalá
1,ostatním
1,ostří
1,osud
1,osudu
1,ošuntělém
1,osušil
1,osvěila
1,osvětlen
1,osvítit
1,otcem
1,otevřeli
1,otevřené
1,otřásl
1,otřáslo
1,otrávená
1,otroctví
1,oves
1,ovládají
1,ovládla
1,ovlivněné
1,ovlivňuje
1,ovoce
1,označená
1,označené
1,označte
1,oznámení
1,oznamovala
1,ozývala
1,pacienti
1,pacientů
1,pád
1,padesáti
1,padlo
1,palicemi
1,pálil
1,palte
1,památku
1,pamatuji
1,pamětní
1,pána
1,páni
1,panských
1,pánu
1,papíry
1,papriky
1,paráda
1,párem
1,parise
1,parno
1,parodie
1,pasaér
1,pasece
1,pasivně
1,pásky
1,pastu
1,patách
1,páteř
1,patnácti
1,patu
1,pavel
1,pec
1,péče
1,pečené
1,pečenou
1,pěchota
1,péči
1,pečovali
1,pečují
1,pěkné
1,pěkným
1,pelikánka
1,pelikánové
1,peněz
1,pepa
1,pepíček
1,pepíčka
1,pepř
1,perel
1,perem
1,periferní
1,peřiny
1,perioda
1,pero
1,peroxid
1,pěšáky
1,pěstí
1,pěstujte
1,peterson
1,pěti
1,peticí
1,petiční
1,pětistovka
1,pevná
1,pevně
1,píčo
1,pil
1,ping
1,písčitá
1,písečná
1,pište
1,pištěla
1,piští
1,píšu
1,pitomější
1,pitomý
1,pivko
1,pixla
1,placáka
1,pláče
1,pláčem
1,plakala
1,plakali
1,plakaly
1,plála
1,plamene
1,plameny
1,plán
1,planetu
1,planety
1,plánů
1,plány
1,plat
1,platformy
1,platila
1,platit
1,platnosti
1,plave
1,plazi
1,plazmy
1,pleskl
1,plést
1,plhali
1,plíce
1,plíseň
1,plivla
1,plné
1,plní
1,plnou
1,plny
1,plný
1,plody
1,plotny
1,plotového
1,plotýnky
1,plováren
1,plyn
1,plynu
1,plzeňském
1,poádá
1,poáry
1,pobíjeli
1,pobřeí
1,pobyl
1,pobytu
1,pochodeň
1,pochopené
1,pochopení
1,pochopením
1,pochvala
1,pochválil
1,pochvalu
1,pochvaly
1,pochybovačně
1,počíná
1,počítač
1,počítači
1,pocity
1,počkal
1,počkali
1,počkat
1,počkejte
1,počtem
1,poctím
1,poctivějšího
1,podaří
1,podařilo
1,podávají
1,podával
1,podáváním
1,poddá
1,poděkoval
1,poděkování
1,poděkovat
1,poděla
1,podělte
1,podepisuje
1,podezření
1,podívám
1,podívejme
1,podívejte
1,podivil
1,podivuhodné
1,podklady
1,podlehnout
1,podmínečná
1,podmínky
1,podnět
1,podoby
1,podpaí
1,podpisy
1,podporu
1,podřepu
1,podřezala
1,podríte
1,podřízli
1,podroben
1,podrobnosti
1,podstatou
1,podstaty
1,podzimní
1,poehná
1,poháněné
1,pohledem
1,pohnula
1,pohovor
1,pohřbívání
1,pohřbu
1,pohřeb
1,pohřebné
1,pohřební
1,pohříchu
1,pohromadě
1,pohyb
1,poínal
1,poívá
1,pojďme
1,pojďte
1,pojede
1,pojednou
1,pojí
1,pokání
1,pokapeme
1,pokazil
1,pokoje
1,pokoji
1,pokojně
1,pokora
1,pokračoval
1,pokračovali
1,pokřikují
1,pokrok
1,pokus
1,pokusí
1,pokusím
1,pokynul
1,pokývl
1,polanár
1,pole
1,polehávají
1,polena
1,poletuje
1,polévky
1,polezu
1,poli
1,polibek
1,policie
1,policii
1,poličky
1,polité
1,politice
1,politického
1,polní
1,polohlasem
1,poloil
1,poloili
1,polomrtví
1,polovina
1,pomálu
1,pomlčka
1,pomoc
1,pomstu
1,pomůe
1,pomůeme
1,pomyslím
1,ponechal
1,poněvad
1,pong
1,poničilo
1,ponk
1,ponocného
1,poobědval
1,pootevřela
1,pootevřely
1,popadal
1,popíjejí
1,popis
1,popíše
1,popisem
1,popisováním
1,popisu
1,poplatky
1,popohánět
1,popovídali
1,popraven
1,popravuje
1,poprosit
1,popsat
1,poraď
1,pořadatelské
1,pořadím
1,pořádkových
1,pořádku
1,pořádně
1,pořádný
1,porci
1,pořešit
1,portálem
1,poručil
1,porušit
1,posádka
1,poschodí
1,posezení
1,posílá
1,posílit
1,posiloval
1,posíral
1,poskytnout
1,poslali
1,poslance
1,poslanecká
1,posledními
1,poslouchal
1,poslouchat
1,poslyšte
1,posouzení
1,pospí
1,postaraly
1,postarat
1,postávají
1,postavami
1,postavila
1,postavy
1,postihlo
1,postrašená
1,postřeh
1,postupem
1,postupně
1,postupovat
1,pot
1,poté
1,potem
1,potenciál
1,potěšena
1,potkávala
1,potlačování
1,potlačuji
1,potřásl
1,potravinách
1,potřeba
1,potřebovali
1,potřebuješ
1,potřebují
1,potřebuju
1,potrestali
1,potrubí
1,potterovi
1,potud
1,potvrzují
1,poučnější
1,pouhá
1,pouijte
1,pouít
1,pouitelnosti
1,pouití
1,pouívají
1,pouívání
1,pouíváte
1,pouívejte
1,poulí
1,povaujete
1,povede
1,povedou
1,povely
1,pověra
1,pověšen
1,pověsí
1,pověsit
1,pověsti
1,poví
1,povídám
1,povinná
1,povolila
1,povolilo
1,povrchně
1,povrchní
1,povstal
1,povstalci
1,povytáhl
1,povzdálí
1,pozdně
1,pozdní
1,pozdravil
1,pozemku
1,pozemským
1,pozlacené
1,poznala
1,poznámek
1,poznání
1,poznat
1,poznáte
1,poznatky
1,pozornost
1,pozorovali
1,pozoruhodné
1,pozře
1,pozval
1,prach
1,prachu
1,prachy
1,pracím
1,pracovníci
1,pracují
1,pracující
1,pracujte
1,práh
1,praha
1,praktické
1,prakticky
1,přál
1,pralinku
1,přání
1,prasata
1,praskala
1,práskly
1,praštil
1,přátel
1,přátelské
1,pravá
1,pravdae
1,pravděpodobně
1,pravděpodobností
1,právech
1,právem
1,praví
1,pravidel
1,pravidelně
1,pravím
1,pravítkem
1,právní
1,pravý
1,prázdná
1,prázdniny
1,prázdno
1,prázdnou
1,praze
1,přebývala
1,přečetla
1,přechod
1,předá
1,předběný
1,předchozího
1,přede
1,předehře
1,předpoklady
1,předsedu
1,předsevzetí
1,představami
1,představení
1,předtáborové
1,předtím
1,předtuchou
1,přehrávač
1,přeili
1,přejde
1,přejídí
1,překáí
1,překáím
1,překlad
1,překonat
1,překvapit
1,přelíčení
1,přemoen
1,přenesete
1,přepadeni
1,přepíná
1,přerazí
1,prérie
1,přeroste
1,přerušeno
1,přešel
1,přestala
1,přestalo
1,přestane
1,přestaňte
1,přestavěn
1,přesvědčen
1,přesvědčím
1,přesvědčte
1,přetáhla
1,přetahování
1,přetvařuje
1,převáně
1,převod
1,prezenčnímu
1,příběh
1,přiběhla
1,příběhové
1,přicházel
1,přichystaného
1,přičichla
1,příčné
1,přičteny
1,přidal
1,přidat
1,přidáte
1,přijali
1,přijati
1,přijď
1,přijdeme
1,přijdeš
1,přijdu
1,přijede
1,přijela
1,příjem
1,příjemně
1,příjemný
1,přijetí
1,přijídí
1,přijímání
1,přikázal
1,příkladem
1,přikryt
1,příloha
1,prima
1,přímá
1,primitivní
1,přímých
1,principem
1,principu
1,přinesla
1,přinesli
1,přinést
1,přinutil
1,připadá
1,připadám
1,připálí
1,připevnění
1,připojené
1,připomínal
1,připomněl
1,připoutali
1,příprava
1,připraveno
1,připravený
1,připravovala
1,přiřčené
1,příroda
1,přírody
1,příšerné
1,přiskočil
1,přiskřípl
1,přišla
1,příslovečnou
1,příslušná
1,příslušnost
1,příslušný
1,přísná
1,přispěchala
1,příspěvek
1,příspěvky
1,přistihl
1,příštím
1,přistoupil
1,přístupů
1,přistupuji
1,přítelkyní
1,přítomen
1,přítomné
1,přivedeme
1,příznivé
1,prkénka
1,proběhla
1,proběhlo
1,probíhající
1,problematice
1,probral
1,probrat
1,probrečela
1,probuď
1,probudí
1,probudili
1,probudím
1,probuzení
1,procesu
1,procházela
1,procházím
1,procitl
1,profesi
1,profil
1,profily
1,profituje
1,programátoři
1,programátorů
1,programovat
1,programů
1,prohlédl
1,prohlídky
1,prohlídnu
1,prohlíeč
1,prohlíeče
1,prohlíel
1,prohmatala
1,projektování
1,projektu
1,projekty
1,projeli
1,projevovat
1,projíděla
1,prokleti
1,proletěla
1,prolezla
1,prolote
1,proměřeny
1,promiň
1,promptně
1,pronikat
1,propadá
1,propadl
1,proplétala
1,propriety
1,proroctvími
1,prorok
1,proroku
1,proskakovala
1,prošli
1,prospívá
1,prostá
1,prostřed
1,prostředí
1,prostřeli
1,prostupů
1,prostý
1,protáhl
1,protahovat
1,protein
1,protějšího
1,protíná
1,protokolem
1,proudem
1,proudění
1,provádí
1,provázej
1,provazovou
1,provedení
1,provozních
1,provrtal
1,prozářil
1,pršet
1,prskala
1,prst
1,průběhu
1,prudce
1,průklepák
1,průletu
1,průlezná
1,průmyslu
1,pruty
1,průvodcem
1,průvodcům
1,prvně
1,prvotní
1,psal
1,psali
1,psané
1,psi
1,psíci
1,psím
1,psina
1,psů
1,psy
1,psychopaty
1,ptal
1,ptát
1,publikovat
1,půjčuji
1,půjde
1,půl
1,pulírovala
1,půlkruh
1,půlnoc
1,půlnoci
1,pultových
1,puse
1,působil
1,působila
1,působily
1,pustil
1,pustili
1,pustím
1,pusťte
1,putovala
1,putují
1,pyšnější
1,pytle
1,quickstepu
1,rachotila
1,račte
1,rada
1,řádcích
1,raději
1,rádi
1,radil
1,řádkem
1,řádky
1,rádo
1,radosti
1,radostná
1,radostnější
1,řádu
1,ráji
1,rákosí
1,rámci
1,rámě
1,rameno
1,ránem
1,ránu
1,ravější
1,razakové
1,reagovali
1,reakce
1,reakční
1,reaktivitu
1,realizovány
1,reálně
1,reálném
1,reálným
1,rebelové
1,rebelům
1,řece
1,řeči
1,reflexe
1,reflexy
1,registracích
1,registracím
1,registrován
1,registrovaní
1,reimplementace
1,reimu
1,reinstallu
1,řeknu
1,rekonstrukcemi
1,rekordér
1,řeky
1,relativně
1,rendlíku
1,reprodukčního
1,republice
1,řešení
1,respektována
1,revolverem
1,rick
1,řidič
1,říkají
1,říkal
1,říkali
1,rituály
1,rizikovou
1,robot
1,robotech
1,roboti
1,robotů
1,roboty
1,rodí
1,rodiče
1,rodiči
1,rodičovskou
1,rodičovství
1,rodičů
1,rodinného
1,rodinu
1,roka
1,rokem
1,rokli
1,rokování
1,rolníky
1,roman
1,romea
1,rosa
1,rosalina
1,roste
1,rotunda
1,roviny
1,rovná
1,rovné
1,rovní
1,rozbalili
1,rozběhl
1,rozbili
1,rozbitou
1,rozbouřená
1,rozdělují
1,rozdílné
1,rozdílnými
1,rozdíly
1,rozeběhla
1,rozehřál
1,rozepnula
1,rozepsané
1,rozevřené
1,rozeznat
1,rozezněl
1,rozezvučí
1,rozhlédl
1,rozhlédla
1,rozhlíela
1,rozhodčí
1,rozhodl
1,rozhodli
1,rozhodne
1,rozhodnou
1,rozhodovat
1,rozhodují
1,rozhřešení
1,rozjedou
1,rozkousal
1,rozlehlém
1,rozletu
1,rozmarýna
1,rozmýšlel
1,rozmýšlení
1,roznemohl
1,rozpadl
1,rozplakala
1,rozpoutá
1,rozprchl
1,rozsudek
1,roztoky
1,roztříštila
1,roztritě
1,roztroušeny
1,rozuměly
1,rozumět
1,rozumí
1,rozumím
1,rozvinula
1,ruce
1,ručičky
1,růe
1,růí
1,rukama
1,ruply
1,rušení
1,růst
1,různé
1,různý
1,rváči
1,rval
1,rvou
1,rybník
1,rybníků
1,rychlé
1,rychlostmi
1,rychlý
1,sáček
1,sadech
1,sádle
1,safírou
1,sakra
1,sálal
1,salátových
1,sálech
1,šálku
1,salvou
1,sam
1,samá
1,samem
1,samí
1,samosoudci
1,samostatně
1,samotný
1,samozřejmá
1,samozřejmé
1,sanitce
1,šatnám
1,saxofony
1,sbírat
1,sboru
1,scházel
1,schémata
1,schodiště
1,schody
1,schopná
1,schopnost
1,schopnosti
1,schopný
1,schůze
1,schválena
1,sčítat
1,scvrklý
1,scvrnkls
1,sdruovat
1,seběhla
1,sebezničení
1,seděl
1,seděla
1,šedesát
1,sedí
1,sedla
1,sedláci
1,sedli
1,sedmi
1,seenu
1,seere
1,šéf
1,šéfama
1,sehnalo
1,sehnul
1,seká
1,sekal
1,sekala
1,sekund
1,selete
1,semaforu
1,senát
1,senátora
1,senátorů
1,sepsat
1,šeptají
1,sérii
1,šero
1,seřvala
1,serverech
1,seš
1,seschlou
1,sešel
1,seskočil
1,seškrábal
1,šest
1,sestavit
1,šesti
1,šestispřeí
1,sestoupil
1,sestrou
1,sestru
1,sesypaly
1,set
1,setkal
1,setkání
1,setřásl
1,šetření
1,šetříme
1,severáku
1,severní
1,sevřela
1,sevřené
1,sexbomba
1,shnijou
1,shora
1,shořela
1,shořet
1,shrnout
1,shromaďovat
1,shyby
1,signál
1,šikmé
1,šikovná
1,šikovně
1,síle
1,šílela
1,šílenství
1,silná
1,silně
1,silnější
1,silný
1,síň
1,šířit
1,široce
1,sít
1,síťkou
1,skákal
1,skalám
1,skalpelu
1,skály
1,skládá
1,skláněla
1,sklapla
1,sklem
1,skleněný
1,sklesl
1,sklíčenosti
1,sklíčka
1,sklíčky
1,sklon
1,sklonil
1,sklonu
1,sklopil
1,skočil
1,škoda
1,škodolibě
1,školou
1,školu
1,školy
1,skonávala
1,skončilo
1,skopová
1,skopovou
1,škrabky
1,skřety
1,skříňky
1,skřípe
1,skromnost
1,škrtáš
1,škrtlá
1,skrýt
1,skrze
1,skučí
1,skupiny
1,skutečná
1,skutečností
1,skutečnou
1,skvěle
1,skvělým
1,škvíry
1,skvostné
1,skvostných
1,slabosti
1,sladkého
1,sladký
1,slalomu
1,slaměná
1,šláp
1,šlapky
1,sláva
1,slaví
1,slavit
1,slavnost
1,slečno
1,sledovala
1,sledovali
1,sledovat
1,sleduje
1,sledují
1,šlehl
1,šli
1,slib
1,slíbila
1,slina
1,sliny
1,sloenou
1,sloili
1,sloité
1,sloitý
1,sloučeniny
1,slouí
1,slouící
1,sloupu
1,slov
1,slovem
1,sluba
1,slubám
1,slueb
1,sluha
1,sluníčku
1,slušně
1,slušný
1,slůvkem
1,slyšeli
1,slyší
1,slyším
1,slyšitelně
1,slyšte
1,slz
1,slzami
1,smála
1,smáli
1,smečce
1,smekl
1,smetáky
1,smíchem
1,smolná
1,šmouly
1,smrad
1,smůlu
1,smutek
1,smutku
1,smutná
1,smutně
1,smutnějšího
1,smyčky
1,snahu
1,snail
1,snaila
1,snaili
1,snait
1,sněhu
1,sněmovna
1,sněný
1,snést
1,snímající
1,sniovat
1,sniuje
1,snu
1,sobotu
1,socializovat
1,sofistikovanější
1,software
1,sokolnické
1,sokolovské
1,soli
1,song
1,současného
1,součást
1,součástí
1,soucítím
1,soudce
1,soudem
1,soudím
1,soudních
1,soudním
1,soudruh
1,soudů
1,soudy
1,souhlasím
1,souhlasíte
1,soukromí
1,souladu
1,sousede
1,soustav
1,soustavách
1,soustrast
1,soustrasti
1,soustrastně
1,soustředění
1,souvisí
1,souzvuk
1,spadla
1,spala
1,spálená
1,spalo
1,spaní
1,spaním
1,spása
1,špatného
1,špatnou
1,spěchali
1,spěchat
1,spěcháte
1,spěchu
1,speciálních
1,specifikace
1,spektra
1,spěla
1,špetky
1,spíchnul
1,spící
1,spíme
1,spirály
1,spíše
1,spisovatel
1,splatil
1,splnilo
1,splynula
1,spočítá
1,spočívá
1,spojů
1,spojují
1,spokojeně
1,spokojený
1,společenství
1,společná
1,společně
1,společnosti
1,společný
1,spolehlivě
1,spolehnout
1,spolupráce
1,sporech
1,sport
1,sportovce
1,sporty
1,spotify
1,správce
1,spravit
1,správná
1,správnou
1,spravována
1,spřízněná
1,sprška
1,spustil
1,sračka
1,srazu
1,srny
1,šroubů
1,srp
1,stačila
1,stáhl
1,stahování
1,stálého
1,stáli
1,standardizovaným
1,stane
1,stanici
1,stankeho
1,stanovena
1,stanovených
1,stanovit
1,stanu
1,stařec
1,stařena
1,stáří
1,starostou
1,starou
1,staroveské
1,starý
1,statického
1,státní
1,státního
1,statutární
1,stávají
1,stávalo
1,stávat
1,stavení
1,stavní
1,stejnou
1,štěkáním
1,štěkot
1,stěně
1,stěny
1,stěoval
1,štěrku
1,stezka
1,stín
1,stíníš
1,stisk
1,štít
1,štítky
1,stloukám
1,stojíte
1,stokorunu
1,stokrát
1,století
1,stolicí
1,stolicích
1,stolu
1,stopy
1,stoupala
1,stovkami
1,stráni
1,stranou
1,strašnější
1,strašným
1,strastí
1,stratéga
1,strávili
1,stravu
1,strč
1,strčil
1,strčila
1,střecha
1,středem
1,střední
1,střelbu
1,střelných
1,střešní
1,střevíce
1,střevíček
1,střez
1,strhal
1,střídáním
1,střípků
1,strkat
1,strnuli
1,strojek
1,stromy
1,strop
1,strýce
1,studená
1,studií
1,studiu
1,studni
1,stupeň
1,stupně
1,stvořitel
1,stvořiteli
1,sty
1,suchaři
1,sucho
1,sukni
1,sůl
1,šuměly
1,šuplíky
1,sušák
1,svá
1,svalů
1,svatojánská
1,svatou
1,svaující
1,svědka
1,svědomím
1,švédskýho
1,svém
1,svému
1,světle
1,světlíků
1,světnici
1,světničkou
1,svezl
1,sví
1,sviním
1,svírala
1,svírali
1,sviridov
1,svišť
1,svítili
1,svítilo
1,svítily
1,svobodní
1,svobodnou
1,svobody
1,svrbění
1,svým
1,symboly
1,syn
1,syna
1,synovi
1,syrový
1,sysel
1,systém
1,systému
1,sytit
1,tabatěrka
1,tablety
1,tabulátory
1,táhla
1,tahů
1,tajemství
1,tajnosti
1,ták
1,takovej
1,takovém
1,takoví
1,takových
1,takt
1,takto
1,talíř
1,talíře
1,ťalo
1,támhle
1,tamten
1,tančila
1,tancuje
1,tanec
1,tanečních
1,tanečnících
1,tanga
1,tání
1,tank
1,tašce
1,táta
1,tatínkové
1,tebou
1,technicky
1,technologiím
1,těchto
1,těí
1,těké
1,těkém
1,tekutiny
1,telefony
1,telekinetické
1,telepatické
1,tělesným
1,tělesy
1,televizní
1,tělocvik
1,těma
1,těmi
1,temnou
1,temným
1,temnými
1,tenká
1,tento
1,tentononc
1,teoreticky
1,teorie
1,teorii
1,tepelně
1,teplá
1,teplem
1,terasy
1,terminály
1,termínem
1,těš
1,tesařských
1,těšila
1,tesknota
1,těsném
1,testovalo
1,těstoviny
1,tetování
1,textem
1,textového
1,texty
1,tichý
1,tíivé
1,tisíce
1,tisíckrát
1,tiskárny
1,tlačili
1,tlamy
1,tloukl
1,tlupa
1,tmavým
1,tmě
1,tmu
1,toalety
1,tobě
1,točil
1,toleda
1,toliko
1,tónu
1,tóny
1,torně
1,totemovou
1,toto
1,tou
1,touha
1,touhu
1,továrně
1,továrny
1,trable
1,tradici
1,trámu
1,trámů
1,transparenty
1,transport
1,třásl
1,tráveného
1,tráví
1,trávu
1,trčelo
1,třecí
1,třem
1,třemi
1,trend
1,trenéra
1,trénuje
1,trénují
1,trenýrky
1,třese
1,trest
1,trestné
1,trestnému
1,třetího
1,třetím
1,trhanovském
1,trhanovský
1,tříaktová
1,třída
1,tříplášťových
1,třístý
1,trošičku
1,troubení
1,trpěl
1,trpělivost
1,trvat
1,tučných
1,tucty
1,tuhé
1,tukem
1,tuku
1,tůni
1,turbín
1,tušení
1,tuší
1,tušil
1,tvá
1,tvar
1,tvářil
1,tvářila
1,tvého
1,tvoje
1,tvorba
1,tvorby
1,tvoříme
1,tvrdošíjný
1,tvrdou
1,tyče
1,týdně
1,týdny
1,typ
1,uboák
1,ubrousek
1,ubytování
1,účastníka
1,účastnil
1,účel
1,účely
1,učením
1,uchem
1,učí
1,učila
1,učinil
1,učitelem
1,učiteli
1,učitelky
1,úcta
1,účtů
1,události
1,úděl
1,udělá
1,udělala
1,udělali
1,udělalo
1,udělí
1,udeřil
1,udeřit
1,úděsnými
1,udivené
1,udrela
1,udret
1,uhlem
1,úhlu
1,uhněteny
1,uhnuli
1,uhři
1,uije
1,uivatel
1,uivatele
1,uivatelské
1,uívejte
1,ukáš
1,ukázal
1,ukázalo
1,ukázat
1,ukládání
1,ukládat
1,uklidněná
1,uklidňujete
1,ukolébavku
1,ukradl
1,ukrytý
1,úlabiny
1,ulehl
1,ulehla
1,ulovitého
1,úloze
1,uměla
1,uměle
1,umělé
1,umělec
1,umělecká
1,umělecké
1,umělecký
1,umí
1,umilové
1,umíme
1,umíráček
1,umlkl
1,umoní
1,umřít
1,únavu
1,únavy
1,uniformě
1,uniformu
1,uniknout
1,únikové
1,univerzity
1,upaloval
1,úpěl
1,upíral
1,upírala
1,upíry
1,uplakaně
1,uplatit
1,uplaval
1,upoutat
1,upozornění
1,upracované
1,upravovat
1,úpravu
1,uprchl
1,úpřímně
1,úprku
1,upsal
1,úřad
1,úřadu
1,uráí
1,urazil
1,urazilo
1,určena
1,určitou
1,určují
1,úroveň
1,urovnali
1,urozené
1,usedli
1,useknout
1,ušetřit
1,uši
1,usilují
1,usilujte
1,usmála
1,usmívá
1,usmíval
1,usmívám
1,usne
1,usnesením
1,usnula
1,uspáváte
1,úspěch
1,úspěchu
1,úspěchů
1,usrkla
1,ústa
1,ustanovena
1,ustavičně
1,ústavnosti
1,ústřední
1,utajeno
1,utéct
1,utekl
1,útěku
1,úterý
1,utíkali
1,utíkej
1,utínají
1,útlum
1,útok
1,útokem
1,utrhla
1,utrhnout
1,útrobách
1,ututlat
1,utvořil
1,uvadnou
1,úvah
1,uvařené
1,uvařit
1,uvauji
1,uvědomění
1,uvědomil
1,uvědomit
1,uvědomuje
1,uveďte
1,uvěřili
1,uvěřím
1,uvěřit
1,uviděl
1,uvidí
1,uvidím
1,uvidíme
1,uvidíš
1,uvítacího
1,uvnitř
1,úzkost
1,uznalý
1,uzobávat
1,váhu
1,vaječné
1,vajíčko
1,válce
1,válčí
1,válel
1,válet
1,valinoru
1,válkami
1,války
1,vámi
1,váností
1,vanutím
1,varhaník
1,varu
1,vaši
1,vašich
1,vaším
1,vatra
1,vazby
1,vazného
1,včas
1,včerejší
1,vděk
1,vdovec
1,vě
1,věcem
1,večeři
1,věda
1,vědecké
1,vědeckého
1,vědecký
1,vědí
1,vedli
1,vedou
1,vedro
1,věe
1,věi
1,vejci
1,vejcovitý
1,vektory
1,velerion
1,velí
1,veliké
1,velikonocích
1,veliký
1,velkého
1,velkému
1,vem
1,věnováno
1,věnuje
1,veřejné
1,veřejně
1,veřejných
1,věří
1,věřit
1,věrušku
1,ves
1,věšadlech
1,vešel
1,veselá
1,vesele
1,veselé
1,veselejšímu
1,veselí
1,veselo
1,veškerá
1,veškeré
1,veskrze
1,vesmíru
1,vesnici
1,vetkal
1,větru
1,větší
1,většinu
1,větu
1,veveda
1,veverkám
1,vezeme
1,vezl
1,vezme
1,vhodné
1,vhodných
1,vibrací
1,vibruje
1,víčka
1,víčkem
1,vida
1,viděli
1,vidělo
1,vidí
1,vidim
1,vidíte
1,viditelnosti
1,vídně
1,víkend
1,viklanu
1,vim
1,vím
1,vina
1,vína
1,vině
1,vínem
1,vinné
1,víno
1,víra
1,vírou
1,virtuálně
1,virtuální
1,virtuálním
1,víru
1,visel
1,vítězně
1,vizitku
1,vládě
1,vládní
1,vlahá
1,vláhy
1,vlajky
1,vlákna
1,vlasti
1,vlastnit
1,vlčat
1,vlčata
1,vlci
1,vleku
1,vlezl
1,vlhošti
1,vlhoští
1,vlídní
1,vlk
1,vloí
1,vnímat
1,vnitro
1,vobluda
1,vod
1,vodě
1,vodník
1,vodnímu
1,vodorovný
1,vodznak
1,voj
1,vojáků
1,vojta
1,volá
1,volají
1,volbách
1,volen
1,voleného
1,volně
1,volnou
1,volů
1,von
1,voněla
1,vovsovy
1,voze
1,vparalelním
1,vpchjongčchangu
1,vpředu
1,vracející
1,vracet
1,vracím
1,vradě
1,vrah
1,vrátí
1,vrátila
1,vrátili
1,vrátit
1,vrátnice
1,vrátnici
1,vrazil
1,vrbovými
1,vrbu
1,vrchní
1,vrchnost
1,vrcholně
1,vrcholným
1,vřešťákem
1,vroubek
1,vrstvu
1,vrzala
1,vrzavé
1,vsadila
1,všecky
1,všedně
1,všeho
1,všemoně
1,všeobecně
1,vsí
1,vším
1,vstoupil
1,vstoupila
1,vstřícný
1,vstupů
1,vůdce
1,vůlí
1,vůně
1,vybafl
1,vybalancovat
1,vybavení
1,vybaveny
1,výběr
1,výborů
1,výbory
1,vyčerpala
1,východním
1,východu
1,výchova
1,výchovu
1,vycvičit
1,vydal
1,vydali
1,vydání
1,vydávat
1,vydávila
1,vydělávat
1,vyděšený
1,vyděsil
1,vydret
1,vyhlášen
1,vyhlašuje
1,vyhlídky
1,vyhlíel
1,vyhmátli
1,vyhnal
1,vyhnout
1,vyhnul
1,vyhodnocen
1,vyhovovat
1,vyhovuje
1,vyhrála
1,vyhřebelcoval
1,výhrůky
1,vyhuloval
1,vyjádři
1,vyjádřit
1,vyjadřoval
1,vyjadřovat
1,vyjasnilo
1,vyjekla
1,vyjíďka
1,vyjmenujte
1,výkladu
1,vykonává
1,vykonávají
1,výkonné
1,výkres
1,vykřikla
1,výkřiky
1,vykročil
1,vykvajzni
1,vylétl
1,vylisované
1,vyloučené
1,vylovila
1,vylučuje
1,vynesli
1,vypáčit
1,vypadají
1,vypadala
1,vypadáš
1,vypadat
1,vypalování
1,vyplašil
1,výplaty
1,vyplněné
1,vyplýtval
1,vypni
1,výpočtech
1,výpočtu
1,výpovědí
1,vypravěč
1,vyprávěl
1,výpravu
1,vyprchala
1,vyráím
1,výrazným
1,vyřčením
1,vyřídím
1,vyřízená
1,vyřkl
1,výroba
1,výrobci
1,vyroste
1,vyrušilo
1,vyryto
1,vysázená
1,výše
1,vyskočí
1,výškové
1,vyškubne
1,výšky
1,vyskytuje
1,vyšla
1,výsledek
1,vysledovat
1,vyslovil
1,vyslovit
1,vysočině
1,vysoké
1,vyspalost
1,vystěhování
1,vystrčil
1,vystřelil
1,vystříknout
1,výstupů
1,vysunula
1,vysvětlil
1,vysvětlila
1,vysvětlit
1,vysvětlují
1,vysvoboď
1,vytáhla
1,vytahuje
1,vytvářet
1,vytvoříme
1,vytvoříte
1,vyučování
1,vyuít
1,výuku
1,vývojářům
1,vývoje
1,vyvozuje
1,vyvrátí
1,vyzařuje
1,výzkum
1,významná
1,vyzval
1,vzácně
1,vzájemné
1,vzali
1,vzápětí
1,vzdát
1,vzdělání
1,vzduch
1,vzduchem
1,vzduchotěsnosti
1,vzhledem
1,vzhlédnout
1,vznešeně
1,vznik
1,vznikají
1,vznikal
1,vzniklé
1,vznikne
1,vzpěradlech
1,vzpírala
1,vzpomínka
1,vzpomněl
1,vzpřímil
1,vztahy
1,vztek
1,vztekem
1,waltzu
1,web
1,webové
1,webu
1,weby
1,wifi
1,zabavíš
1,záběru
1,zabíjeli
1,zabijí
1,zabíjí
1,zabírá
1,zabitý
1,zabouchly
1,zábradlí
1,zábran
1,zabránit
1,zaburácel
1,zabušil
1,začaly
1,začátečníci
1,záchod
1,záchodový
1,zachraňuje
1,záchytnými
1,začínáme
1,zacinkaly
1,začla
1,začneme
1,začnou
1,začnu
1,záda
1,zadarmo
1,zádech
1,zadek
1,zadní
1,zadrnčí
1,zády
1,zahájily
1,zahajují
1,zahlédl
1,zahnuté
1,zahodí
1,zahrad
1,zahradách
1,zahradě
1,zahrádku
1,zahučel
1,zail
1,zaít
1,zaité
1,zajděte
1,zajdu
1,zajímal
1,zajímalo
1,zajímavost
1,zajímavostí
1,zajímavý
1,zajímavých
1,zajištěn
1,zájmem
1,zájmu
1,zákaz
1,zakázán
1,zakázáno
1,zakázku
1,zákazníky
1,zakazuje
1,zákeřně
1,základ
1,zakládá
1,základě
1,zakladní
1,zaklaply
1,zaklepání
1,zaklonila
1,zakokrhal
1,zákonné
1,zákonnému
1,zákonodárná
1,zákopy
1,zakřupaly
1,záleitosti
1,zálivek
1,zaloené
1,zaloil
1,zalomily
1,zalykal
1,zamčená
1,zamčeno
1,zámeckém
1,zámek
1,zamilován
1,zamířil
1,zamířila
1,zámku
1,zamlené
1,zamračil
1,zamrazilo
1,zamyslet
1,zanechat
1,zanechávají
1,zanícení
1,zapadá
1,západy
1,zápalka
1,zapalování
1,zápas
1,zaplatím
1,zapojím
1,zapojit
1,zapomenout
1,zapomněl
1,zaposlouchal
1,zapřáhnout
1,zapřel
1,zapřísahala
1,zapsat
1,zapůsobilo
1,zář
1,zařadil
1,zářících
1,zařídím
1,zařídit
1,zařízení
1,zařízeno
1,zároveň
1,zaručeny
1,zaručuje
1,zarudlé
1,zařvala
1,zásadně
1,zásadu
1,zasaen
1,zasáhl
1,zasáhly
1,zasahovat
1,zasedání
1,zaseklo
1,zašklebil
1,zasmál
1,zasmála
1,zasraná
1,zástěře
1,zástěry
1,zastoupeným
1,zastudil
1,zastupitelstev
1,zastupitelstva
1,zastupitelstvem
1,zastupující
1,zašumělo
1,zasvištěl
1,zatočila
1,zatočím
1,zatraceně
1,zatřepal
1,zaujalo
1,zaujmete
1,zaváhal
1,závaí
1,zavazadla
1,zavázané
1,zavazuje
1,závěsu
1,závěti
1,zavírá
1,závislostí
1,závist
1,zavítat
1,zavládlo
1,zavlnilo
1,zavolal
1,zavoláme
1,zavřel
1,zavřeny
1,zavřený
1,zázemí
1,zaznamenávají
1,zazpívat
1,zazvonil
1,zbavil
1,zbojníci
1,zbouchnutá
1,zbraň
1,zbraní
1,zbývají
1,zbývajících
1,zčistajasna
1,zdá
1,zdar
1,zdaří
1,zdejchla
1,zdejší
1,zděšením
1,zdi
1,zdraví
1,zdravím
1,zdravotní
1,zdravotních
1,zdravotnický
1,zdrceně
1,zdrel
1,zdříml
1,zdrojem
1,zejména
1,zelená
1,zeleninu
1,zelenou
1,zelený
1,zemřel
1,zemské
1,zenová
1,zeptejte
1,zezlátne
1,zhluboka
1,zhodnotil
1,zhodnoťte
1,zima
1,zimních
1,zimou
1,zírala
1,získat
1,zjevila
1,zjistěte
1,zjistí
1,zjišťuje
1,zklamala
1,zklamati
1,zkontroluju
1,zkoumal
1,zkrácený
1,zkráceným
1,zkrotl
1,zkrut
1,zkumavky
1,zkus
1,zkušeně
1,zkušenější
1,zkusí
1,zkusím
1,zlatá
1,zlaté
1,zlatej
1,zlepšovat
1,zlo
1,zlodějka
1,zlomeniny
1,zmalovanější
1,zmateného
1,změna
1,změnám
1,změní
1,změnil
1,zmínku
1,zmiňoval
1,zmizela
1,zmizely
1,zmocnila
1,zmuchlá
1,zná
1,znám
1,známé
1,známej
1,známém
1,znamenat
1,zněl
1,znemoňuje
1,zničeno
1,zobrazí
1,zoufalců
1,zpět
1,zpětnovazební
1,zpěvem
1,zpěvu
1,zpíval
1,zpíváš
1,zplodiny
1,zpod
1,zpomalenej
1,zpomalila
1,zpovídala
1,zpravidla
1,zprávy
1,zproletarizování
1,způsobem
1,způsobeno
1,způsobilý
1,způsobuje
1,způsobující
1,způsoby
1,zrádce
1,zradit
1,zraky
1,zrcadlech
1,zrcadlo
1,zrealizovat
1,zřizují
1,zrn
1,ztichnout
1,ztracení
1,zubech
1,zubní
1,zubního
1,zuby
1,zúčastní
1,zůstala
1,zůstalo
1,zůstaňte
1,zůstanu
1,zvací
1,zváeny
1,zváhl
1,zváím
1,zválené
1,zvedá
1,zvedala
1,zvědavě
1,zvědavost
1,zvědavostí
1,zvedni
1,zveme
1,zvenku
1,zvětšovat
1,zvířátku
1,zvířeti
1,zvítězí
1,zvládají
1,zvládal
1,zvládne
1,zvládneš
1,zvládnu
1,zvláště
1,zvolen
1,zvolením
1,zvolil
1,zvolnění
1,zvonění
1,zvykněte
1,zvyšuje
2,absolutně
2,abys
2,ádné
2,ahoj
2,aktivně
2,aplikaci
2,autobus
2,autorem
2,babičky
2,bádání
2,bála
2,baví
2,bavit
2,bě
2,běně
2,bezradný
2,beztak
2,blbá
2,blogy
2,boe
2,boha
2,boí
2,boj
2,boje
2,bolí
2,bouře
2,bratr
2,brouci
2,budeme
2,budovy
2,byloli
2,bys
2,byt
2,bývají
2,části
2,čeho
2,celkem
2,ceny
2,čepici
2,četla
2,chleba
2,chudého
2,chutí
2,cílem
2,čistě
2,cítila
2,člověkem
2,coe
2,cokoliv
2,čtete
2,čtu
2,čtvereček
2,čtyř
2,dám
2,dášeňko
2,data
2,dav
2,dávala
2,dávno
2,dbán
2,dech
2,dejte
2,děkuji
2,děláš
2,děláte
2,demisi
2,deset
2,déšť
2,diskuze
2,diskuzi
2,dispozici
2,divné
2,divný
2,dlouhou
2,dne
2,dneska
2,dnešního
2,dobou
2,dobu
2,dochází
2,dodat
2,dokáu
2,dokud
2,dolů
2,domu
2,donutil
2,dopadne
2,doporučuji
2,dopředu
2,dostane
2,dostanete
2,dostupný
2,doufám
2,dren
2,dret
2,druhou
2,druhu
2,druhů
2,důleité
2,duše
2,dvacet
2,dveří
2,dveřích
2,dvířka
2,dvou
2,dvůr
2,ekla
2,el
2,elezný
2,ena
2,eragon
2,eské
2,ester
2,etla
2,fajn
2,farář
2,faráři
2,fotovoltaické
2,francl
2,funguje
2,funkci
2,furt
2,fyzické
2,fyzikální
2,gandalf
2,hardware
2,hej
2,helena
2,hezky
2,hladový
2,hlavním
2,hm
2,hodil
2,hodinu
2,hodnotu
2,holé
2,honza
2,hořel
2,hrabě
2,hraje
2,hřích
2,hydroizolační
2,informací
2,informuje
2,interaktivita
2,internet
2,inu
2,ít
2,jakési
2,jakou
2,jakub
2,jděte
2,jedno
2,jednotlivé
2,jej
2,jel
2,jiřina
2,jirka
2,jistotou
2,jistý
2,jít
2,jízda
2,jménem
2,jmenuji
2,kadou
2,kamene
2,karty
2,kasáren
2,kateřina
2,kateřinu
2,kdepak
2,klamu
2,klavír
2,klíče
2,klid
2,knedlíky
2,knih
2,koda
2,kódu
2,kohouta
2,komisí
2,komor
2,komory
2,kondom
2,konec
2,konkrétní
2,konstrukcí
2,kontextu
2,kontrolní
2,kotě
2,kouř
2,kouzlo
2,kraje
2,krásný
2,krátký
2,krovech
2,kruh
2,kus
2,kým
2,leda
2,lehčí
2,lehký
2,lese
2,libo
2,lidské
2,lidský
2,líp
2,loki
2,lokloki
2,malá
2,málokdo
2,malý
2,marné
2,máslo
2,materiál
2,matku
2,medaili
2,mého
2,mělo
2,měly
2,měnit
2,měsíce
2,městem
2,milý
2,mimozemšťani
2,misku
2,mladá
2,mládí
2,mléka
2,mluví
2,mnoho
2,mnoství
2,model
2,moderní
2,momentálně
2,monitér
2,mono
2,monosti
2,motivace
2,mue
2,můou
2,myšičky
2,mysli
2,nabídnout
2,nábytku
2,nahoře
2,nakreslete
2,nápad
2,napadlo
2,nápady
2,napil
2,naprostá
2,naprosto
2,naproti
2,následuje
2,nastal
2,nástroje
2,naučí
2,naučit
2,neberte
2,nebuď
2,nebudu
2,nebyly
2,nech
2,nechápete
2,nechávala
2,nechce
2,nechceš
2,nechtěla
2,něčí
2,nedala
2,nedělá
2,nehnul
2,nehostný
2,nějakého
2,nějaký
2,nejde
2,nejdřív
2,nejsem
2,nejvíc
2,nejvyšší
2,někde
2,někomu
2,někteří
2,neli
2,nemůeš
2,nemůete
2,nepřekvapí
2,nepustil
2,nerozhodl
2,neslyšel
2,nešťastně
2,neustále
2,nevěděla
2,nevěřím
2,nevidí
2,nevnímám
2,nevýhody
2,nezávisle
2,nezávislý
2,nezní
2,nohou
2,nohy
2,nudná
2,oba
2,obchod
2,oběda
2,obědě
2,objektu
2,obou
2,obrazovce
2,obsahuje
2,obvaz
2,obydlí
2,ocáskem
2,ocásku
2,očekávání
2,ochrana
2,ochranou
2,odehrává
2,odejít
2,odešla
2,odevzdání
2,odkazy
2,odpor
2,odvětil
2,ohlédl
2,okamitě
2,okraje
2,olověné
2,omylu
2,oni
2,ono
2,opačným
2,opodál
2,opřel
2,oproti
2,optikou
2,orgánem
2,orgány
2,ostatních
2,otáčení
2,otázek
2,otázka
2,otázky
2,otevírat
2,otevřela
2,otočil
2,otřel
2,ovšem
2,oznámil
2,padesát
2,padl
2,pamatuj
2,paměť
2,pán
2,panoval
2,panu
2,pára
2,parlamentu
2,pastýř
2,pátravě
2,patřila
2,patrně
2,peci
2,pejsek
2,pelikánovou
2,pirát
2,písek
2,pití
2,pivo
2,plamen
2,plášť
2,platí
2,plná
2,pochopit
2,pochůzných
2,počkej
2,podává
2,podíval
2,podivné
2,podobných
2,pohádku
2,pohled
2,pohlédl
2,pohledu
2,pohovoru
2,pohyby
2,pojíděných
2,pokračovat
2,pomoci
2,pomoct
2,pořádají
2,posadil
2,poslanecké
2,posledně
2,posledních
2,post
2,postava
2,postoj
2,postup
2,potoka
2,pouívá
2,pouívat
2,povedlo
2,povídal
2,povím
2,poznámky
2,pozor
2,pozvala
2,pracoval
2,pracovat
2,přála
2,pravda
2,pravidla
2,pravou
2,předchází
2,představit
2,představoval
2,představte
2,představu
2,překvapení
2,přestal
2,prezidentu
2,přiblině
2,přijít
2,principy
2,případě
2,případně
2,přirozeně
2,přirozený
2,přišel
2,příšerně
2,příslušníci
2,příště
2,příští
2,příštího
2,přístroj
2,proboha
2,projekt
2,projevu
2,prokop
2,provozní
2,prstem
2,prsty
2,prvkem
2,psí
2,půjčit
2,půjdu
2,působnost
2,půst
2,r
2,řádek
2,radostí
2,radši
2,rát
2,ráz
2,reagující
2,řeč
2,řečeno
2,řekla
2,říkáte
2,rituál
2,rituálu
2,řízení
2,rizika
2,rohu
2,roku
2,roky
2,román
2,rovni
2,rozhodně
2,rozhodování
2,rozhoduje
2,rozvoj
2,rty
2,ruka
2,různě
2,samé
2,samou
2,šanci
2,šaty
2,seď
2,sedmdesát
2,sedne
2,semináři
2,senátu
2,seriál
2,sestra
2,seznam
2,sice
2,silou
2,sis
2,situace
2,skále
2,skálu
2,sklepa
2,skočila
2,škole
2,skříně
2,skříňka
2,skrz
2,skvrny
2,slibu
2,sliby
2,sloením
2,slyšela
2,slyšet
2,smečky
2,směrem
2,smrdí
2,smysl
2,snaím
2,sněmovně
2,sodíku
2,sotva
2,souboru
2,současné
2,soudci
2,soudu
2,soundtrack
2,sousedů
2,spadl
2,špatný
2,spí
2,spojené
2,společného
2,spolu
2,srdcích
2,stále
2,stály
2,šťastný
2,stát
2,stav
2,stejná
2,stejné
2,stejným
2,sto
2,stojíš
2,stole
2,stran
2,stránce
2,stránka
2,stránky
2,stranu
2,střediska
2,střešních
2,stůl
2,světlo
2,světnice
2,svíčku
2,svobodu
2,systémy
2,tablet
2,tajně
2,ťastná
2,ťastný
2,tato
2,teče
2,technické
2,technologie
2,tehdy
2,téhle
2,těký
2,těla
2,telefon
2,tělo
2,téma
2,tení
2,termín
2,těším
2,této
2,textově
2,tisíc
2,tisíci
2,tlapky
2,tohohle
2,tohoto
2,tomhle
2,tomto
2,trávy
2,třetí
2,třetina
2,trocha
2,trosky
2,trval
2,tvář
2,tvoří
2,tvrdá
2,tvrdíš
2,tvrtky
2,týdne
2,týdnů
2,tyto
2,účastníci
2,učitel
2,udělám
2,uděláte
2,ujel
2,ujímá
2,ukazuje
2,ulice
2,ulici
2,umím
2,umírá
2,up
2,upír
2,úplňku
2,uprostřed
2,utíká
2,váha
2,vahou
2,vánoce
2,vaření
2,vašeho
2,vašem
2,vavřinec
2,vaznicových
2,včera
2,včetně
2,večera
2,večeře
2,věděl
2,vědomí
2,vedoucí
2,veleriona
2,velice
2,velká
2,verzi
2,vesnice
2,věta
2,větraných
2,většina
2,většiny
2,věty
2,vezmu
2,ví
2,viď
2,viděl
2,viděla
2,vidíš
2,vítr
2,vlasy
2,vnějšího
2,vojáci
2,vojáky
2,volí
2,vrátily
2,vraťte
2,vrstev
2,vrtby
2,všem
2,všemi
2,všemohoucí
2,všemu
2,vsi
2,vší
2,všiml
2,vstal
2,všudypřítomná
2,vtom
2,výhody
2,vyhoštění
2,vyjít
2,výměna
2,vypadá
2,vypadal
2,vypadaly
2,vyplácí
2,výpověď
2,výprava
2,vyřešit
2,výsledky
2,vysoce
2,výstavy
2,vysvětlení
2,vytí
2,vytvoří
2,vyzkoušení
2,významně
2,vzala
2,vzdálenost
2,vzduchu
2,vzniká
2,zabít
2,začala
2,začali
2,začíná
2,začínal
2,zadíval
2,zájem
2,zajímá
2,zajímavé
2,zajímavě
2,zákonů
2,zamkla
2,zapálila
2,zas
2,zastavil
2,zavolat
2,zavřelo
2,zbaven
2,zblízka
2,zboí
2,zbytek
2,zda
2,zdálo
2,zdarma
2,zdraí
2,zdravé
2,zeleným
2,země
2,zemi
2,zeptat
2,zítra
2,zjistil
2,zlatou
2,změnit
2,změny
2,znamená
2,známý
2,zpěv
2,zpívala
2,zpočátku
2,zrak
2,zřejmě
2,zvířata
3,atom
3,avšak
3,babičkou
3,během
3,bolest
3,boty
3,budoucnost
3,budoucnosti
3,buďte
3,bývá
3,část
3,cesta
3,cestě
3,chování
3,chtěla
3,čím
3,common
3,copak
3,dále
3,dali
3,dálky
3,dat
3,dát
3,děla
3,dělají
3,dělal
3,dělám
3,dětí
3,dívku
3,dlouhé
3,dlouho
3,dny
3,době
3,dobrá
3,dokonce
3,dole
3,došlo
3,dostanu
3,dvakrát
3,dvouplášťových
3,elektrárny
3,funkce
3,geniální
3,hlas
3,hodin
3,hospodář
3,hrál
3,hrát
3,hydroizolace
3,ivota
3,jaký
3,jarek
3,jasné
3,jdi
3,jest
3,jet
3,jídlo
3,jiné
3,jistě
3,kamenem
3,kdysi
3,kněz
3,kniha
3,kocour
3,komise
3,konci
3,korun
3,koule
3,krbu
3,láska
3,malé
3,méně
3,města
3,mimochodem
3,místo
3,mladý
3,mluvit
3,moci
3,modlitby
3,mohli
3,moné
3,moností
3,mozku
3,můeš
3,muset
3,myšlenka
3,načase
3,najevo
3,najít
3,náladu
3,náměstí
3,náš
3,naše
3,našli
3,naštěstí
3,názory
3,neboť
3,nebylo
3,nechal
3,nechtěl
3,nějaká
3,nejjednoduší
3,někoho
3,nemají
3,neměla
3,nemusím
3,nesmysly
3,nima
3,nu
3,objevil
3,ochrany
3,očí
3,odpoledne
3,odsouzen
3,okamik
3,oknem
3,okno
3,opravdu
3,ostatně
3,pane
3,paneboe
3,papír
3,papíru
3,pátek
3,patří
3,pěkný
3,pelikánová
3,pěstě
3,petr
3,pláště
3,plivala
3,počasí
3,pocit
3,počítače
3,pohybu
3,pojď
3,poklop
3,pomáhá
3,pomalu
3,pomocí
3,poprvé
3,poradní
3,poslal
3,pozdě
3,předem
3,přední
3,předseda
3,přeití
3,překvapivě
3,přemýšlím
3,přešla
3,přesto
3,prezidenta
3,případ
3,případech
3,problémy
3,pryč
3,psát
3,ráno
3,rázem
3,reagují
3,řekl
3,říct
3,robertek
3,robertka
3,rozdělujeme
3,ruku
3,různých
3,ryby
3,sáhl
3,samy
3,scifi
3,sedm
3,série
3,slabá
3,sluby
3,slunce
3,slyšel
3,smích
3,sobě
3,současně
3,soud
3,soudní
3,soudruko
3,spát
3,spatřil
3,spousta
3,správně
3,správný
3,stála
3,stará
3,statku
3,stává
3,stovky
3,straně
3,strašně
3,střešního
3,světa
3,svobodně
3,tahle
3,tanky
3,těle
3,teprve
3,tiše
3,tma
3,tmy
3,tolik
3,trestu
3,trvalo
3,tuhle
3,tý
3,týden
3,typy
3,učit
3,ukončení
3,upraví
3,věc
3,věcí
3,vede
3,věděla
3,vedle
3,vejce
3,ven
3,věnovat
3,vlastnictví
3,voda
3,vodu
3,voice
3,voní
3,vstala
3,vůli
3,výkonu
3,výpočty
3,vytvořit
3,vzal
3,vzhůru
3,vztekle
3,zadávil
3,zajímavá
3,základní
3,zákona
3,záleí
3,zaručeno
3,zaslechl
3,zavřela
3,zeptal
3,zkuste
3,zmizel
3,znovu
3,zvedla
3,zvláštní
4,andula
4,auta
4,brambory
4,brzy
4,budete
4,budu
4,bychom
4,často
4,čem
4,cenu
4,cestu
4,chceš
4,chcete
4,chodit
4,chtěl
4,číst
4,dá
4,daleko
4,dcera
4,děda
4,dej
4,doby
4,druhá
4,druhé
4,dvě
4,dveře
4,evička
4,existuje
4,hlad
4,hlavní
4,hlavou
4,hleděla
4,hodila
4,hrozně
4,jedním
4,jednoho
4,jednoplášťových
4,jinde
4,jindy
4,kadá
4,kámen
4,kdybych
4,knihy
4,konstrukční
4,krev
4,kteří
4,leí
4,les
4,lestred
4,lety
4,málo
4,máte
4,matka
4,matky
4,mele
4,menší
4,měsíc
4,město
4,místě
4,mohla
4,mohlo
4,mohou
4,mrtvý
4,můete
4,musíte
4,myšlenky
4,najednou
4,naopak
4,například
4,návrh
4,nechám
4,nechci
4,neděle
4,něho
4,nějaké
4,nejpřirozenější
4,nejsou
4,největší
4,některé
4,nemohl
4,nikoho
4,noc
4,nové
4,obecně
4,okolí
4,orgán
4,osobní
4,peníze
4,pět
4,plně
4,podal
4,podívat
4,podobné
4,poměrně
4,pomyslel
4,pouívám
4,pravdu
4,přesně
4,přichází
4,přímo
4,prostor
4,proti
4,provést
4,radost
4,rána
4,řešit
4,říká
4,sami
4,samozřejmě
4,sebou
4,ses
4,síla
4,sílu
4,šlo
4,slovo
4,sociální
4,spíš
4,spoustu
4,stačí
4,stala
4,stalo
4,státu
4,strach
4,svých
4,takové
4,takového
4,takovou
4,tenkrát
4,text
4,tilion
4,tři
4,úplně
4,váš
4,vdyť
4,velký
4,vidět
4,vlády
4,vrátil
4,vrstva
4,všecko
4,všude
4,vzít
4,začal
4,začne
4,zákonem
4,zásady
4,zní
4,zůstal
5,ádný
5,ať
5,bohuel
5,budou
5,času
5,celé
5,čemu
5,cesty
5,člověk
5,dělá
5,domů
5,druhý
5,eva
5,hlavně
5,hlavy
5,hodně
5,hrdina
5,jasně
5,jednu
5,jene
5,jenome
5,jo
5,klidně
5,komunikace
5,konečně
5,kterou
5,lepší
5,mé
5,měli
5,můj
5,můu
5,myslíš
5,nakonec
5,naší
5,nějakou
5,nemohla
5,nyní
5,oheň
5,okna
5,pes
5,ploché
5,poznal
5,především
5,prezident
5,princip
5,proto
5,prý
5,rodina
5,romeo
5,rozhraní
5,síť
5,skladeb
5,skutečně
5,srdce
5,stál
5,staré
5,stejný
5,štěstí
5,stojí
5,světě
5,taková
5,takový
5,těm
5,tenhle
5,těší
5,vdy
5,večer
5,velké
5,venku
5,vidím
5,vody
5,wiki
5,zem
6,ádná
6,aspoň
6,čekal
6,či
6,člověka
6,dělat
6,díky
6,dřív
6,hlavu
6,holka
6,jedna
6,katynka
6,kolik
6,komu
6,koně
6,který
6,lidmi
6,máma
6,mnou
6,mohl
6,musel
6,musím
6,ně
6,němu
6,ni
6,nový
6,pojednejte
6,potom
6,později
6,práva
6,příliš
6,přitom
6,rozdíl
6,rukou
6,smrt
6,sodík
6,svého
6,svět
6,svoboda
6,svůj
6,take
6,teda
6,tentokrát
6,udělal
6,vědět
6,většinou
6,vláda
6,všech
6,začátku
6,zaručena
6,zde
6,zrovna
7,babička
7,celý
7,chce
7,dal
7,další
7,dášeňka
7,dědeček
7,děti
7,dnes
7,dobrý
7,doma
7,dost
7,hned
7,jiného
7,kam
7,kdyby
7,let
7,máme
7,maso
7,nebude
7,nebyla
7,nějak
7,nejlepší
7,několik
7,neměl
7,noci
7,opět
7,osobně
7,pár
7,poslední
7,povězte
7,přece
7,rychle
7,šel
7,šla
7,stanoví
7,střechách
7,svou
7,té
7,tebe
7,těch
7,váně
7,vaše
7,věci
7,velmi
7,více
7,způsob
8,ano
8,byly
8,dobré
8,fakt
8,ivot
8,jsi
8,máš
8,mne
8,nebyl
8,něm
8,nemůe
8,nimi
8,ona
8,plochých
8,podle
8,pouze
8,právě
8,problém
8,protoe
8,rád
8,ráda
8,sama
8,sem
8,skoro
8,smrti
8,ticho
8,vdycky
8,vlastní
8,vše
8,zcela
8,znázorněte
9,dál
9,docela
9,dva
9,její
9,jinak
9,která
9,mezi
9,něj
9,nich
9,nikdy
9,opice
9,ostatní
9,pořád
9,střechy
9,toti
9,udělat
9,určitě
9,zvedl
10,abych
10,byli
10,jaké
10,jeden
10,kdo
10,lidé
10,myslím
10,někdy
10,ním
10,paní
10,přes
10,přijde
10,republiky
10,rok
10,takhle
10,tě
10,víš
10,zase
10,zatím
11,den
11,dobře
11,jestli
11,moje
11,nemám
11,on
11,pokud
11,práce
11,při
11,prosím
11,vlastně
11,všechny
11,vůbec
12,jde
12,jednou
12,jejich
12,lidi
12,nám
12,nás
12,nemá
12,nesmí
12,no
12,práci
12,stejně
12,střech
12,zákon
12,ze
13,chci
13,lidí
13,moná
13,nevím
13,první
13,sebe
13,snad
14,aby
14,jim
14,kolem
14,nad
14,prostě
14,tady
14,víc
15,bez
15,čas
15,které
15,pod
15,víte
15,všichni
15,vy
16,chvíli
16,jenom
16,kde
16,musí
16,právo
16,své
16,tedy
16,trochu
16,vysvětlete
17,mají
17,měla
17,mít
17,oči
17,před
17,sám
18,jeho
18,mně
18,můe
18,teď
18,tohle
18,však
19,ke
20,mám
20,někdo
20,ta
20,třeba
20,vám
21,nikdo
21,také
21,ti
22,měl
22,moc
22,taky
22,tom
22,všechno
23,bych
23,jste
23,kadý
25,tomu
26,toho
26,tu
26,vás
26,ve
27,jsme
27,tím
28,asi
28,nic
30,byla
30,jí
30,mu
32,bylo
32,ještě
32,kdy
32,od
32,proč
32,ty
33,ani
33,ji
35,být
35,ní
36,jen
36,pak
36,ten
37,bude
37,nebo
38,není
42,byl
43,po
44,ho
44,pro
46,jako
47,něco
48,já
49,má
50,tam
53,by
54,i
55,jsou
56,mi
62,ne
62,za
64,mě
73,k
74,jak
80,tak
81,u
88,z
91,o
95,s
99,si
104,do
108,e
120,ale
132,co
173,v
219,jsem
276,na
282,je
326,to
431,se
476,a
