1,!!!
1,+
1,,
1,=>
1,–
1,’
1,…
1,€
1,02.97.60.72.94.
1,02.97.60.78.49.
1,07e30
1,-1
1,100
1,10e30.
1,11e
1,11e.
1,11e10.
1,11e30,
1,12%
1,120 000
1,12h00
1,14
1,145
1,-1.5
1,15e
1,16
1,16e
1,18
1,1899.
1,1981.
1,1986.
1,1998.
1,1999
1,1999)
1,1añ
1,1y
1,200
1,2000
1,2004.
1,2007.
1,2011
1,2011.
1,2013-2014
1,2016
1,21
1,22
1,24
1,250 000
1,27
1,29,
1,32
1,380 000
1,40
1,44
1,44.
1,45
1,58.
1,5e15.
1,5e30
1,6'2
1,6e.
1,7,00
1,7vet
1,8e30
1,8e45
1,9e00
1,9e15.
1,a.
1,abad.
1,abadenn.
1,abadenn?
1,abafet
1,abardaez
1,abati
1,abeg
1,a-benn,
1,a-bernn
1,a-berzh
1,abretañ
1,abretocʼh
1,ac'h
1,ac'h,
1,ac'hann.
1,ac’hanoc’h.
1,ac’hanon
1,achu
1,acʼhanout
1,adc’hraet
1,a-denn-askell.
1,-a-di.
1,adkavet
1,adkavit
1,adlañs
1,adlecʼhiañ
1,adober
1,a-dost
1,adperc'hennidigezh
1,adreñv
1,a-dreuz
1,adstagañ
1,a-du,
1,ael
1,aemp
1,aeoc'h
1,aerborzh
1,aerborzh.
1,aerouant-mañ,
1,aerreizhet
1,aesaet
1,aesaet-kaer
1,aesañ
1,aes-tre
1,aet-ni-holl.
1,aez
1,afer
1,aferioù).
1,aferioù-se
1,aferioù-se.
1,a-feson.
1,a-feur
1,afo
1,afrika.
1,a-gevret
1,a-gevret.
1,a-gleiz/
1,a-gostez
1,a-gostez.
1,a-grenn.
1,a-hervez.
1,aio
1,aje
1,aketus.
1,akomod
1,alamagn
1,alamaneg
1,alarm,
1,alaska
1,a-leizh.
1,alies…
1,all,
1,alliance
1,all-se.
1,alpoù.
1,alre.
1,aluletez
1,alvokad
1,aman/aze.
1,amdreiñ
1,amerika.
1,amerikan.
1,(amerikan)
1,amérindiens.
1,amezeg.
1,amezeien
1,ampoent
1,ampoent.
1,amprestañ
1,amy.
1,amzer,
1,amzer-se.
1,anal.
1,analañ
1,anaon
1,anaoudek-tre
1,anavezer
1,anavezet-mat.
1,andrev.
1,anezhañ,
1,anezhe
1,anezhi)
1,anezho,
1,angeles
1,anien.
1,ankouaet
1,annaig
1,annezioù
1,anoued
1,anquetil
1,antiques
1,an-unan.
1,anv-familh
1,anvioù-gwan.
1,anvioù-kadarn
1,aod
1,aod.
1,aodit
1,ao…/it…/dim…
1,aostralia.
1,aostralopiteked
1,aotennet-pizh.
1,aotreegad :
1,aotreet
1,aotren
1,aotrou.
1,aotroù.
1,aotrounez
1,aouregan
1,aoz
1,aozadenn
1,aozadennn
1,aozour-se.
1,apogée
1,aprouiñ
1,a-raok.
1,arbennik
1,arc’hant.
1,arc'hant-se
1,ardremez
1,are.
1,arguzet
1,arlene.
1,armelioù.
1,armerzh
1,armet,
1,arnodenn.
1,arnodennoù
1,arnodiñ
1,arouezel
1,arrebeuri.
1,arsellva
1,artizaned
1,arvar.
1,arvarus
1,arventennoù-mañ
1,arvest
1,arvest.
1,arvesterien
1,arvor
1,arvorig.
1,arzoù
1,asambl
1,asantiñ
1,ashwin
1,asied
1,asteroidennoù
1,astor.
1,at
1,ata,
1,atalier
1,atantoù
1,atav,
1,atebeien
1,atebek
1,atlas
1,atom
1,a-unan
1,aval.
1,avalaoua.
1,avaloù.
1,avaloù-douar.
1,a-viziez
1,a-vremañ
1,avu
1,a-walc’h
1,a-wechoù,
1,a-youl
1,a-zehou.
1,a-zehoù
1,azezañ
1,azezenn
1,azezit
1,a-ziwar
1,b
1,b.
1,babell.
1,babu
1,badadoù
1,badout.
1,baeañ
1,baeiñ
1,baeo
1,baeroniezh
1,bag.
1,bagad
1,bageal
1,bagonioù
1,bakad
1,bali
1,bamet
1,bananez.
1,bang
1,bangalore
1,bannoù
1,bannoù-treset
1,baotr.
1,baotred.
1,baotred-se.
1,baouezomp
1,baperennoù
1,barez.
1,barez-turzhunell.
1,barrekaat
1,barthez
1,bask.
1,basketball
1,b.e.
1,be
1,beajiñ
1,bear)
1,bec'h
1,bedagogiezh
1,beder
1,bedervet.
1,bediñ
1,bed-mañ-holl.
1,befen.
1,beg
1,begañ
1,be'h
1,belecʼh
1,beleien
1,bell
1,belleilenn.
1,bellgargañ.
1,bellgomzadenn
1,bellgomzadennoù.
1,bellgomzin
1,belloc'h
1,bemp
1,bempvet.
1,bemzek
1,benda
1,bénédicte
1,bennadurezh
1,benn-mouzh
1,bennoù.
1,bennozh
1,bennsylvania
1,benoni-se
1,benveg
1,bepred.
1,berniet
1,berniet.
1,berr-ha-berr.
1,berroc'h
1,berzet
1,besked.
1,besketaer.
1,(bet
1,bete-gouzout
1,betek-gouzout
1,bet-me
1,beure
1,beure-mañ
1,beuzadennoù
1,beuzet
1,bevañ.
1,bevare.
1,beveziñ
1,bezaén
1,bezañ…
1,beze
1,bezet
1,bezhioù
1,bezhioù-c'hoari,
1,bezomp
1,bigi
1,bigner
1,-bihan
1,bihan-bihan-bihan-bihan.
1,bihan-mañ.
1,bihan-tre
1,bilañs
1,bilili
1,biloù
1,binioù.
1,binvioù
1,bir.
1,birvilh
1,bistriegezh
1,biz.
1,bizskrivet
1,blaenaat
1,blaketenn.
1,blanedenn
1,blanedennoù
1,blantañ
1,blas
1,blaz.
1,bled
1,bleg-se.
1,bleinañ
1,bleiz.
1,blejal
1,blenier
1,bleu
1,bleuñv
1,bleuwigner
1,blev.
1,blezad
1,blijent
1,blijout
1,bliv.
1,bloavezhioù
1,bloavezhioù.
1,bloaz-hont.
1,bloaziek
1,bloaz-se?
1,bloñset
1,blot
1,blouvagor
1,bluskenn
1,boa,
1,boaz,
1,boazioù
1,bob.
1,boblañs
1,bod
1,bodadoù
1,bodad-se
1,bollore
1,bomperien.
1,bontchaillou
1,bonus
1,borioù
1,bost
1,bostel
1,botez
1,botez.
1,botoù-mañ
1,botoù-se
1,boucʼhili
1,boued.
1,boued-mor.
1,bouez.
1,bouez-kenañ
1,bouezus.
1,bouezusañ.
1,bouezusoc'h.
1,bountit...
1,bourdel.
1,bourrus
1,boussu
1,boutin.
1,boutonoù
1,brank.
1,brantad-se?
1,brasaat
1,bras-abominapl.
1,brasañ.
1,bras-divent.
1,brasenn.
1,braslennet
1,bras-mat
1,brasoc'h.
1,brasoc'hik
1,brasparzh.
1,bravañ
1,bravat
1,bravigoù-skouarn-se
1,bravik
1,bravik.
1,bravocʼh
1,brav-tre
1,brazik
1,breizh.
1,breizh »
1,breizhek
1,breizhiz
1,breizh-veur
1,breizh-veur.
1,bremaik.
1,bremañ,
1,brenañ.
1,brenin-me
1,breton
1,breudeur
1,breujoù
1,brevez
1,brezel
1,brezel.
1,brezel-mañ
1,brezidantez.
1,brieg
1,brim.
1,briziadenn-se
1,broduer
1,broduiñ
1,brof
1,broioù-al-liger
1,brokoù).
1,bronneg
1,bronneged
1,bro-saoz
1,bro-saoz.
1,bro-spagn.
1,brotestantez.
1,brou
1,broustañ
1,brudañ.
1,bruno
1,b.s
1,buan-ha-buan.
1,bugale,
1,bugelig
1,bugel-se.
1,buhezioù
1,bureau.
1,burevioù
1,burevioù.
1,busoù
1,busoù.
1,butunat.
1,catherine
1,celtes.
1,c'hachedoù-mañ
1,chadennoù
1,c'hadorioù
1,c'hafe.
1,chag
1,c'haiak,
1,c'haier.
1,chalañ
1,chalañ.
1,chalet
1,c'hall.
1,c’halle
1,c’haller
1,c'hallez.
1,c’hallfent
1,c'hallo
1,c'hallont
1,c'hallot.
1,c'halonekañ
1,chalus
1,chalusat
1,c'halz.
1,c’hambr
1,c'hambroù
1,c'hambroù.
1,c’hambroù
1,c'haner.
1,c'haner-se
1,c'hannati.
1,chaous
1,chapel,
1,c’harantez
1,c'hard
1,c'hard.
1,c’hard
1,c'hardeur…
1,c’hard-eur,
1,c'haredig
1,c'harr-boutin
1,c'harrdi.
1,c'harr-mañ
1,c'harr-nij
1,c'harr-nij.
1,c'hartennoù.
1,c'hartennoù-kred
1,c'hartennoù-kred.
1,c'hartoù.
1,c'has
1,c'hased
1,c'hastell
1,c'hastell.
1,c'hastell-nevez.
1,c'hastell-se.
1,c'hastelodenn
1,chatal.
1,c'hef
1,chekenn
1,c’helenn
1,c'helenner.
1,c'hellan
1,c’heller
1,c'hellez.
1,c'helli
1,c'helligoù
1,c'hello
1,c'heloù.
1,c'henderv
1,c'henidik.
1,c'henlabourer
1,c'henoù,
1,c'henoù.
1,c'hentel.
1,c'hentelioù-mañ
1,c’henwerzh
1,c'her
1,c'hêr
1,c'herañ.
1,c'heraotred
1,c'heraotred.
1,c'hêrioù.
1,c’hevreadoù
1,c'hevred.
1,c'hig
1,chigago
1,chikolodenn.
1,c'hilhog
1,c'hilometrad
1,chimpanzeed
1,c'hinnigoù
1,c'hirri
1,c'hirri.
1,c'histin.
1,c'histin-mañ
1,chitra
1,c’hlas.
1,c'hlasañ.
1,c’hlasoù
1,c'hleñvedoù.
1,c'hlevet
1,c'hloc'h.
1,choant
1,c'hoantoù.
1,c'hoar,
1,c'hoaren
1,c'hoari,
1,choari
1,c'hoarielloù-mañ
1,c'hoarient
1,c'hoariet
1,c'hoariez.
1,c'hoari-mañ
1,c’hoarioù
1,c'hoarvezet.
1,c'hoarvezo
1,c'hoarvezo,
1,c'hoarvezo.
1,c'hoarvezout
1,c'hoarzh,
1,c'hoarzhin.
1,c'hoarzhont
1,c'hoazhin.
1,c’hod
1,c'hodell.
1,c'hodelloù.
1,c'hof.
1,chomadennoù
1,chomas
1,chomi
1,c'homlec'h.
1,chomlec'h-mañ
1,chomlecʼhioù
1,chomot
1,c'hont,
1,c'hopr
1,c’horn-emwalc’hiñ,
1,c'hornôg
1,c'hortozot
1,chouan
1,c'houer
1,c'houer.
1,choug
1,c’houleier-argoll
1,c’houleier-etre
1,c’houlenn
1,c'houlennit
1,c'houllan
1,c'houlz
1,c'houlz-se
1,c'hounez
1,c'houzoug
1,c'hozh.
1,c'hrakal.
1,c'hreion-mañ
1,c'hreion-me
1,c'hreionoù
1,c'hrign-bev
1,c'hrignol.
1,c'hroashent
1,c'hrogad.
1,chug
1,c’humunioù
1,c'huzul.
1,c’huzul
1,c'hwerv
1,c'hwerv.
1,c’hwevrer,
1,c'hwezan.
1,c'hwezek
1,c'hwezek.
1,c'hwezekvet
1,c'hwil-tan.
1,c'hwitellat
1,c'hwitellat.
1,cm2
1,corporation.
1,crèche
1,cricket
1,croyances
1,c'whi
1,cʼhaier
1,cʼhalle
1,cʼhalon
1,cʼharrdi
1,cʼhartennoù
1,cʼhaser
1,cʼhastell
1,cʼhatalog
1,cʼhelaouiñ
1,cʼhellan
1,cʼhelligoù
1,cʼhellot
1,cʼhemennad-mañ
1,cʼhemm-se
1,cʼhevratoù
1,cʼhevredidi
1,cʼhevrin
1,cʼhezeg-dre-dan
1,cʼhezeg-stlej
1,cʼhlevheñcher
1,cʼhliched
1,cʼhlub
1,cʼhoad
1,cʼhoari
1,cʼhoari,
1,cʼhoariomp
1,cʼhoarvezout
1,cʼhont
1,cʼhorf
1,cʼhornôg
1,cʼhortozan
1,cʼhouzhout
1,cʼhrennlavarioù-mañ
1,cʼhrist
1,cʼhrouelled
1,cʼhumunioù
1,cʼhuzul
1,cʼhuzul-departamant
1,cʼhwitet
1,dabutit
1,daeoù
1,daeroù
1,dafar
1,da-gaout
1,da-geñver
1,dagit
1,da-heul
1,daig,
1,dailymotion
1,dal.
1,dalc’hit
1,dalc'hmat,
1,dalc'hmat.
1,dalc’hmat.
1,dalcʼh,
1,dalcʼhmat
1,dale.
1,dalgalian
1,dalgalian,
1,dalit.
1,'dalv.
1,dalvez,
1,'dalvez
1,dalvoudus
1,dalvoudus.
1,da’m
1,damall
1,damm
1,damskuizh.
1,danevell-mañ).
1,daniel
1,dañs
1,dañsoù
1,danvez.
1,daolenn-mañ
1,daolenn-se
1,daou,
1,daouarn
1,daou-ha-daou.
1,daoulagadoù
1,daouzek.
1,daouzekvedenn.
1,dapout
1,darempredoù
1,darn
1,darvoud
1,darvoudoù-se
1,dasad
1,dasenn
1,dastumad
1,dastumet
1,dastumit
1,davidoc'h.
1,d'az
1,db.
1,dcheked
1,dd'ar
1,debr.
1,debrec'h.
1,debrerien
1,debrit
1,dec'h,
1,dedennus.
1,dedennusoc’h
1,degemeret
1,degemerit
1,d'egile
1,d'egile.
1,degouezh-mañ
1,degouezhout
1,de'i
1,deil
1,deir
1,deir,
1,deiziad.
1,deiziadoù
1,deiziataer.
1,deiz-mañ
1,deiz-pad.
1,deiz-se…
1,dekred
1,dekvet
1,delenn
1,delienn
1,delioù
1,delioù,
1,dellezek
1,delwennig
1,delwenn-se
1,demokratel
1,demzañ.
1,d’en
1,d'enderv.
1,denel.
1,den-hont.
1,den-mañ
1,den-mañ.
1,denn
1,dennañ.
1,dennez
1,dennis
1,den-se
1,den-se,
1,den-se.
1,dent.
1,deñzorer.
1,deoc'h)
1,deoc’h
1,deoc'h-c'hwi
1,deoc'h-c'hwi.
1,deoc'h-hu
1,deomp...
1,deomp-kenañ.
1,departamant
1,departamantoù
1,deraouidi
1,derbi
1,dereat.
1,deredet
1,dermen
1,deroù
1,desavadurezh
1,desavet-mat
1,deskadurezh/stummadurezh.
1,deskidi
1,deskrivañ
1,deuit.
1,deurel
1,deveret
1,deveze
1,devezh.
1,devezh-se
1,devout
1,dev-se.
1,deze
1,dezenn
1,dezenn,
1,dezhe
1,d'hon
1,diaesañ
1,diaes-tre
1,diagnostics
1,dianavezet
1,dianavezout
1,diank
1,diàr
1,diàr-benn
1,diarbennoù
1,diardoù.
1,diavaez
1,diazez.
1,diazezadur
1,dibab
1,dibaoe
1,dibaouez
1,dibenn
1,dibenn-sizhun-mañ
1,dibres.
1,didro.
1,(dielfennet
1,dielloù
1,dieub
1,difennet.
1,difrejet.
1,difteriezh,
1,diganeoc’h
1,diganimp
1,diganin.
1,diganit.
1,digant
1,digarez
1,digareziñ.
1,digarezit!
1,digarezit…
1,(digeriñ
1,digeriñ :
1,digoradur
1,digoret,
1,digoret.
1,digoust
1,digresk
1,digreskiñ
1,digreskoù
1,digreskus
1,digrez
1,digrez.
1,digwener
1,dihet
1,dihunet.
1,dija,
1,diked
1,diked.
1,dilabour
1,dilamet
1,dilamour
1,dilecʼhiadennoù
1,dilennadegoù
1,dilennidi,
1,dilennidi.
1,dilez.
1,dilun.
1,dime
1,dimezell
1,dimezell.
1,dimezet.
1,dimp-ni.
1,din,
1,dinamek
1,dindandouar
1,din-kenañ
1,din-me.
1,dioueret
1,dioutañ.
1,diouti.
1,diouzhin
1,diouzhin.
1,dipit
1,dipitet
1,dipitetoc'h
1,diplomet.
1,diplomoù
1,dir.
1,disadorn
1,diseblant
1,diseurt
1,diseven
1,disfiz
1,dishañval
1,disheñvel
1,disheñvel-mat
1,diskaret
1,diskennit
1,diskoachet
1,diskoulm
1,diskoulmañ
1,diskoultrañ
1,diskred
1,diskrog-labour.
1,diskuizhañ
1,diskuizhañ.
1,dislavaret
1,dismantr
1,disoc'h
1,disoñjal
1,disoñjit
1,dispak
1,dispar
1,dispar.
1,dispign
1,displegañ
1,displeget
1,distag
1,distaget
1,distankañ
1,distanket
1,dister
1,disterañ.
1,distrantell.
1,disvogediñ.
1,dit?
1,ditour
1,dit-te.
1,div.
1,divarregezh
1,divaskell
1,divezañ,
1,divhar
1,divinour
1,divizadegoù
1,divizoù.
1,(divouezh
1,divoutin
1,divrein
1,divskouarnioù
1,divutun
1,divyezhek.
1,diw
1,diwallerez
1,diwallit.
1,diwarnañ
1,diwarni.
1,diwezhañ-mañ.
1,dizalcʼhiezh
1,dizaliet.
1,dizesk
1,dizimez
1,djellaba.
1,dleet
1,dleout
1,d’o
1,doan
1,doareennoù
1,doenn
1,dog
1,dollaroù.
1,dominikan.
1,domm.
1,donemat
1,donet
1,dorfed.
1,dorgenn
1,dornad
1,dorrfe
1,dorzh-vara.
1,dosa
1,dostañ
1,douar,
1,douarnenez.
1,douellerez
1,dougen
1,doujañ
1,doujet
1,doujus
1,douraer
1,dourañ
1,dourenn.
1,douristed
1,dourlivadurioù
1,dousenn
1,dousik
1,dousik.
1,draezenn
1,draig
1,drailhet
1,drailhet-se.
1,dra-mañ.
1,dra-mañ/an
1,dramgarr
1,draoù-se
1,dra-se”,
1,drast.
1,dréan,
1,drede
1,drede.
1,drederenn.
1,dregont
1,dregont.
1,dreid.
1,dreiñ
1,dreist
1,dreist.
1,dremen
1,dremen.
1,dremenet
1,dre-nevez.
1,dresadenn
1,dresimp.
1,dreut
1,dreut.
1,dreuzas
1,dreuziñ
1,drid
1,driwec'hvet.
1,droiad
1,droug
1,droug-mor.
1,drouk.
1,drouklazhet
1,droukskouer
1,drouz.
1,druez
1,drugar
1,druilh
1,du,
1,dudenn-mañ
1,dudigoù.
1,dudius
1,dud-se.
1,dug
1,duged
1,“duged
1,du-hont,
1,du-mañ
1,d’ur
1,durzhunell.
1,dwb
1,é
1,e-barzh,
1,e-barzh.
1,e-biou).
1,e-biou.
1,ebssa*
1,(ebssa,
1,ec’h
1,echuiñ
1,echuit
1,ecowatt
1,ed.
1,edaj
1,edan
1,edon.
1,edont
1,edrecʼhit
1,eer
1,eeun
1,eeun.
1,(efed
1,efedoù
1,efedusoc'h
1,efedusoc’h.
1,egedomp.
1,egedon.
1,egedout.
1,egetañ.
1,e-giz-mañ.
1,e-giz-se.
1,ehan
1,eil.
1,eilennoù
1,eilmaer
1,einstein
1,eit
1,eizh,
1,eizh.
1,eizvedenn.
1,e-karg
1,e-keit
1,e-kerz
1,ekolecʼh
1,ekonomikel,
1,e-korn
1,e-kreiz
1,ekstra.
1,èl
1,e-leizh.
1,eleveziek
1,elfenn
1,elfennoù-se.
1,elum
1,emaint-i.
1,emañ-eñ.
1,emañ-hi.
1,emaoc'h-c'hwi
1,emaomp-ni
1,emaon-me
1,embannadenn
1,embanner
1,embregerezh
1,embregerezhioù
1,emcihañs
1,eme
1,emellit
1,emellout
1,emezañ.
1,emezelañ
1,emezelet
1,emezoc
1,emezocʼh
1,emezout-te.
1,emgann
1,emglev
1,emglev.
1,emile
1,empenn
1,empennet
1,emsav,
1,emstriverien
1,emvod,
1,emvod.
1,emvodoù
1,(en
1,enañ.
1,enaouet
1,enaouis
1,enaouit
1,end
1,endalc’her-mañ.
1,endalc’hioù
1,en-dro).
1,en-dro,
1,endro.
1,enebiezh
1,enebiñ
1,enep
1,enez-frañs
1,enez-sun
1,enez-vriad.
1,eñ/hi.
1,enni
1,ennoc'h.
1,ennon.
1,enoeüs
1,enoeüs-kenañ
1,enogad
1,enora,
1,enrollet
1,enta
1,entanus
1,ent-bev
1,ent-klouar
1,entremar
1,ent-yen
1,eoc'h
1,eontr.
1,eost.
1,eost-se
1,epv
1,(er
1,erbediñ
1,erbedit
1,ercʼh
1,ernest
1,erruo.
1,ervat
1,erwan.
1,esaeit
1,esañs.
1,e-se.
1,eskern
1,eskerneg,
1,eskob.
1,espar
1,esperañs
1,espern
1,est
1,estaj
1,estaj.
1,estoni
1,estrañjourien
1,estregetañ
1,e-touez
1,etremodelezh
1,etrevroadel
1,etrezon
1,étude
1,e-unanik
1,eur,
1,eured
1,eurier
1,eurioù
1,eur-mañ
1,europa),
1,eur-se.
1,eurvezh.
1,eus-me
1,euzhvil-mañ
1,ev.
1,(evel
1,eveldon
1,eveldout.
1,evel-henn
1,evel-hont.
1,evel-just
1,evel-just.
1,evel-just...
1,evel-mañ.
1,ever
1,evezhiadennou
1,evezhiañ
1,evidoc'h
1,evidomp-holl.
1,evidon-me,
1,evt
1,ezhomm.
1,ezhommoù
1,ez-yaouank
1,faeron.
1,fakturenn
1,fakturenner
1,fall/
1,fallagriezh
1,falloc'h.
1,fall-put.
1,faltazi
1,familiale
1,faou.
1,farz
1,farz.
1,fatatez.
1,fazi)
1,fazi.
1,fazioù.
1,feilhañs
1,’fell
1,felle
1,femoc'h
1,femp
1,fenn
1,fenn,
1,fentus,
1,ferzh.
1,ferzh”.
1,fest.
1,festival
1,festivalioù
1,fest-noz,
1,feuket-bras
1,feunteun
1,feunteunioù
1,feus.
1,fezh
1,film.
1,film-mañ
1,filmoù
1,filmoù.
1,film-se.
1,fin.
1,finoc'h
1,fiñval
1,fiñvas
1,fioul
1,fiziet
1,fiziout
1,flapiñ
1,flemmus,
1,floderezh
1,florida
1,foent
1,follenn.
1,follentez.
1,follentez-rik
1,fonnus
1,fonnusoc'h
1,footballerien
1,foran
1,forbanned-se
1,forn
1,forom
1,fostel
1,fostel.
1,fotoioù,
1,fouez
1,foulet
1,founnus.
1,fourmajerezhioù
1,fraezh.
1,framm
1,frammoù
1,frammoù-se,
1,française.
1,france
1,frankiz
1,frañs).
1,frazenn
1,fred
1,frekañsoù
1,fri.
1,friket
1,frogrammoù
1,fulor
1,fuloret,
1,fumad
1,furmad
1,furmskrid-mañ.
1,gac'hat
1,gador-se
1,gaer.
1,galaksienn
1,(galleg).
1,galloudus
1,galonekañ.
1,galv
1,galvit
1,gambr-mañ.
1,gampioned
1,gan
1,ganaouenn
1,ganaouenn-se.
1,ganerez.
1,ganet
1,ganimp.
1,ganin,
1,’ganin-me
1,ganint
1,ganit-te,
1,gannañ
1,gannañ.
1,gannerez
1,gant.
1,ganto?
1,gaou.
1,gaout.
1,gaozeal
1,garantez
1,garas.
1,garec'h.
1,gared.
1,garedig
1,garemp.
1,garen.
1,garer.
1,gares.
1,garet.
1,garez.
1,garfec'h
1,garfec'h.
1,garfed.
1,garfemp.
1,garfen.
1,garfes.
1,garimp.
1,garin.
1,garis.
1,garit.
1,garje
1,garjec'h.
1,garjed.
1,garjemp.
1,garjen.
1,garjes.
1,garjoc'h.
1,garjod.
1,garjomp.
1,garjout.
1,garom
1,garomp.
1,garor.
1,garout
1,garout.
1,garr-tan
1,garta.
1,gartenn-bellgomz
1,gasadenn
1,gasketenn.
1,gasoni
1,gauguin
1,gauguin,
1,gaulle
1,'gav
1,gavan.
1,gavas
1,gaver
1,gavez
1,gavfemp
1,gavomp
1,gavont
1,gavot
1,gayathri
1,gazetenn-se
1,gazhez.
1,gefluniañ
1,gefridi
1,gefridi.
1,gegin
1,gelaouenner.
1,gelaouennerez.
1,gelaouiñ 
1,'gelc'h.
1,'gelc'hie.
1,gelc'hio.
1,'gelc'hio.
1,gelc’htro
1,gelennerez
1,gell.
1,gellout
1,geloù
1,geloù.
1,gelver
1,gement
1,gemer.
1,gemeren
1,gemero
1,gempenn.
1,gemper
1,genaoueg.
1,genderc’hel
1,gendrec'hiñ
1,genlabour
1,gennad
1,genocʼh
1,genrouedad
1,genrouedad.
1,gentelioù.
1,gentel-mañ
1,geodedourien.
1,georgia
1,geot.
1,ger.
1,geriaouiñ
1,ger-mañ
1,gerne
1,gêr-se
1,gêr-se.
1,gerzhent
1,getañ
1,gevier.
1,gevrat-se
1,gevred
1,gevred.
1,gevredigezh
1,gevredigezh.
1,gezeg.
1,giacobbi
1,gibell.
1,giez.
1,gig-yar
1,gilbert
1,gilbert,
1,gimiadiñ
1,gin.
1,gin+a806.
1,ginnig
1,ginnig.
1,girri
1,glañv.
1,glañvdiourez.
1,glañvoc'h
1,glasañ.
1,glaskfent
1,glav-mañ
1,glav-puilh
1,gleb
1,glemmfe.
1,glemmint
1,gleñvedoù.
1,glev-dour-teil.
1,gleven
1,gleven.
1,glever
1,gleves.
1,glevfe
1,glevis
1,glevo
1,glevot
1,gloazet
1,gloued.
1,gm.
1,goad
1,goanag
1,goaniañ.
1,goant.
1,goañv
1,goañv-mañ.
1,goaperien.
1,goll.
1,gompren
1,gomprenen
1,gomprenent
1,gompreno
1,gomz).
1,gomzfe
1,gomzomp
1,gomzont.
1,gomzoù,
1,gomzoù.
1,gont
1,google.
1,gopret
1,gordenn
1,gorre
1,gortoz.
1,goshoc'h.
1,goude-se
1,gouel.
1,gouennañ,
1,gouezet
1,gouezh
1,gouezhfe
1,gouezhje.
1,gouezho
1,gouiet
1,goulen.
1,goulennet.
1,goulennit
1,goullo
1,goullonderet
1,goullonderiñ
1,gouloù,
1,gouloù-noz
1,goulven.
1,gourc'hemennoù
1,gourcʼhemennoù
1,gourdrouz
1,gourdrouzet.
1,goustadik
1,goustadikoc'h.
1,gousto.
1,gouvidi
1,gouviet
1,gouzañv
1,gouzoug
1,gozhañ.
1,gracʼh
1,graet,
1,gramm.
1,'gred
1,greden.
1,gredi
1,gredit
1,gredo
1,greion
1,greisteiz
1,greizenn
1,greiz-kêr.
1,grenv.
1,greñv
1,greñvaat
1,greñvañ.
1,greomp
1,greunenn
1,grint.
1,gris.
1,groaz.
1,groazig.
1,grog
1,grogenn-sant-jakez.
1,grogo
1,grouiñ
1,gt.
1,gudennek
1,guérin
1,guibé
1,gulennet
1,gumbakonam.
1,gumun,
1,gumun.
1,gumuniezh
1,gumuniezh.
1,guzh.
1,gw.
1,gwad
1,gwagennoù.
1,gwalc'het
1,gwallskoueriusat
1,gwallzarvoud.
1,gwan.
1,gwaneoc'h
1,gwashañ.
1,gwashoc'h
1,gwastell
1,gwastet
1,gwazha
1,gwazh-ouzh-gwazh.
1,gwazour
1,gwechoù
1,gwel.
1,gwelas.
1,gwele
1,gwelet).
1,gwelet,
1,gwelit
1,gwellaat
1,gwellaet
1,gwellañ-holl
1,gwelloc'h,
1,gwelloc'h.
1,gwelloc'h-gwell.
1,gwelot
1,gwenc'hlan.
1,gwened
1,gwener.
1,gwengolo.
1,gwennael
1,gwenneg
1,gwenneien
1,gwenn-se.
1,gwenole
1,gweñvet.
1,gwer.
1,gwerenn.
1,gwern
1,gwez
1,gwezenn
1,gwezenn.
1,gwez-kistin
1,gwiad
1,gwin,
1,gwin-mañ
1,gwir-bater
1,gwirionez
1,gwiskañ
1,gwiskit
1,gwrezverk
1,h
1,habask.
1,habaskaat
1,haiku
1,hantereur.
1,hanterkanvedenn.
1,hañv.
1,hañval-bev.
1,hañvezh
1,hardiz
1,harzhal
1,harzhal.
1,hecʼh-unan
1,hed
1,hegredik-kenañ
1,hemañ-henn.
1,heñcher
1,heñchet
1,henhont.
1,hennez
1,hennezh...
1,henn-ha-henn.
1,henoazh
1,hentenn
1,hentoù.
1,hent-se.
1,henvroat,
1,heol,
1,hepken!
1,hepken.
1,hepken...).
1,hepte
1,here
1,here.
1,herkul
1,hero”
1,herri.
1,herve
1,hervez
1,hervezoc'h
1,hetan
1,hetoù
1,hetoù,
1,heul
1,heul.
1,heuliañ
1,heuliet
1,hevlene.
1,hi.
1,hilton
1,hini-te.
1,hir,
1,hirik
1,hiriv
1,hiroc'h,
1,hiroc'h.
1,hiviziken
1,hiziv,
1,hizivaat
1,hizivaet
1,hiziv/bremañ.
1,hoc'h-unan
1,hol
1,holen
1,hollad
1,hollek
1,hollsent.
1,homo
1,hon-daou.
1,hon-daouik
1,honhont.
1,-honn.
1,honn-ha-honn.
1,hon-unan.
1,hon-unan-penn
1,ho-taou
1,hotel.
1,houad.
1,houadez.
1,houarn.
1,houidi.
1,idlis,
1,ifern
1,ijinañ
1,ijinus
1,iliz-veur.
1,implij.
1,implijad
1,implij-amzer
1,indiana
1,indianez.
1,ingalet
1,ingalomp
1,inizi
1,inizi.
1,iskis
1,israel.
1,isrubrikenn
1,istitlet
1,istor.
1,istorel
1,istor-se.
1,istrenn.
1,istrogelled.
1,italia
1,italia.
1,i.v.
1,ivez,
1,ivinoù.
1,iwerzhoniz.
1,izelañ
1,izili
1,izili.
1,jakez
1,jañ-do
1,janedig.
1,jardin.
1,jaurès
1,jean
1,jean.
1,jederezig
1,jeneral
1,jentil
1,jentil-tre
1,jeu
1,jeu.
1,jezuz.
1,joget.
1,jolarpet
1,jones
1,joniged.
1,kabared,
1,kablus
1,kadarnaet
1,kae.
1,kaerañ
1,kaer-mañ
1,kaeroc'h
1,kafe.
1,kailharet-holl
1,kalet.
1,kalon.
1,kalvez.
1,kalz,
1,kambr
1,kambroù.
1,kamm
1,kammed
1,kammgemeret
1,kanaouennoù.
1,kanerez
1,kanfec'h.
1,kanjen.
1,kannañ
1,kannati
1,kant.
1,kantadoù
1,kaout,
1,kaoz.
1,kaozioù.
1,karaez
1,karaez,
1,karaez-plougêr.
1,karantezus-tre
1,karedig
1,karje
1,karrekaet
1,karr-samm,
1,karter
1,kartoù.
1,kas.
1,kasan
1,kaserien
1,kasit-hi
1,kastell
1,kastell.
1,kastizel.
1,katalonia
1,katell.
1,kav
1,kavan
1,kaver
1,kavez
1,kavocʼh
1,(kavout
1,kazetenn
1,kazetennoù,
1,kazh
1,ke
1,kefridioù
1,keginañ
1,keinañ
1,kejañ
1,kejit
1,kelaouenn
1,kelc'hiis
1,kelver
1,kemend-all.
1,kement-se?
1,kemeret,
1,kempenn.
1,kempennin
1,kemperle
1,kenañ.
1,kendalc'ho
1,kendeuzet
1,kenetreze.
1,kengret,
1,kenkoulz
1,kenlabourerien
1,kennebeut.
1,kenstrivadegoù
1,kentoc'h
1,kentoc’h
1,keñver.
1,keodedel
1,keodedour
1,keraotred
1,keraotred,
1,keraotred.
1,kêraozañ.
1,kerbrad.
1,kerc'hat
1,kerent)
1,kergelenn.
1,kêriadennoù.
1,kêriz
1,kerlouan,
1,kerneveureg,
1,keroc'h.
1,keroc'h-kerañ
1,kerzhemp,
1,ket),
1,kevanaoz
1,kevatal
1,kevelloù
1,kevre
1,kevread
1,kevredidi
1,kevredigezh
1,kevredigezhel
1,kevreet
1,kevret
1,kib
1,kiltoù
1,kinnigit.
1,kistin.
1,kistinennoù.
1,kit.
1,kizellerien
1,klanv.
1,klas
1,klasel-tre
1,klask.
1,klaske
1,klasket
1,klaskin
1,klaskit
1,klaskit.
1,klemmoù
1,klet
1,klet,
1,klevemp
1,klever
1,klevheñchet-mañ
1,klev-hi
1,klouar
1,klozañ,
1,klud
1,koaniañ
1,koant
1,koant.
1,koantik
1,koarañ
1,kof
1,kog
1,koll
1,kollet.
1,kompez.
1,komprenet
1,komze
1,komzomp
1,kongo
1,kont.
1,kontañ
1,kontant
1,kornek-ledan.
1,korrigo
1,koshañ
1,koskoriad
1,kouezh
1,kouezhañ
1,kouezhe.
1,kouezhet.
1,kouign
1,koulskoude,
1,koulskoude.
1,koulz.
1,koumanantit
1,kourdoner
1,kouskit
1,koustet.
1,kozh…
1,kozh-hont.
1,kozh-se.
1,krafik
1,krampouezh
1,krampouezh.
1,krecʼhin
1,krediñ.
1,kredit
1,kredit-hi.
1,kregiñ
1,kreionoù.
1,kreisteiz
1,kreiz-breizh.
1,kreiznoz.
1,krenn
1,kreñvoc'h
1,kreñvoc'h-kreñv
1,kresk
1,kribat
1,kriet
1,kroaziet
1,kroget
1,krogimp
1,krogo
1,krouiñ
1,krugell
1,ks
1,kudennek
1,kuiper
1,kuit!
1,kuitaat
1,kumun
1,kur
1,kuzhit-eñ
1,kuzul
1,kuzul-merañ
1,kuzul-rannvro
1,kwaz
1,kwelin.
1,kwelo
1,l.310-2,
1,l.310-5,
1,labelioù-se
1,labour,
1,labouradeg-sallañ,
1,labour-douar
1,labourerien-douar
1,labourfen
1,labouro
1,labour-se.
1,labous.
1,laboused.
1,laeret
1,laerezh
1,laezh,
1,laezh/bloaz.
1,lagad
1,lagadeg
1,lakaas
1,lakaet.
1,lakai
1,laktoserom.
1,lammat
1,landerne.
1,l'antique
1,laosk.
1,laouen).
1,laouen-holl
1,laouenoc'h
1,lâran.
1,lârit
1,lâro
1,larvol
1,lastez
1,lastez-ti
1,latennet
1,lavaran.
1,lavare.
1,lavaret…
1,lavarfen
1,lavarfes
1,lavaront
1,lazhañ
1,lazhet.
1,lazhit
1,lazhti
1,lec'hienn.
1,lecʼhel
1,lecʼhienn
1,lecʼhiennoù
1,lecʼh-to
1,lee
1,légendes
1,lemel).
1,lemm
1,lemmer
1,lenann.
1,lenn,
1,lennan.
1,lennegezh
1,lennerien
1,lennint
1,lent
1,lentik
1,lêr
1,lerc'h
1,lerc'h.
1,lern
1,les
1,(leti)
1,letioù,
1,leur
1,levenez.
1,levezon
1,levraouegoù.
1,levrdi
1,levrioù-se.
1,levr-se
1,lez
1,lezel
1,lezfe
1,lezskol :
1,l’histoire
1,liammet
1,(liammet
1,liesseurted
1,liesseurted-se
1,liested
1,liester
1,liger
1,liger.
1,liger-atlantel
1,liorzh-mañ.
1,liorzhour
1,lip-e-bav
1,lipet-brav,
1,listenn
1,livañ.
1,livit
1,liza
1,lizher-feurm
1,lizher-kelaouiñ.
1,lizhiri
1,lizhiri.
1,lizig
1,llaer
1,loa.
1,loaiad
1,loaiad.
1,“local
1,loch
1,loc'hañ
1,lod
1,lod.
1,loeiz
1,loened-kornek.
1,loen-kezeg.
1,loen-se
1,loeroù.
1,logod
1,logod.
1,lojeiz
1,lonket
1,los
1,louarn,
1,lous.
1,lousoc'h
1,louzeier
1,louzo
1,louzoù
1,louzoù-mañ.
1,louzoù-se
1,luc’hskeudennoù
1,lucʼhskeudennoù
1,lucʼhvann
1,luduenn.
1,lufr
1,lufren.
1,lugan
1,lun,
1,lunedoù-hi.
1,lur.
1,luskad
1,luziez
1,m
1,m.
1,ma,
1,(ma
1,mab-den
1,mab-den.
1,madig
1,mae
1,mae.
1,mael
1,maen.
1,maezienn
1,mag
1,mahieu
1,mail
1,mailh
1,maiwenn
1,majored
1,maketenn
1,mala
1,malizenn.
1,mam
1,mam'bije
1,mammenn
1,mammenn :
1,mamm-gozh,
1,mammoù
1,man
1,manet
1,mangaoù
1,manket
1,mankoù.
1,mantell
1,'maoc'h
1,maran
1,marc'had-mat.
1,marc'hadmatañ
1,marc'h-houarn
1,marc'h-houarn,
1,marcʼhadour
1,marcʼh-houarn
1,marcʼhoù-houarn
1,maread
1,mare-se,
1,marichal,
1,marie
1,mark
1,marmouzed
1,martolod.
1,marvet
1,massachussets
1,mat,
1,matematik
1,mat-kaer
1,mat-kaer.
1,mat-tre,
1,mauguin
1,ma-unan-penn
1,me/
1,mediaoù.
1,medisinezed
1,mekanik.
1,melestradurel.
1,melezour
1,melezour.
1,m'em
1,m’emañ
1,m'emaomp.
1,memor
1,m’en
1,menaj.
1,menegoù
1,menez
1,menez.
1,menezioù
1,menez-se
1,mennozh
1,ment.
1,merc’her,
1,merc'hervezhiad
1,mercʼh,
1,merenn.
1,merenn-vihan
1,meret
1,merglet.
1,mergletañ.
1,mergletoc'h.
1,merien
1,merkañ
1,merour
1,mersi
1,mervel
1,mervent
1,mes
1,meskaj
1,mesklenn
1,mestr
1,mestroniet
1,'met
1,metr.
1,metrad-karrez
1,metrad-karrez.
1,metro
1,meulet
1,-meurbet.
1,meurlarjez
1,meurvor
1,'meus
1,'meus.
1,meuz
1,mezeg
1,mezevellet
1,mezheven.
1,meziantoù
1,micher.
1,micherioù
1,mignoniezh.
1,migon.
1,milionoù
1,mille-clubs,
1,miltir.
1,milvet
1,minorel
1,mintin/
1,mintin-mañ
1,mir
1,mirdi-departamant
1,miret.
1,mistri
1,mizoù
1,mizvezh
1,moaien
1,moan
1,moan.
1,moanoc'h
1,mod
1,mod-all.
1,(mod-all
1,moder
1,modern
1,mod-kozh,
1,moereb
1,moneiz
1,moneizh
1,mont-dont
1,montroulez
1,montroulez.
1,morgan.
1,morgousket
1,morianeta
1,morwenna
1,morwenna.
1,moualc'hig,
1,mouar.
1,mouezh
1,mougerioù-tan,
1,moullañ
1,m.s.
1,msn
1,mui.
1,muioc’h
1,muioc’h,
1,muioc'h-mui.
1,muioc’h-mui
1,muiocʼh-mui
1,mui-ouzh-mui.
1,mumbai.
1,muntroù
1,munud
1,murthy
1,nad
1,n'adlavarit
1,nadoz-aer.
1,naer.
1,naet
1,naetaet
1,n’am
1,n'anavezan
1,n'anavezit
1,“nann,
1,naon/sec'hed
1,naontek
1,naontek.
1,nav,
1,nav.
1,n'ay
1,(ne
1,nebeud.
1,nebeudig
1,nebeut.
1,nebeutañ
1,nebeutoc’h
1,nebeutoc'h-nebeutañ
1,nebeutocʼh
1,neblec'h
1,neblec'h.
1,nebuet
1,ne'c'h
1,nec'het.
1,nec’het
1,nec'husañ
1,nec'husañ-holl.
1,nedeleg,
1,nedeleg.
1,neizh
1,neizh.
1,neizhan
1,n’em
1,nemer
1,nemetañ,
1,nemetken
1,n’en
1,neñva
1,n'eomp
1,nepell.
1,nepred
1,nerzh
1,nerzh.
1,n'es
1,nesañ.
1,neuial
1,neuial.
1,nevez,
1,nevezadur
1,nevez-flamm-hont.
1,nevez-kollet
1,nevez-mañ
1,nevez-se
1,nevez-vet.
1,n'ez
1,n'haller
1,n'hallo
1,n'hellan
1,n'heller
1,n'hor
1,n'houllan
1,n'i
1,nijadenn
1,n'in
1,niv.
1,niveradeg
1,niverel,
1,niverenn.
1,niverennoù
1,niver-se
1,niverusoc'h
1,no
1,noazhennoù
1,n'omp
1,nompas
1,nor,
1,nor…
1,normal
1,normalamant.
1,norzhiwerzhon.
1,notenn.
1,notennet
1,notennoù
1,noter.
1,n’ouzer
1,n’ouzon
1,noz,
1,noz-deiz.
1,noz-se.
1,nozvezh.
1,o.
1,oa,
1,oab,
1,oabl.
1,oa-hi
1,oan-me
1,oant.
1,oar.
1,'oar
1,'oar.
1,'oas
1,obama
1,oberenn
1,obererezh
1,oberidi
1,oblij
1,och
1,oc'h-chwi
1,o-femp.
1,oferennoù
1,olier.
1,olivez
1,olofanted.
1,omp-ni
1,o'n
1,onest-tre
1,on-me
1,orangoutaned.
1,organek
1,orion.
1,ornitorink
1,ostiz
1,ostizez
1,ouel
1,ouelañ
1,ouelañ.
1,oueletenn
1,ouelez
1,ouelit
1,oueloù.
1,ouel-yann.
1,ouestélio
1,ouez.
1,ouezer
1,oui
1,ouient
1,ouio
1,ouran
1,outañ.
1,outlook
1,out-te,
1,ouzhimp
1,ouzhocʼh
1,ouzhpennañ.
1,ouzhpenn-se
1,ouzomp
1,o-zri.
1,p.
1,padout
1,paeet
1,paefe.
1,paeit
1,pajenn
1,pajenn.
1,pakad-mañ
1,paket
1,pakot
1,pal?
1,palefarzh.
1,paner.
1,paneroù.
1,paouezfed
1,paouezit!
1,paour
1,paourkaezh.
1,paperoù
1,par.
1,parañ.
1,parantoen
1,pardono.
1,pariz
1,pariz,
1,pariz.
1,park
1,park-mañ.
1,park-se
1,parour
1,parregezh
1,partiet.
1,par-turzhunell.
1,party.
1,paseporzh
1,pasianted
1,pasianted.
1,pask
1,patata
1,patatez
1,paul
1,paz
1,pazenn
1,pazennoù
1,(pe
1,peder.
1,pedervet
1,pedibus
1,p'edo
1,p'edomp.
1,peg.
1,pegañ.
1,pegement.
1,pegiz
1,pegsunioù
1,pegus
1,pelecʼh,
1,peliat
1,pellgent
1,(pellgomz)
1,(pellgomz).
1,pellgomzer,
1,pellgomzer-mañ
1,pellgomzo
1,pellik.
1,pelloc'h.
1,pell-pell.
1,p'emaon
1,pemp,
1,pemp.
1,pemzek.
1,penaoz.
1,penet
1,pennad-mañ
1,pennadoù
1,penn-da-benn
1,penn-da-benn.
1,pennigo
1,penn-kalet.
1,penn-kezeg.
1,per.
1,pêr
1,pêr.
1,perag
1,perennoù
1,pergen
1,peroked
1,perou.
1,personelaet
1,personelaet?
1,peseut
1,pesketaemp.
1,pesketan.
1,pesketec'h.
1,pesketed.
1,pesketen.
1,pesketer.
1,pesketes.
1,pesketez.
1,pesketit.
1,pesketjoc'h.
1,pesketjod.
1,pesketjomp.
1,pesketjout.
1,pesketoc'h.
1,pesketor.
1,pesketot.
1,petore
1,petr
1,peuples
1,peurechu
1,peurgetket.
1,peurkrouet
1,peurrest
1,peurskuizh.
1,peurunvan
1,peurwerzhet
1,peus,
1,peuzskuizh.
1,pevar,
1,pevar.
1,pevare
1,pevarvet
1,pevarzek
1,pezet
1,pezh.
1,pezit
1,p’he
1,philadelphia
1,p'hon
1,pije
1,pikolioù
1,piloù
1,pin
1,pinnigo.
1,pinvidigezh.
1,pinvidik.
1,pinvidikañ
1,pinvidikoc'h
1,pizh.
1,plac'h-er-gêr
1,plac'h-mañ.
1,plac'h-se.
1,pladoù
1,plaen
1,plaen.
1,planedenn
1,plant
1,plant-mañ
1,plasenn
1,plasenn douar
1,plediñ
1,plegenn
1,pleustriñ
1,pleuwigner
1,plij,
1,plijadurus
1,plije
1,plijet-kenañ
1,plijet-tre
1,plijus.
1,plijus-tre
1,plis
1,ploudon
1,plouvien
1,plouzane
1,plouzane.
1,pluñv,
1,plus
1,plusk
1,poa.
1,poan-benn
1,poan-benn.
1,poan-gof
1,poaniañ
1,poblañs
1,poblel.
1,pod.
1,podoù.
1,pod-rotel
1,poellek
1,poent).
1,poest
1,pok
1,poliomielit.
1,polis
1,polis.
1,politikel ;
1,poltred
1,pongal.
1,pont-skorf,
1,postadurioù
1,postañ
1,posteloù-mañ
1,postoù
1,potoù
1,pouezus.
1,pouezus-bras
1,pouezus-tre
1,pouleñvat.
1,poulidor.
1,poull-neuial
1,poultr
1,pounner
1,pounner.
1,pounneroc'h
1,pourmenadenn
1,poz
1,pratikoù
1,pred.
1,prederiañ,
1,prederioù
1,predoù…).
1,prefeti
1,preizhet.
1,prenan
1,prenañ,
1,prenet.
1,prenit
1,prennañ
1,prennet
1,prest.
1,pretierezh
1,pretiourien,
1,preudeur.
1,prezidantez,
1,pri.
1,prim.
1,priya
1,prizioù
1,prizius
1,prizonidi
1,produerezh
1,« produet
1,produiñ
1,prof
1,prof.
1,profoù
1,prof-se
1,prontik
1,prop
1,propik
1,protestant.
1,(ps,
1,pugale
1,pugale.
1,pugel
1,puhez
1,puhezioù
1,puñs
1,puñs.
1,purev.
1,pzd
1,r
1,'r
1,r310-19
1,r.310-8,
1,r.310-9
1,r.321-1
1,r.321-9
1,'ra
1,radikal,
1,radiooù
1,rae,
1,raec'h
1,raecʼh
1,ra-eñ
1,ra-hi
1,raio.
1,raja
1,rak-se.
1,raktal.
1,raktres.
1,raktreset
1,ramokerioù
1,ramz
1,ran,
1,ranken.
1,rankoc'h
1,rankomp
1,rankomp.
1,ran-me.
1,rannvro.
1,rannvroel-se
1,raouliet.
1,rastello
1,ratreañ
1,ravi
1,ray.
1,razh
1,red
1,redadeg
1,redadeg-mañ
1,redan
1,redek,
1,reden
1,reder
1,reder-se
1,rediennoù
1,redius
1,redo
1,re-hont
1,reizhiad
1,rejont
1,releg.
1,renadenn-dra
1,rener.
1,renerez
1,renerez,
1,renkadoù
1,renkit
1,rentañ
1,rentañ-kont
1,rentaoù-kont
1,rentet
1,rentit
1,reoc'h
1,reolenn.
1,reolennoù.
1,reomp-ni.
1,reot,
1,reot.
1,republikan
1,resev.
1,resever
1,resevet,
1,resis,
1,respont,
1,restachoù
1,resteuler
1,resteurel
1,restroù
1,retañ
1,retañ.
1,reter
1,reut-kenañ
1,reuz
1,rez.
1,rez-te.
1,riklus
1,rin,
1,'rit
1,rit-c'hwi.
1,ri-te
1,riv.
1,roazhon-holl
1,roched.
1,roched-me
1,rochedoù
1,roc'hellek.
1,rodig
1,roeñviñ
1,roin
1,roll,
1,roll-meuzioù
1,rolloù
1,romant
1,ronan,
1,rotel
1,rouanez
1,rouantelezh-unanet
1,rouantelezh-unanet.
1,roudour
1,roz.
1,rozenn.
1,rpaourkaezh
1,rubrikennoù
1,rugy
1,ruioù
1,rummad-se
1,rusia.
1,ruskenn
1,ruziañ
1,ruz-teñval.
1,s.
1,sa
1,sac'had
1,sachañ,
1,sac'het
1,sachit
1,safar
1,saladenn
1,saladenn.
1,sal-c’hortoz,
1,sal-emvod,
1,sal-emwalc'hiñ
1,salud.
1,saludiñ
1,samm
1,sammet
1,sandra
1,sanker
1,sant
1,santan.
1,santel.
1,santet
1,santimetr.
1,santout
1,sant-teve
1,saosison.
1,saourus
1,saout
1,saoz.
1,saozez.
1,saozneger
1,saoznek.
1,saulier-le
1,savadur
1,savan
1,saveteiñ
1,savi
1,savit
1,savit.
1,seattle
1,seblant
1,seblante
1,seblantez
1,sec'hañ.
1,secʼh
1,sede
1,seier
1,seitek
1,seitek.
1,seizh,
1,seizh.
1,selaouent
1,selaouet
1,selaoui-i.
1,selaouint
1,selaouit-eñ.
1,selaouit-hi.
1,selaouit-me
1,selaouit-ni.
1,selaouont
1,sell.
1,sellan
1,sellin
1,sellit.
1,sello
1,sent.
1,sentet
1,serr.
1,serret
1,serrit
1,serviedenn
1,servijer-mañ
1,servijout
1,setu.
1,setu-eñ.
1,setu-hi
1,setu-hi.
1,setu-int.
1,setu-me
1,setu-ni.
1,setu-te.
1,seulioù
1,seurfiñ
1,seurt-se
1,seven
1,sevenadur.
1,sezon
1,shyamala
1,siberia.
1,siezhvet
1,siferniet
1,sifroù-se
1,sikour.
1,sikourioù
1,sikouro
1,silvidigezh
1,simone,
1,sina
1,sinadur
1,sinañ
1,siner
1,sinerien
1,sioulaat.
1,sistr
1,sivi
1,sivienn
1,siwazh
1,siwazh,
1,sizailhoù
1,sizhunioù
1,skanner
1,skañv
1,skañvik.
1,skaotañ
1,skarzhañ
1,skarzhet
1,skedus
1,skeiñ
1,skiañ
1,skiant
1,skiantoù,
1,skiantoù.
1,skingomz
1,skingomzoù
1,skinwell
1,sklaer).
1,sklaeroc’h
1,sko
1,skoazell,
1,skoazeller
1,skoazellerez-vamm.
1,skoazellet,
1,skoaziadoù
1,skoilhoù
1,skoit
1,skol,
1,skolaerez
1,skolaerien
1,(skolaerien,
1,skolaj
1,skol-dresañ.
1,skol-veur.
1,skosiz-se
1,skouarn
1,skouarn.
1,skouerioù
1,skourr
1,skourr.
1,skrabont
1,skrapet.
1,skrid
1,skrid.
1,skridoù
1,skritelloù
1,skritur.
1,skriv.
1,skrivagnerien
1,skrivagner-se,
1,skrivas.
1,skuizh,
1,skuizh-abominapl.
1,skuizhañ
1,skuizh-bras.
1,skuizh-brein.
1,skuizh-daonet.
1,skuizh-divi
1,skuizh-divi.
1,skuizhemp.
1,skuizhik.
1,skuizh-kaer.
1,skuizh-kenañ
1,skuizh-kenañ.
1,skuizh-lip.
1,skuizh-marv.
1,skuizh-meurbet
1,skuizh-meurbet.
1,skuizh-naet.
1,skuizh-skuizh.
1,skuizh-skzuizh-skuizh.
1,skuizh-tre.
1,smic
1,smith,
1,smith.
1,s.o.
1,sod
1,sokialour,
1,solut.
1,son.
1,sonedagoù
1,soner
1,soner,
1,sonerien
1,sonerien.
1,'soñj.
1,soñj,
1,soñj.
1,soñjan
1,soñj-c'hwi.
1,soñjen.
1,soñj-eñ.
1,soñjez
1,soñj-hi.
1,soñj-i
1,soñj-mañ
1,soñj-me.
1,soñj-ni.
1,soñjoù
1,soñj-se
1,soñj-te
1,sontadegoù
1,sonterezioù-se
1,sonterien
1,sotoc'h
1,soudarded.
1,souetan
1,souetañ
1,souezhadenn
1,souezhet-bras
1,souezhet-bras.
1,souezhus.
1,souezhusat
1,soulgarget
1,sp
1,spaghetti
1,spagn
1,spagn.
1,spagnoleg
1,spi
1,splann-se
1,spletoù
1,spontus
1,spontus.
1,spor,
1,sporañjiennoù.
1,sport.
1,sportour
1,sportourez
1,sportourezed
1,sportourien.
1,square
1,stabilaat
1,stadoù-unanet/e
1,stadoù-unanet/spagn)
1,staff
1,stagañ
1,stal,
1,staliaoua.
1,staliet
1,stammenn.
1,stank.
1,stankañ
1,stank-tre
1,stardañ
1,startijenn
1,stekiñ
1,stêr
1,sterniet.
1,stlabez
1,stlaker
1,stlapit
1,stlepel
1,stomog
1,stomok
1,stou
1,stouvit
1,straniñ
1,strategiezh
1,strinkerez,
1,strivañ
1,strizh-tre
1,strollad.
1,strollegezhioù
1,studiadennoù
1,studierez
1,studiit
1,studiont
1,stummañ
1,stummañ.
1,stummet
1,sua.
1,sukr
1,sukr.
1,sur.
1,suraat
1,suresh
1,surya
1,sutal.
1,sz
1,ta
1,'ta.
1,‘ta,
1,tabut-mañ
1,tachenn
1,tachoù
1,tad,
1,tad-moualc'h.
1,tadoù-kozh
1,taer
1,tailhoù.
1,takenn
1,talañ
1,talche
1,talvezet
1,talvezout
1,talvoudegezh
1,talvoudekaat
1,tamileg
1,tammoùigoù.
1,tan.
1,tangi
1,tan-gwall
1,tañsal
1,tañva
1,tañvad
1,taolenniñ
1,taol-esae.
1,taolfe
1,taol-kaer
1,tapo
1,tara
1,tarchañ
1,targazh.
1,tasenn
1,tasennoù
1,taski
1,taskorin
1,te,
1,-te
1,tebrec'h.
1,tebremp
1,tebrez.
1,tebromp
1,tec'hit
1,techout.
1,tegas
1,tegasin
1,tegouezhas
1,teir.
1,teiz-ha-bloaz
1,télégramme
1,tematek
1,temoù-se
1,ten
1,tener
1,tennad-hent.
1,tenne
1,tenniñ
1,tennis
1,tennit
1,teñval.
1,teñval-sac'h.
1,tercʼhel
1,termen
1,termen.
1,termeniñ
1,teskan
1,testeniañ-mañ
1,testennoù,
1,tetanoz,
1,teuan.
1,teue
1,'teue
1,teufen
1,teui
1,teui.
1,teuint.
1,teuio.
1,teuit
1,teuit.
1,teuliad.
1,teulioù
1,teul-mañ
1,teuot
1,teur
1,teus.
1,teuy.
1,teuzar
1,tev
1,teverioù.
1,texas.
1,teziriñ
1,ticheurtoù
1,ti-debriñ.
1,tiez.
1,ti-gar
1,ti-gar.
1,tigarez,
1,tigeriñ,
1,tigor.
1,tigorit
1,tigorntroiañ
1,tigr
1,tigr.
1,tigred.
1,tigrezed.
1,ti-hont.
1,tiked
1,tikedoù
1,tikedoù.
1,ti-kêr,
1,ti-kêr.
1,tilez
1,ti-mañ
1,times.
1,timeziñ
1,tirenkan.
1,tirenkañ.
1,ti-se.
1,tiskouez.
1,tisplege
1,tisplij
1,tistan
1,tistroas
1,tistroe
1,tistroio
1,titloù
1,titourit
1,titouroù-mañ
1,tivskouarn
1,tiwan
1,tiwiskañ
1,tlakaet
1,tlee
1,tleemp
1,tlefe
1,tleo
1,to
1,toazennoù.
1,tolpad
1,tommañ
1,tommat
1,tomm-tomm.
1,ton
1,tonennad
1,tonioù
1,tonkit
1,torch-treid
1,torr
1,tosta.
1,tou
1,touerien
1,toull.
1,toullad
1,toulloù
1,toulon,
1,toumai
1,tour
1,touristel
1,touristerezh.
1,tour-tan
1,touzet.
1,tra :
1,traezh.
1,traezoù
1,tra-mañ-tra.
1,tramgarr-tren
1,tram-tren
1,traoñ
1,traoù-se.
1,trawalc’h
1,trec'h.
1,tredeog
1,tregeriz
1,tregont…)
1,tremened.
1,trenioù
1,trepas
1,tresadennoù
1,tresañ
1,tresañ.
1,tresimp
1,tresoù…
1,treut.
1,treuzkaset
1,treuzkompren.
1,treuzskrivadur
1,trewineg
1,tri-c'hant
1,tridal
1,tri-ha-tri.
1,triugentved
1,triwec'h.
1,triwec'hvet
1,triwec'hvet.
1,trizek
1,trizekvet
1,trizekvet.
1,troc'h.
1,troc'hañ
1,trocʼhet
1,(troer
1,troet.
1,troio
1,troioù-kaer
1,troioù-lavar
1,trouz-se.
1,trouzus.
1,tro-war-dro.
1,trowardroioù
1,truez
1,truez.
1,tsar.
1,tu.
1,tudigoù.
1,tudoù
1,tu-gin
1,turzhunelled.
1,ugb
1,(ugent,
1,uhel.
1,uhelañ
1,uhel-se.
1,ulbam
1,ulule
1,ump)
1,unan,
1,unanvedenn
1,unanvet
1,unesco
1,unnek.
1,unnekvedenn.
1,urzhiataerezh
1,urzhiataerioù
1,urzhioù
1,vab
1,vab.
1,vachin.
1,vad.
1,vadagaskar.
1,vadurai
1,vaered
1,vaerez
1,vag
1,vag.
1,vagañ.
1,vagig
1,vag-pesketa.
1,vak.
1,vaksinadur-se
1,valeadenn.
1,vamm.
1,vamm-voualc'h.
1,vandennad
1,vane
1,vantell-mañ
1,vaouez-se.
1,vareoù
1,varregezh
1,vat,
1,vat-kenañ.
1,vazh
1,vbeethoven.
1,veaj,
1,veaj.
1,ved
1,vedisined
1,vedisinez.
1,vefe.
1,vefec'h
1,vefen.
1,veg
1,vega.
1,'vel
1,veleganez.
1,velenañ.
1,velen-hont.
1,velo.
1,ven
1,vent
1,ventell
1,verañ
1,verb
1,verc'her.
1,verglet.
1,vêsaerien
1,vêsaerien.
1,vestr
1,vestr-a-di.
1,vestrez-skol.
1,veurzh.
1,veuze.
1,veuzet
1,vev.
1,vevañ
1,vevomp
1,vevomp.
1,vezañ.
1,veze
1,vezegiezh
1,veze-hi
1,vezent
1,vezer
1,vezh
1,vezh.
1,vezomp
1,vezv
1,viami
1,vichel,
1,vicher-se
1,vignonez
1,vigoudenn.
1,vigoudenned,
1,vihan,
1,vihan-se.
1,vihan-vihan-vihan-vihan.
1,vijec'h
1,viliardoù
1,vilionvedenn.
1,villiget.
1,viltir
1,vimp,
1,vincent
1,viot-c'hwi
1,vioù
1,vitale
1,viva
1,vizaj
1,vleinañ.
1,vleino
1,vleino.
1,vleizez.
1,vlejit
1,vleunienn
1,'vo,
1,'vo.
1,vodañ
1,vodet
1,voestad
1,voest-lizheroù
1,voest-lizheroù.
1,voest-noz
1,voest-vutun.
1,volennad
1,volley.
1,vord
1,vorvran
1,votet
1,votoù-mañ.
1,vousc'hoarzhec'h
1,voustoer
1,voutin
1,voynet
1,(vras
1,vrasañ
1,vrasañ.
1,vras-mañ.
1,vrec'h
1,vreizh,
1,vreizhat
1,vremañ
1,vrest
1,vrest.
1,vreton
1,vretoned.
1,vrezhonegerien
1,vrezhonegerien,
1,vro,
1,vroadel.
1,vro-holl
1,vroioù
1,vrozh.
1,vrummenn.
1,vuan
1,vuanoc'h
1,vugale,
1,vugaligoù
1,vugel
1,vugel.
1,vuhez
1,vui.
1,vunutenn
1,vunutenn.
1,vuoc'h
1,vurev.
1,walarn.
1,wall
1,war…
1,warchoazh
1,warc'hoazh/dec'h.
1,war-c'horre
1,war-du
1,war-eeun.
1,warlene
1,warnañ,
1,war-nes
1,warni
1,warni.
1,warno.
1,warnoc'h.
1,warnon
1,warnout
1,war-raok,
1,war-raok.
1,war-zu
1,washaat
1,washaat.
1,washington
1,washington.
1,washoc'h
1,wask
1,wastell-mañ
1,web
1,wel
1,wele.
1,welemp
1,welen.
1,welet…
1,welez
1,welfemp
1,welfen
1,welin
1,well-wazh.
1,weltaz,
1,welus.
1,wer
1,werc'hez.
1,wercʼh
1,werennad
1,wetur-se
1,wez
1,win
1,winizh
1,wipro
1,wipro.
1,wir
1,wiriañ.
1,wirionez
1,wirionez,
1,wirionez.
1,wisconsin
1,wisconsin.
1,wiskañ
1,wiskfes
1,wiski
1,wiskit
1,wiskit,
1,wreg
1,xiivet
1,yac'h-pesk.
1,yacʼhusaat
1,ya/ket.
1,yann-baol
1,yannig
1,yao
1,yaouankaat
1,yaouankañ
1,yaouankañ.
1,yaouankiz
1,yaouankiz,
1,yaouankizoù
1,yaouankoc'h
1,yaouank-se
1,yaouvezh.
1,yar
1,yar.
1,yar-indez.
1,yeas
1,yec'hed
1,yec’hed/sokial.
1,yecʼhed
1,yen-tre
1,yezherien.
1,yezhoniour,
1,yezhoù-mamm.
1,yoc'henn.
1,york.
1,youc'hal
1,yudal.
1,yuna.
1,yvette
1,z
1,zachenn
1,zad-kozh
1,zad-kozh,
1,zadoù.
1,zalc’h
1,zalcʼhit
1,zamm
1,zañsal?
1,zaoulagad
1,zapout
1,zastum
1,zavañjer.
1,zebr
1,zebrez
1,zebrit
1,zebromp
1,zegas
1,zegouezh
1,zennas
1,zesevel
1,zesk
1,zeskiñ.
1,zeuio.
1,zibab
1,zibabet
1,zibabimp.
1,zibabint
1,zichek.
1,zielfennañ
1,zifenn
1,zifennomp
1,zigorit
1,zigorot
1,zilemel
1,zilhad
1,zilojit
1,ziouer
1,zirenkañ
1,ziribin.
1,ziskenn,
1,ziskouezont
1,ziskoulmont
1,zisoñj
1,zisoñjez
1,zisoñjin
1,zispignit
1,zispleg
1,zisplegen
1,zisplegez
1,zistro
1,zistrofe
1,zistroit
1,ziv.
1,zivaskell
1,zivskouarn.
1,ziwezhañ.
1,ziwezhat,
1,zle
1,zlean
1,zlee
1,zlefemp
1,zleomp
1,zo…
1,zoken
1,zoken !
1,zoo
1,zos
1,zouar
1,zougen
1,zoum
1,zour.
1,zrailherien
1,zraoù.
1,zrede
1,zreid.
1,zremmvro-se
1,zri
1,zu
1,zuint
1,ʼmañ
2,!!
2,;
2,»,
2,11
2,11e30
2,½
2,13
2,1492
2,15
2,17
2,1985.
2,2005.
2,2015
2,25
2,26
2,2e00
2,4
2,50
2,5vet
2,6e
2,6e30
2,6e30.
2,845
2,978.
2,à
2,abadennoù
2,a-barzh
2,abretoc'h,
2,ac'hanoch
2,ac'hanta
2,a-dal
2,adalek
2,adarre
2,adlañsañ
2,adlavaret
2,a-dreñv
2,a-dreuz.
2,aes.
2,afemp
2,afen
2,a-gleiz.
2,ah,
2,ahel
2,ahont
2,ahont.
2,alc'hwez
2,alc'hwez.
2,alcʼhwez
2,alese.
2,allergek
2,alre
2,amezeg
2,ankeniet-bras
2,anna
2,anvioù
2,anvioù-bihan
2,anvioù-lecʼh
2,aour
2,aozañ
2,apotikerezh
2,(ar
2,archer
2,argant
2,arguzennoù
2,arloañ
2,arme
2,arnev
2,arouez
2,arsav
2,arz
2,asambles.
2,atav.
2,avaloù-douar
2,aveet
2,avelek
2,a-walcʼh
2,a-wechoù
2,a-zehoù.
2,babig.
2,baner.
2,bank.
2,bankoù
2,bannacʼh
2,baour
2,baour.
2,becʼh
2,bedadenn
2,bell.
2,bennañ.
2,berlezenn
2,bern.
2,beseurt
2,besketa
2,bet,
2,betvet
2,bev
2,bevañ
2,bevet
2,bezh
2,bezhin
2,bier
2,big
2,bilhedaouer
2,biskoazh.
2,blac'h
2,bleiz
2,bleud
2,blev
2,blijadur
2,blijus.
2,bloavezh.
2,bloaz-mañ
2,bo.
2,bodad
2,boent
2,boest.
2,boston.
2,botoù.
2,bouloù.
2,bragoù-mañ
2,bras-bras.
2,bras-se.
2,bras-tre
2,brav-meurbet
2,brec'h
2,brein.
2,breizh?
2,breizhat
2,brenan
2,brenas
2,bretoned
2,brezhonek
2,brudañ
2,brudet-kenañ
2,buanañ
2,bugel.
2,bus.
2,c'hador.
2,chalit
2,c’hall
2,c'halle-eñ
2,c'hallez
2,c’hallfe
2,c'hallfemp
2,c'hallfen
2,c'halz
2,c'hambr
2,c'hant
2,chaosonoù
2,c'har
2,c'har.
2,c'hefridioù
2,c'hellez
2,c'hellfes
2,c'hempenn
2,cheñch
2,cheñchamant.
2,chennai.
2,c'hirri-boutin
2,c'hiz.
2,c'hlas.
2,c'hlav
2,c'hlav.
2,c'hlin.
2,c'hoan.
2,c'hoarezed
2,c'hoarveze
2,chomomp
2,c'hoshañ
2,c'houez.
2,c'houlz.
2,choulz
2,c'hounezit
2,c'huzul
2,c'hwec'h.
2,c'hwec'hvet
2,c'hwez-holl
2,c'hwibuenn
2,cʼhalaksienn
2,cʼhelenn
2,cʼheller
2,cʼhemennad
2,cʼhemmoù
2,cʼhinnig
2,cʼhoarvez
2,cʼhoarvezet
2,cʼhoulzad
2,cʼhuzul-rannvro
2,cʼhwitadenn
2,dachenn-gampiñ
2,daer.
2,dalc'h.
2,dalc'het
2,damm.
2,daolenn
2,dap
2,da’z
2,d'eben.
2,debret.
2,dec'hout
2,dedennus
2,defe
2,deiz-ha-bloaz.
2,deiziad
2,deiz-se
2,delwenn
2,dent
2,deoc'h-holl.
2,deocʼh-cʼhwi
2,deomp-ni.
2,deraouad
2,derc'hel
2,derc'hent-dec'h
2,des
2,deskadurezh
2,deskiñ.
2,destenn
2,destenn.
2,deuio
2,deut
2,diabarzh
2,diaoul
2,dibabet
2,dibar
2,dibrez
2,didro
2,didrouz
2,dieubet
2,diforcʼh
2,diganeoc'h.
2,diganeomp
2,diganin
2,digarezit.
2,digollet.
2,digorit
2,digwener.
2,dihunet
2,dilun
2,dim.
2,dimerc'her
2,dimeziñ
2,diouer
2,diouzhtu
2,dirak
2,dire.
2,direnkañ
2,disadorn.
2,diskar
2,diskenn,
2,diskennet
2,diskouezet
2,diskrog-labour
2,dispignet
2,distagañ
2,distro.
2,distroet
2,disul
2,divalav
2,divalav.
2,diviz
2,divizet
2,diwall
2,diwallerezh
2,diwezhat
2,diwezhat.
2,dizoloet
2,doare-se
2,doktor
2,dollaroù
2,domm
2,dor.
2,douar.
2,douarnenez
2,doue.
2,doujusoc'h
2,dousig.
2,dregantad
2,dreist-holl.
2,dremenet.
2,dres
2,dreuziñ.
2,dri
2,dro.
2,droad
2,droio
2,drouz
2,du-hont.
2,du-mañ.
2,d'ur
2,ec'hon
2,edo.
2,edon
2,efed
2,efedus
2,egorenn
2,ekonomikel
2,e-lec'h
2,e-maez
2,emaoc'h.
2,emaocʼh-cʼhwi
2,embannadurioù
2,embregerezh,
2,emdreiñ
2,emgan.
2,eñ.
2,endervezh
2,enkrez
2,ennañ.
2,enoet
2,eost
2,erlecʼhiañ
2,erruet.
2,esaeañ
2,e-skoaz
2,e-unan
2,eurier.
2,eus,
2,euzhvil.
2,ev
2,evidocʼh
2,evidon-me
2,evidout
2,evidout-te
2,evitañ
2,evito
2,evn.
2,ezel
2,fallaenn
2,familh.
2,familhoù
2,fañch
2,faot
2,faotr
2,faotr.
2,farsal
2,farsus
2,faziañ
2,faziañ.
2,faziet
2,fellgomzer
2,fennoù.
2,fest
2,fest-se
2,feus
2,fin,
2,fiñvit
2,flac'h.
2,flas.
2,follennoù
2,forum
2,frank
2,fresk
2,freskañ.
2,fri
2,frouezh.
2,fubuenn
2,fuloret
2,fuloriñ.
2,fur
2,gador.
2,gadorioù
2,gafe
2,galia
2,gall.
2,gallet
2,gallfemp
2,galon
2,ganin-me.
2,ganne
2,gannet
2,garan.
2,garent.
2,'garfe
2,garfent.
2,garg
2,garint.
2,garjent.
2,garjont.
2,garoc'h.
2,garont.
2,garot.
2,garr
2,gavo
2,gegin.
2,gelc'h.
2,gelc'hie.
2,gelennerien
2,gelveneg.
2,gemennadenn
2,gemper.
2,genidik
2,gentel.
2,genver.
2,gêr-benn.
2,gerig
2,gervel
2,gevreañ
2,gig.
2,ginnigfen
2,glac'har
2,glad
2,glaskit-hu
2,gleuzeur
2,glevan
2,gleve.
2,glever.
2,glevet
2,glevit
2,gloued
2,goap
2,gomzan
2,gomzan.
2,gontadenn
2,gontañ
2,gortozet
2,gortozet.
2,gouarnamant
2,gouelioù
2,gouere
2,gouloù.
2,gounid
2,gour.
2,gourc'hemennoù.
2,gourmarc'had
2,goustadik.
2,goustadikañ.
2,goustadikoc'h
2,gouzout.
2,gov.
2,gozh.
2,gra.
2,grafik
2,gresk
2,gt
2,gubouriezh.
2,gudenn
2,gumun
2,gurded
2,guzh
2,gwalarn
2,gwalc'hiñ
2,gwallzarvoud
2,gwashat
2,gwaz
2,gwech.
2,gwele.
2,gwellocʼh
2,gwenn-erc'h.
2,gwestell
2,hanter-kant
2,hanterkantved.
2,harpañ
2,hastit
2,hebiou.
2,hec'h-unan
2,hec'h-unan.
2,hecʼh-unan-penn
2,hegarat-tre
2,hegaziñ
2,hemañ.
2,henañ
2,hennezh,
2,henozh.
2,hentadoù
2,hentoù
2,herve.
2,hetomp
2,hezoug
2,hini-c'hwi
2,hir.
2,hoc'h-unan.
2,hogen
2,hollved
2,honhont
2,ijinerezh.
2,il
2,int-i
2,istrogell
2,italian.
2,izel
2,james
2,kabaliñ
2,kador.
2,kalz.
2,kambr.
2,kanet.
2,kanton
2,kantved.
2,karadek
2,karan.
2,karantez
2,kard
2,karec'h.
2,kared.
2,karemp.
2,karen.
2,karer.
2,kares.
2,karez.
2,karfec'h.
2,karfed.
2,karfemp.
2,karfen.
2,karfes.
2,karhec'h.
2,karhed.
2,karhemp.
2,karhen.
2,karhes.
2,karimp.
2,karin.
2,karis.
2,karjec'h.
2,karjed.
2,karjemp.
2,karjen.
2,karjes.
2,karjoc'h.
2,karjod.
2,karjomp.
2,karjout.
2,karoc'h.
2,karor.
2,karot.
2,kartenn
2,karzec'h.
2,karzed.
2,karzemp.
2,karzen.
2,karzes.
2,kejet
2,kelaouet.
2,kelennerien
2,kemend-all
2,kementad
2,kement-ha-kement
2,kemer.
2,kemperiz
2,ken-ha-ken.
2,kenstrivadeg
2,kent
2,kentañ,
2,kentelioù
2,kerañ.
2,kêr-benn
2,kêrioù
2,kerkent
2,kervel
2,kerzh.
2,kerzu
2,kevreañ
2,kevredet
2,kilometr.
2,kirri
2,klakenn
2,klañv,
2,kleiz
2,klemmañ
2,klevet.
2,klin.
2,klokañ
2,koan.
2,kobane
2,kobane.
2,kod
2,kompren.
2,kontit
2,kontrol
2,koshañ.
2,kousket.
2,kouskje.
2,koust.
2,kousto
2,kreden.
2,kresket.
2,krogit
2,kumuniezh
2,kumunioù
2,kwin.
2,labourec'h
2,labourit
2,laboused
2,laezh
2,laezh.
2,lamet
2,lammet
2,lannuon.
2,lañs
2,lapin
2,lavarit.
2,lavarot
2,le
2,lec'h.
2,lec'h-mañ
2,lecʼh
2,legumaj
2,lemel
2,lena
2,lenno
2,leti.
2,leton
2,leugnit
2,levraoueg.
2,liorzh.
2,lipig
2,listri
2,livan
2,livañ
2,live
2,lizherennoù
2,lizher-mañ
2,loar
2,loch.
2,loeroù
2,louarn
2,louzet
2,lur
2,lurioù
2,'m
2,ma'c'h
2,maer
2,mall
2,mallozh
2,mamm,
2,mamm-gozh
2,'mañ.
2,manegoù.
2,mann.
2,maodez
2,mar.
2,marc'h.
2,marc'hatmatoc'h
2,marc'h-houarn.
2,mare.
2,mareoù
2,martolod
2,martoloded
2,marv.
2,mary
2,mat/
2,mat-kenañ.
2,mediaoù
2,medisin.
2,mekanik
2,melenoc'h.
2,melladoù
2,me'm
2,même
2,mennozhioù
2,ment
2,m’eo
2,merc'h.
2,merc'hed.
2,merc’her
2,merc'h-kaer
2,merenn
2,merket
2,met,
2,metr
2,meurlarjez.
2,mezeg.
2,mezheven
2,m'ho
2,m'hoc'h
2,mignon.
2,mignonez
2,miltir
2,mirit
2,m'o
2,moarvat.
2,mouzh.
2,muioc'h-mui
2,naeta
2,naetaat
2,na'm
2,nann
2,nann,
2,nann.
2,natur
2,nebeutoc'h-nebeutañ.
2,neket
2,neketa
2,n'em
2,n’emañ
2,n'emaoc'h
2,nemedennoù
2,nen
2,neus.
2,'neus.
2,neuz
2,neuze.
2,nevesañ
2,nevez-c'hanet.
2,nevez-flamm
2,n'hall
2,n'hallez
2,n'he
2,n'hell
2,n'hellez
2,n'hoc'h
2,n'hon
2,n'houll
2,niver
2,niverus
2,nolwenn
2,norzh
2,norzh-su
2,notennit
2,n'out
2,oamp.
2,ober…
2,oberiañ
2,oberoù
2,oc'h-c'hwi.
2,omp-ni.
2,oriant
2,orin
2,ospital
2,ouel.
2,ouiziegezh.
2,outañ
2,outi.
2,outo
2,out-te.
2,ouzer
2,ouzhin
2,ouzhin.
2,ouzit
2,ouzon
2,ouzont
2,(pa
2,pad
2,padus
2,paeo.
2,pajennoù
2,paket.
2,pal.
2,palioù
2,panelloù
2,paotr.
2,paotred
2,paotr-mañ.
2,paper
2,parañ
2,pare
2,pazenn.
2,ped
2,pellgargañ
2,pellgomzer
2,pellgomzet.
2,pellocʼh
2,pempvet
2,pennad
2,p'eo
2,peoc'h.
2,peskete.
2,pesketemp.
2,pesketent.
2,pesketfec'h.
2,pesketfed.
2,pesketfemp.
2,pesketfen.
2,pesketfes.
2,pesketin.
2,pesketint.
2,pesketjont.
2,pesketo.
2,pesketomp.
2,pesketont.
2,petvet
2,'peus.
2,pevar-ugent
2,pevarzek.
2,pezhioù
2,pezh-se
2,p'ho
2,pinvidik
2,piz
2,plegañ
2,plijadur
2,poan.
2,poent.
2,politikerezh
2,porzh.
2,postel
2,pouezusañ
2,poull.
2,pred
2,prenas
2,prenestroù.
2,prennit
2,preti-se
2,prezidant
2,privezioù
2,proviñsoù
2,rae.
2,ra-eñ.
2,raent
2,rafe
2,ra-hi.
2,raint
2,rankan
2,ranken
2,ranket
2,rannbennad
2,rannin
2,rannvroioù
2,razo
2,rede
2,reizh.
2,relijion
2,renad
2,renk
2,renk.
2,reolennoù
2,reont-int.
2,resev
2,resevet.
2,resevit
2,resis
2,respont.
2,respontoù.
2,restr
2,ris
2,rit.
2,roi
2,ronan
2,ront
2,rost.
2,rouantelezh
2,roud.
2,roue
2,rouedennoù
2,rouez
2,rust
2,ruz-tan.
2,sac'h.
2,sae
2,salem
2,salud
2,sañset.
2,saotrerien
2,sapiens
2,save
2,savet.
2,seblantout
2,selaouit-me.
2,selle
2,sera
2,serviedennoù
2,setu,
2,setu-me.
2,sevenadur
2,sizhun.
2,skalieroù.
2,skiantel.
2,skiantoù
2,skipailhoù
2,skoazellañ.
2,skoilh
2,skoliad
2,skoliataet
2,skoliataet.
2,skolidi
2,skouerenn.
2,skrijet
2,skritur
2,skriv
2,skrivañ.
2,skrivet.
2,skriviñ
2,sokial
2,solut
2,soner.
2,sonerezh
2,sot
2,sotat
2,sotoni
2,sotonioù
2,soudard
2,soudarded
2,spered
2,spered.
2,sport
2,stadoù-unanet.
2,stag
2,staj
2,stajidi
2,stajoù
2,stal-se
2,stal-se.
2,stank
2,start.
2,stered
2,stered-lostek
2,stern
2,stil
2,stlakal
2,stlenneg.
2,straed.
2,strizh.
2,strollad
2,studiañ
2,studierien
2,studiet
2,stumm
2,stummoù
2,suraet
2,surentez
2,’ta
2,tabut
2,tad-kozh
2,tadoù.
2,takadoù
2,taksi
2,talbenn
2,talvoudus.
2,tammig
2,tammig.
2,tamouleg
2,taolenn
2,taouarn.
2,tapfe
2,tarzh
2,tebran
2,tebriñ
2,tec'het
2,tener.
2,tennañ
2,tennañ.
2,teod.
2,teredek.
2,terzhienn
2,teskiñ
2,teues
2,teuin
2,teul
2,teus
2,tev.
2,tigeriñ.
2,tilojot
2,ti-mañ.
2,ti-post
2,tiriad
2,tistro
2,titouroù
2,tle
2,tolpad-kêrioù
2,tomm.
2,tomm-gor
2,tont.
2,torn.
2,tout.
2,trecʼhet
2,tren.
2,treuzkas
2,triwec'h
2,trizek.
2,troad
2,tro-dro
2,troet
2,trouz
2,trouzus
2,trug.
2,trugarekaat.
2,tudiit
2,ugent.
2,unyezhek
2,urzh.
2,urzhiataer
2,urzhiataerezh.
2,vadelezh
2,vag-dre-lien.
2,vagouri
2,vakañsiñ
2,vakañsiñ.
2,vakañsoù.
2,valafenn
2,vale.
2,vank
2,vanne
2,vara.
2,vari.
2,vark.
2,verenn
2,vev
2,vevan.
2,video
2,vijemp
2,vijen
2,viken
2,vikinged.
2,vioù.
2,vir
2,virout
2,vlev
2,voan.
2,voc'h
2,vodern
2,voger.
2,vogerioù.
2,vor
2,votadeg
2,vouezh
2,vous
2,vousc'hoarzho
2,voutailh
2,vretoned
2,vro-mañ.
2,vrozh
2,vrudet.
2,vuhez.
2,vui
2,vutunat
2,walc'hin
2,war-droad
2,war-hed
2,warnañ
2,warnoc'h
2,warnon.
2,washañ.
2,wastell
2,wel.
2,weladenn
2,welas
2,welimp
2,wellañ
2,welo
2,wengamp
2,wenn
2,wreg.
2,xviivet
2,yaou
2,yaou.
2,yelo.
2,yenerez.
2,yen-ki
2,yer
2,youl
2,yulizh
2,zañsal
2,zaou
2,zaoulagad.
2,zebrer
2,zebront
2,zegemeromp
2,zeiz.
2,zeiz-ha-bloaz
2,zeiziad
2,zelhi
2,zeskiñ
2,zeu
2,zeu.
2,zeuan
2,zeufe
2,zevezh
2,ziaesoc'h
2,zibab.
2,zigor
2,ziwezhat
2,zlefe
2,zlefen
2,zoken.
2,zont.
2,zro
2,zrouk.
2,zud.
3,1
3,2015.
3,30
3,300
3,398.
3,8
3,ac'hanomp
3,ac'hanout.
3,aergelc'h.
3,aesoc'h
3,alemañ
3,amañ,
3,anat
3,aour.
3,arcʼhoazh
3,armel.
3,avaloù
3,avat
3,avat.
3,azv
3,barbara
3,beaj
3,befe
3,begement
3,bellgomz
3,bellgomzo
3,benn.
3,berr
3,beure.
3,beure-mañ.
3,bez’
3,biken
3,biloù.
3,blac'h.
3,blasenn.
3,blaz
3,bleunioù
3,blijfe
3,bloaz-mañ.
3,boan
3,bodet
3,boston
3,bouezus
3,bras-mañ.
3,brasoc'h
3,bremaik
3,brenont
3,brezhoneg,
3,brezhonegerien
3,brudet-tre
3,buan.
3,bugale
3,burev
3,c'hallit
3,c'halon.
3,chapel
3,c'harr-se
3,c'harr-tan
3,c'harr-tan.
3,chas
3,c'hazh.
3,c'helenner
3,cheñchamant
3,chennai
3,c'hentelioù
3,c'hervel
3,c'hoad
3,c'hoarier
3,c'hoarierien
3,c'hoarvez
3,chome
3,c'hortoz.
3,c'houlzad
3,c'hreion.
3,dachenn-se
3,dad.
3,dalc'hit
3,daonet
3,daou-ugent
3,debriñ.
3,degouezhet.
3,dennañ
3,deocʼh-holl
3,dev.
3,devez
3,diaes
3,difenn
3,difennet
3,diganeoc'h
3,digor.
3,dija
3,dija.
3,dimezet
3,diplomet
3,diri.
3,diskouez
3,distank
3,divskouarn
3,douget
3,draoù
3,dreist-holl
3,eben
3,ebrel
3,ebrel.
3,eilenn.
3,e-korf
3,embann
3,emichañs
3,enklask
3,enni.
3,enno.
3,enor
3,enrollañ
3,eo-eñ
3,eomp
3,eot
3,ervat.
3,etrezek
3,euro
3,euro.
3,evan
3,evidout.
3,evito.
3,evn
3,fardañ
3,feur
3,feurmiñ
3,fiziañs
3,frañs.
3,frañsez
3,galleg.
3,gante.
3,garfe.
3,gari.
3,garje.
3,gartenn
3,gavan
3,gemeri
3,gendercʼhel
3,gentañ.
3,gerioù
3,geroc'h.
3,get,
3,glas.
3,glask
3,glebiet.
3,goad.
3,goan
3,goan.
3,goañv.
3,goll
3,gomprenan
3,gomzer
3,gortoz
3,gourvezvank
3,gousket.
3,gredan
3,grik.
3,gwazh
3,gwechall.
3,gwengolo
3,gwer
3,gwerzhañ
3,gwerzhet
3,gwezh
3,hanternoz.
3,hañv
3,henhont
3,hennezh.
3,hetiñ
3,hiroc'h
3,hirocʼh
3,holl,
3,identelezh
3,implij
3,implijet
3,implijidi
3,in.
3,john.
3,kalet
3,kanaouenn.
3,karaez.
3,kard.
3,kari.
3,karit.
3,karomp.
3,karr
3,kelenn
3,keloù
3,kempenn
3,kemper.
3,kenavo
3,kendalc'het
3,kendelc'her
3,ken-ha-ken
3,kerzhit
3,ki.
3,kig
3,kilo
3,klemm.
3,koad
3,koan
3,komzit
3,kreñv.
3,labouret
3,laka
3,lañs.
3,lâret.
3,lârin
3,lavarez
3,lec'hioù
3,ledan
3,lennet
3,lennit
3,levr-mañ.
3,lezet
3,lezit
3,liorzh
3,listennoù
3,litrad
3,loa
3,loened.
3,lun.
3,lusk
3,mab
3,maez.
3,ma'm
3,maouez.
3,marc'h
3,marc'had.
3,marc'hadmatoc'h
3,mard
3,mare
3,mare-se
3,mariott
3,marteze.
3,marv
3,ma-unan.
3,m'en
3,m'eo
3,merc'h
3,meulet.
3,meurzh.
3,mezh.
3,million
3,mintin-mañ.
3,miret
3,mirout
3,mizioù
3,mont-dont.
3,morse.
3,muioc'h.
3,muiocʼh
3,mumbai
3,munud.
3,munut.
3,naon
3,nebeutoc'h
3,nedeleg
3,n'emaint
3,nemeur
3,nepell
3,'neus
3,neuze,
3,n'hallan
3,n'ho
3,nijet
3,n'it
3,n’o
3,n'ouzont
3,nozvat
3,oa.
3,oan.
3,office
3,oriant.
3,ouiemp
3,o-unan.
3,ouzhoc'h
3,ouzhpenn.
3,pa'm
3,paourkaezh
3,pas
3,pedet.
3,pellgomz.
3,pelloc'h
3,penn.
3,pennadig
3,pennoù.
3,peoc'h
3,peogwir
3,pesketa.
3,pesketis.
3,peurliesañ
3,pevar-ugent.
3,pignat
3,pikol
3,pizh
3,plasoù
3,plijus
3,'po
3,posupl
3,pouezusañ.
3,pouezusoc'h.
3,pout
3,preur.
3,prientiñ
3,pro
3,rafec'h
3,rafen
3,raktres
3,raktresoù
3,ranker
3,redek.
3,re-hont.
3,reizhañ
3,reomp.
3,republik
3,resevet
3,respont
3,ribl
3,rin.
3,riv
3,riz
3,roched
3,sammañ
3,sañset
3,saozneg.
3,saoznek
3,sav.
3,sed
3,segondenn.
3,sentiñ
3,servij
3,servijoù
3,seurt.
3,sevel.
3,sevenadurel
3,skeul
3,skinwel.
3,skinweler.
3,skipailh.
3,skoazell.
3,skolioù
3,skrivet
3,skuizh-tre
3,soubenn
3,speredek
3,sportourien
3,stadoù-unanet
3,steredeg
3,stlenneg
3,strikt.
3,studi
3,studier
3,stummadurioù
3,su
3,sua
3,tad.
3,tad-kozh.
3,takad
3,talvez
3,tan
3,taol
3,taolit
3,tap
3,tegouezhout.
3,tennet
3,teñval
3,teuimp
3,teuliad
3,tilhad.
3,ti-post.
3,tistroit
3,tostañ
3,touzañ
3,trawalc'h.
3,trede
3,treuziñ
3,tri-ugent.
3,troc'het
3,troit
3,unvaniezh
3,vak
3,vara
3,varc'h.
3,vare
3,'vat
3,'vat.
3,veaj
3,verk
3,vern.
3,vezit
3,vicher.
3,vijes
3,vin.
3,vlev.
3,vo.
3,'vo
3,voger
3,votoù
3,vrav.
3,vrec'h.
3,vreudeur.
3,walc'hiñ
3,warlene.
3,war-lerc'h
3,warn-ugent
3,wele
3,werc'hez
3,werzh
3,werzhañ
3,wetur
3,wezenn
3,yac'h
3,yann.
3,yaouank
3,yelo
3,yer.
3,yezhel
3,youenn
3,zaouarn
3,zaouarn.
3,zegasot
3,zegemer
3,zen
3,zeue
3,zigoran
3,zigorin
3,ziwezhat.
3,zizoleiñ
3,zorn.
3,zud
4,6
4,a-bezh
4,abred.
4,ac'hann
4,ac'hanout
4,a-du
4,aferioù
4,aferioù.
4,a-hed
4,alemañ.
4,aliesoc'h.
4,amerika
4,andrew
4,ankeniet
4,aon.
4,aozet
4,àr
4,bank
4,baotr
4,baotred
4,bara.
4,barregezhioù
4,barrek
4,beatles
4,betra
4,biz
4,blijont
4,boan.
4,botoù
4,bouez
4,bragoù
4,brasañ
4,bravoc'h
4,brec'h.
4,breudeur.
4,broioù
4,bugale.
4,buhez
4,burev.
4,butunat
4,c'hallfe
4,c'hallin
4,chas.
4,c'hazh
4,c'hell
4,cheñcho
4,c'hentañ
4,c'hi,
4,c'hiez.
4,c'hoant.
4,c'hoarzhint
4,chomint
4,c'hwevrer
4,chwi
4,cʼhaller
4,dalv
4,d'am
4,danevell
4,dañsal
4,danvez
4,daou.
4,darempred
4,de
4,dedennet
4,dek.
4,d'en
4,devezh-pad.
4,digarezit
4,dihun
4,dije
4,dilhad.
4,diorren
4,diskenn
4,diwallit
4,d'o
4,egedon
4,e-keñver
4,e-koulz
4,emaocʼh
4,emaomp.
4,emaout.
4,emeur
4,end-eeun
4,enkadenn.
4,ennañ
4,enno
4,eo-eñ.
4,er-maez
4,erru
4,estreget
4,e-tro
4,e-unan.
4,evezh
4,evezh.
4,evidoc'h.
4,fask.
4,fazi
4,fest-noz
4,fin
4,flour.
4,forzh.
4,frouezhenn
4,gador
4,gaer
4,ganañ.
4,ganit.
4,gantañ,
4,gave
4,gavit
4,gavout
4,gemer
4,gerañ.
4,gi.
4,gomzit
4,gorread.
4,gortozit
4,gouel
4,gouloù
4,goût
4,greñv.
4,gwashañ
4,gwener
4,gwenn
4,gwenn.
4,gwin
4,hent-mañ
4,i
4,ijinour
4,it.
4,just
4,kae
4,kanañ.
4,kaoz
4,karas.
4,kare.
4,karfe.
4,karfent.
4,karhe.
4,karhent.
4,karint.
4,karje.
4,karjent.
4,karjont.
4,karo.
4,karze.
4,karzent.
4,kelaouet
4,keleier
4,kelenner
4,kement-mañ
4,kemeret
4,kemper
4,kentel
4,ker.
4,kerzh
4,kerzhet
4,kinnig
4,klikit
4,km
4,koad.
4,koustañ
4,kredet
4,kreisteiz.
4,krouet
4,lâret
4,lavaret.
4,lec'h
4,lein
4,lennadenn
4,leti
4,leun
4,levraoueg
4,levr-mañ
4,lidañ
4,linenn
4,lous
4,mab.
4,'mañ
4,mare-mañ
4,melen.
4,mell
4,memor.
4,merc'hed
4,microsoft
4,mignoned.
4,miz.
4,mohan
4,mor
4,mouch
4,nec'het
4,n'emaon
4,n’eus
4,nijerez
4,n'ouzomp
4,noz-se
4,oabl
4,oadourien
4,oar,
4,oas
4,oc'h-c'hwi
4,ocʼh
4,on-me.
4,ouie
4,ouien
4,ouzhpennañ
4,pado
4,pal
4,peadra
4,p'en
4,perzh.
4,pesketfe.
4,pesketfent.
4,peur
4,peus.
4,'peus
4,p'he
4,plac'h.
4,plac'h-se
4,plas.
4,pleskob
4,porzh
4,post
4,pouezus
4,prenestr.
4,prez
4,publik
4,radio
4,rank
4,rannvro
4,reizh
4,reont.
4,reoù
4,ret-groñs
4,rouedad
4,sav
4,seder
4,selaouet.
4,sikouret
4,sioul.
4,skipailh
4,sklaer
4,skoazellañ
4,skol-veur
4,skouer
4,skrivit
4,soñjit
4,stalioù
4,stanket
4,start
4,steredenn
4,studioù
4,te.
4,teuint
4,tihuno
4,ti-kêr
4,tizhout
4,traoù-mañ
4,treiñ
4,tres
4,tri.
4,tri-ugent
4,tro.
4,trouz.
4,tud.
4,uhel
4,unnek
4,vale
4,van.
4,vantell
4,vezont
4,vije.
4,vijent
4,vloaz.
4,voest
4,vor.
4,votoù.
4,war-bouez
4,weler
4,welis
4,welloc'h.
4,wenn.
4,werenn.
4,win.
4,ya.
4,yezhoù
4,zad,
4,zaol
4,zaol.
4,zebriñ.
4,zeuint
4,zi
4,zi.
4,zilhad.
4,ziskouez
5,/
5,»
5,10
5,2
5,20
5,2008.
5,3
5,anavez
5,anavezout
5,anezhe.
5,anv.
5,arc'hoazh.
5,asambles
5,avel.
5,bennak).
5,bije
5,bilhed
5,boliserien
5,bourmen.
5,bout
5,bro.
5,c'hall
5,c'haller
5,chañs
5,chanter
5,c'heloù
5,c'hlas
5,chomit
5,chomlec'h
5,c'hozh
5,c'hreion
5,c'hwezh
5,dale
5,daoulagad
5,daouzek
5,da-unan.
5,degasit
5,degouezhet
5,deiz-ha-bloaz
5,devezh
5,d'he
5,dimp
5,dimp.
5,dispartiet
5,distreiñ
5,distro
5,dit-te
5,diwezhañ
5,diwezhatoc'h
5,dont.
5,douar
5,dra.
5,dro
5,echuet
5,edo
5,emañ-eñ
5,emaon,
5,emvod
5,eo-hi.
5,eta
5,evet
5,evidon.
5,(evit
5,follenn
5,fulup
5,galon.
5,ganeocʼh
5,gante
5,gaout
5,gar
5,get
5,goulennoù
5,gousket
5,gris
5,gwech
5,gwir.
5,hanter-kant.
5,hentad
5,hepken
5,ingal
5,kadorioù
5,kaer.
5,kaout.
5,kaozeal
5,karent.
5,kêr.
5,kinniget
5,klemm
5,kompren
5,koulskoude
5,kreion
5,krog
5,kwreg
5,labous
5,lakait
5,lazhet
5,leizh
5,lunedoù
5,lunedoù.
5,mann
5,maouez
5,mat-tre.
5,mignon
5,mil
5,moger.
5,mor.
5,mui
5,munut
5,nep
5,n'ouzer
5,olifant.
5,omp
5,out.
5,out-te
5,paeañ
5,pellgomzit
5,penn
5,pren
5,prenestr
5,preur
5,priz
5,raimp
5,raned
5,re-mañ.
5,rener
5,roazhon.
5,rubrikenn
5,sadorn
5,sal.
5,selaou.
5,selaouit.
5,sellit
5,serr
5,skignañ
5,sklaer.
5,smith
5,stal.
5,tammoù
5,tapout
5,tarv.
5,tiez
5,tigor
5,tost
5,tout
5,tre.
5,tremenet
5,tren
5,trugarekaat
5,trugarez.
5,unan.
5,va
5,vern
5,vi
5,vintin
5,vintin.
5,vont.
5,voutailhad
5,war-eeun
5,welit
5,yann-vari,
5,york
5,zeiz
5,zeuy
6,5
6,abadenn
6,abalamour
6,a-benn.
6,aen
6,a-enep
6,a-leizh
6,alies.
6,arcʼhant
6,atav
6,bed
6,bezañ.
6,bezit
6,brest
6,brezhoneg.
6,bro
6,cheñchamantoù
6,chicago
6,d'e
6,dec'h.
6,degaset
6,degemer
6,dilhad
6,diwezhañ.
6,doare
6,dorn
6,doue
6,dud-se
6,egile
6,e-kichen
6,enez
6,europa
6,evañ
6,evel-se.
6,evidon
6,galleg
6,ganeomp.
6,gazetenn.
6,gevier
6,giez
6,glas
6,glin.
6,goshañ.
6,goulennet
6,gra
6,gregiñ
6,gwiriekaat
6,hevelep
6,iliz
6,implijout
6,istor
6,itron
6,john
6,kalifornia
6,kalon
6,kanañ
6,kant
6,karont.
6,karta
6,kemerit
6,kentañ.
6,ki
6,koshoc'h
6,kreionoù
6,kreñv
6,kudenn
6,lavaran
6,levrioù.
6,lies
6,lizheroù
6,louarn.
6,lun
6,maout
6,ma'z
6,me.
6,micher
6,moarvat
6,muiañ
6,naoned
6,new
6,niverenn
6,notenn
6,nozvezh
6,'oa
6,ofis
6,paouezit
6,pebezh
6,pedet
6,pell.
6,pennañ
6,pennañ.
6,plas
6,raen
6,reer
6,re-mañ
6,re-se.
6,roll
6,sikour
6,sinema.
6,skeudenn
6,skuizhus
6,soñjet
6,straed
6,stummadur
6,talvoudus
6,tamm.
6,tigeriñ
6,traken.
6,tre
6,vakañsoù
6,vaouez
6,vimp
6,vint
6,viot
6,vreur.
6,war-raok
6,yezh.
6,yezhoù.
6,zouez.
7,ae
7,aes
7,ag
7,aimp
7,anaoudegezh
7,aval
7,bajenn
7,bloaz
7,c'hador
7,c'hambr.
7,c'hi.
7,c'hoar.
7,chomo
7,c'houlenn
7,cʼhall
7,cʼhoazh
7,dad
7,d'al
7,daouarn.
7,dazont
7,demat
7,dennet
7,deomp.
7,deuet.
7,divyezhek
7,d'ober.
7,dollar
7,dorn.
7,e-leizh
7,emgav
7,eo-hi
7,erc'h
7,fall.
7,fenn.
7,forzh
7,ganimp
7,ger
7,goude
7,gwin.
7,hanter.
7,heol.
7,honnezh
7,kafe
7,ket,
7,kudennoù
7,kwelet.
7,londrez
7,melenañ.
7,meurzh
7,mintin
7,mintin.
7,mont.
7,'n
7,ned
7,omp.
7,ostilh
7,pellgomzet
7,preti
7,roazhon
7,sac'h
7,selaou
7,sizhun
7,skinwel
7,skoazell
7,teu
7,tont
7,vamm
7,velen.
7,vrav
7,vreur
7,vro.
7,yenaat
7,ziwezhañ
8,«
8,ac'hanomp.
8,amerikan
8,anavezet
8,arc'hoazh
8,biskoazh
8,brenañ
8,c'hleuz
8,deiz.
8,deskiñ
8,dezhi
8,digarezit,
8,do
8,du.
8,du-hont
8,ec'h
8,echu
8,emañ-hi
8,en-dro.
8,eskemm
8,eurvezh
8,faot.
8,fellout
8,fentus
8,frañs
8,frouezh
8,'gar.
8,'gare.
8,'garo.
8,gas
8,gentel
8,gwelloc'h
8,gwez.
8,hanter
8,hec'h
8,heñvel
8,heol
8,hirañ.
8,in
8,kar
8,kar.
8,kement.
8,kement-se
8,koust
8,lavarin
8,lennas.
8,lenne.
8,lennfe.
8,lenno.
8,lizher.
8,loened
8,mat-tre
8,mogerioù.
8,nebeutañ.
8,n'emañ
8,netra.
8,neus
8,neuze
8,rankout
8,re-se
8,ri
8,sheila
8,sinema
8,skuizh.
8,teurel
8,teuy
8,trawalc'h
8,velen
8,verc'h
8,vezan
8,vije
8,vugale.
8,welan
8,welet.
8,ya,
8,zour
8,zu.
9,7
9,anezho.
9,ao.
9,benn
9,bloaz.
9,boued
9,c'harr.
9,chom.
9,da'z
9,deocʼh
9,desket
9,di.
9,diwezhatoc'h.
9,eben.
9,eizh
9,el
9,emaint.
9,e-men
9,eno.
9,fenoz.
9,film
9,gambr.
9,gav
9,gentañ
9,gouest
9,graet.
9,grik
9,gwechall
9,gwisket
9,holl.
9,karout
9,kasit
9,kavet
9,klask
9,kollet
9,kousket
9,kozh
9,labour.
9,lavarit
9,lein.
9,muiañ.
9,n’eo
9,netra
9,oad
9,pediñ
9,pere
9,ran.
9,reot
9,rez
9,roit
9,tapet
9,tremen
9,tro
9,vro
9,war-dro
9,yay
10,-
10,arc'hant.
10,aze.
10,bara
10,bus
10,c'hallan
10,c'hoarzhin
10,devoa
10,d'ho
10,d’ober
10,dor
10,dour.
10,emaon.
10,ganti.
10,ganto
10,gare.
10,gomz
10,hiziv.
10,ivez
10,kaset
10,melen
10,muioc'h
10,nebeud
10,oamp
10,ober.
10,paouez
10,plijet
10,reas
10,redek
10,ro
10,ruz.
10,sell
10,stad
10,sul
10,'ta
10,tad
10,ugent
10,yezh
11,abred
11,anezhi
11,anezho
11,bihan.
11,biv
11,bloavezh
11,brav.
11,bren
11,buan
11,c'hoarvezet
11,chomet
11,c'hortoz
11,dezho.
11,dindan
11,eo,
11,eur.
11,ganeoc'h.
11,garo.
11,glav.
11,grit
11,gwell
11,gwellañ.
11,hent
11,komzet
11,kont
11,kozh.
11,labourat.
11,lavar
11,lenn.
11,lodenn
11,memes
11,n'en
11,nevez.
11,ne'z
11,poa
11,prenet
11,rak
11,ray
11,roadennoù
11,savet
11,seurt
11,torret
11,tra.
11,wech
11,zebriñ
11,zont
12,ac'hanoc'h
12,ac'hanon
12,banne
12,degas
12,dezho
12,egile.
12,familh
12,fenoz
12,ganeomp
12,ganti
12,gar.
12,gwelet.
12,ivez.
12,ken.
12,kêr
12,kit
12,klañv.
12,kouezhet
12,liv
12,loen
12,n'o
12,pellgomz
12,perzh
12,reomp
12,ruz
12,soñjal
12,tregont
12,vloaz
12,zad.
13,abaoe
13,ac'hanoc'h.
13,aotrou
13,bo
13,bugel
13,c'hoari.
13,c'hoazh
13,dek
13,di
13,digeriñ
13,dra-se.
13,e-barzh
13,emaout
13,er-maez.
13,gambr
13,ganto.
13,garfen
13,homañ
13,koulz
13,krediñ
13,n'int
13,pa'z
13,sec'hed
13,seul
13,taol.
13,tramgarr
13,vihan
13,zeuio
14,alies
14,avel
14,bern
14,bez
14,breur
14,brudet
14,c'harr
14,dalvez
14,dav
14,deus.
14,diouzhtu.
14,ganit
14,gwir
14,hag-eñ
14,hir
14,kaer
14,mamm.
14,marteze
14,nag
14,noz
14,oan
14,oc'h.
14,ouzhpenn
14,poent
14,sevel
14,teuio
14,tu
15,ac'hanon.
15,aon
15,belec'h
15,betek
15,breur.
15,den.
15,dezhi.
15,emaomp
15,e-pad
15,etre
15,gwellañ
15,int.
15,it
15,kemer
15,levr.
15,levrioù
15,reont
15,sellet
15,vat.
15,ya
15,yann
16,anezhi.
16,c'hoarie.
16,debriñ
16,digoret
16,diwar
16,ezhomm
16,fall
16,gavet
16,lakaat
16,laouen
16,nebeut
16,ra.
16,skol.
16,traoù.
16,vihan.
17,a-walc'h.
17,c'hoazh.
17,d’an
17,daol.
17,d’ar
17,dezhañ.
17,digor
17,d'ober
17,emaint
17,evel-se
17,hennezh
17,kas
17,kement
17,lakaet
17,n'on
17,oac'h
17,reiñ
17,roet
17,skoet
17,vin
17,zad
18,da'm
18,emaon
18,goulenn
18,hiziv
18,koustet
18,mamm
18,nor
18,pehini
18,pelecʼh
18,saozneg
18,seizh
18,skrivañ
19,bemdez
19,bemdez.
19,bihan
19,bremañ.
19,deomp
19,dit.
19,gantañ
19,gêr
19,kador
19,meur
19,nor.
19,noz.
19,oant
19,teir
19,vezañ
20,.
20,anezhañ
20,arabat
20,c'hi
20,deuit
20,eget
20,garfe
20,olifant
21,az
21,daol
21,dec'h
21,deiz
21,du
21,gantañ.
21,kentañ
21,met
21,prenañ
21,skol
21,vugale
22,dra-se
22,en-dro
22,ker
22,paotr
22,peder
22,poan
22,selaouit
22,tomm
22,tra
23,arc'hant
23,dud.
23,eno
23,gazetenn
23,hemañ
23,hent.
23,plac'h
23,plijout
23,vat
23,warc'hoazh.
23,yen
24,anezhañ.
24,c'hwec'h
24,diwar-benn
24,dra-mañ
24,kavout
24,lizher
24,miz
24,n'ouzon
24,prest
24,vras
24,warc'hoazh
25,a-raok
25,debret
25,dit
25,evel
25,komz
25,oar
25,pevar
26,bez'
26,ganin
26,gêr.
26,nemet
26,pegen
26,peus
26,po
26,viz
26,zo.
27,amzer.
27,bremañ
27,daou-ugent.
27,dour
27,emañ.
27,gwall
27,klevet
27,se.
27,skuizh
28,anv
28,brav
28,pell
28,re.
28,trugarez
29,a-walc'h
29,dezhañ
29,kaout
29,nav
29,ni
29,'zo
30,plij
30,raio
30,stal
30,welet
31,breizh
31,glav
31,levr
31,nevez
32,bennak.
32,c'hwi
32,klañv
33,kalz
33,setu
34,bras.
34,deoc'h.
34,eil
34,hi
34,pemp
34,plij.
35,bep
35,pegeit
36,:
36,bezañ
36,boa
36,eñ
36,rin
36,vefe
37,c'hoant
37,cʼhoant
37,daoust
37,hep
37,pa
37,pezh
38,bet.
38,diouzh
38,lenn
38,pegement
38,tud
38,vras.
39,amañ.
39,ebet
39,fell
39,pep
40,blij
40,holl
40,soñj
40,ti.
41,a-benn
41,bras
41,kuit
41,tamm
41,tregont.
42,hocʼh
42,kuit.
42,pet
43,aze
43,c'hoari
43,d'an
43,mat.
43,rae
44,ne'm
44,te
45,div
45,ebet.
45,tri
46,ganin.
46,ti
47,eus.
47,labour
47,n'eus
47,traoù
48,doa
48,hor
49,labourat
49,se
50,all.
50,chom
51,brezhoneg
51,ouzh
52,emaoc'h
52,gouzout
52,hini.
53,dre
53,ret
54,din.
54,ket.
54,perak
55,lavaret
56,aet
57,ganeoc'h
57,gwelet
57,n'eo
57,unan
58,daou
58,graet
59,ken
60,all
61,vont
62,gallout
63,dra
64,karet
64,warn-ugent.
65,amañ
66,amzer
67,den
68,dont
70,dud
71,deoc'h
72,int
73,hon
73,ul
74,karet.
74,on.
75,pegoulz
76,ober
77,mar
77,vez
80,eur
81,c'hoar
83,me
87,bennak
88,rit
92,d'ar
97,hoc'h
97,pelec'h
99,piv
100,na
100,oc'h
102,out
102,ran
106,am
110,hini
110,on
111,deus
112,peseurt
113,deuet
117,al
117,mat
119,din
119,pe
120,penaos
122,he
125,war
141,ez
146,re
161,evit
161,sur
165,hag
168,vo
172,mont
180,er
183,em
193,emañ
195,ho
202,oa
208,eo.
212,gant
212,ra
256,petra
281,un
293,bet
309,en
310,ne
337,zo
348,ha
362,ma
362,o
378,!
456,ur
461,eus
547,ket
699,da
796,eo
918,an
1113,ar
1184,e
1547,a
1669,?
