1,´ναι
1,´παιρνε
1,‘πεφτε
1,‘χε
1,’χει
1,«άνθρωπο»
1,«αντάρα»,
1,«αντάρας».
1,«κάμαρά»
1,«μυστική
1,«πολυτρανότατε
1,«σχολείο
1,«τρομάρας»
1,»
1,aπό
1,hangover
1,mπορούν
1,tρεχάτος
1,α
1,α',
1,αγάλι-αγάλι
1,αγάπη.
1,αγαπημένο
1,αγάπησες,
1,αγαπήσουν
1,αγαπούσε,
1,αγελάδα.
1,αγέλαστο
1,άγιο
1,άγιος
1,αγκαλά
1,αγκαλιάζοντας
1,αγκαλιάζοντάς
1,αγκάλιασε
1,αγκάλιασε.
1,αγόραζες
1,αγόρασα
1,αγοράσει
1,αγοράσεις
1,αγοράσουν
1,αγόρι,
1,αγόρι.
1,αγόρια
1,αγορίστικο
1,αγουροξυπνημένο
1,αγριεμένα
1,αγριεμένες
1,αγριεμένο
1,άγριες
1,άγριο
1,αγριοκάτσικα;
1,αγριολούλουδα
1,αγριολούλουδα.
1,αγριόπαπια.
1,αγριόπαπιες
1,αγριόπουλα.
1,αγριόπουλο;
1,αγριοφραουλιά,
1,αγριοφραουλιές
1,αγριόχορτα!
1,αγριόχορτα.
1,αγρόκτημα
1,αγώνα.
1,αγωνία
1,άδεια,
1,άδεια.
1,άδεια;
1,αδειανά
1,αδειανό
1,αδειάσει
1,άδειο.
1,αδελφές,
1,αδέλφια,
1,αδελφικά
1,αδελφοί
1,αδελφούλα,
1,αδελφούς
1,αδιάβατους
1,αδιάφορα
1,αδιάφορη
1,αδιαφορία
1,αδιάφορος
1,αδιαφορώντας
1,αδούλευτα
1,αδύναμα
1,αδύνατο!
1,αδύνατος
1,αειφορίας.
1,αέρα
1,αέρα,
1,αεράκι
1,αέρας
1,άεργες
1,αετουδάκι
1,αηδία.
1,αηδιασμένο.
1,αθώο
1,αίμα,
1,αίμα.
1,αίματος
1,αιματωμένο
1,αισθάνθηκε
1,αισθάνθηκες
1,αισθανόταν
1,αίσθηση
1,αιώνια
1,αιώνιους
1,ακαλλιέργητες,
1,ακαλλιέργητο
1,ακατάδεκτη
1,ακατάστατο.
1,ακίνητα
1,ακίνητοι
1,ακίνητος
1,ακίνητος.
1,ακολουθείτε
1,ακολούθησα.
1,ακολουθήσαμε
1,ακολουθήσει.
1,ακολουθήσει;
1,ακολουθήσετε
1,ακολουθήσομε!
1,ακολουθήσομε.
1,ακολουθήσουν
1,ακολουθούν
1,ακολουθούσε.
1,ακολουθούσες
1,ακολουθώντας
1,ακονίσετε
1,ακούγοντας
1,άκουε
1,άκουε.
1,ακούει
1,ακουμπά
1,ακουμπάει
1,ακουμπήσεις
1,ακουμπισμένα
1,ακούονται
1,ακούραστα
1,ακούσει.
1,ακούσεις,
1,ακούσεις.
1,άκουσες
1,άκουσες;είπε
1,ακούσουμε
1,ακούσουμε.
1,ακούσω
1,ακούτε
1,ακράτητος
1,ακριβά
1,ακριβό
1,ακριβό.
1,ακριβώς
1,ακρολιμνιά
1,ακροποταμιά,
1,ακροποταμιά.
1,αλειμματοκέρι
1,άλέιψε
1,αλεπουδίσιο
1,αλήθεια;
1,αλήθειες
1,αληθινό
1,αλητόπαιδα
1,αλιβερίου
1,αλίμονα
1,άλλα,
1,αλλαγμένο.
1,αλλάζει
1,αλλάζεται
1,άλλαξαν
1,άλλαξε.
1,αλλάξει
1,αλλάξετε
1,άλλη,
1,άλλη.
1,άλλην
1,άλλης.
1,αλλιώτικα.
1,άλλο!
1,άλλο,
1,άλλο;
1,άλλοι,
1,αλλοιώσεις
1,αλλού
1,άλλου.
1,άλλους;
1,άλλων
1,άλλων,
1,άλλωστε
1,άλογα
1,αλόγου.
1,αλυσίδας;
1,αλυσίδες
1,αμ
1,αμ'
1,αμάθητη
1,αμάθητος
1,αμαξάκι.
1,αμαρτία,
1,αμέ,
1,αμέλεια.
1,αμέτρητες
1,αμοιράκος
1,αμοιράκου
1,αμόνι.
1,αμοργό
1,αμπέλια,
1,άμπλας
1,άναβε
1,αναβολή
1,αναγέννηση
1,αναγέννησης
1,αναγκάζει
1,αναγκαίος
1,ανάγκασε
1,αναγκάστηκε,
1,ανάγκες
1,ανάγκη;
1,αναγνωρίζει
1,αναγνωρίζεις
1,αναγνωρίζοντας
1,αναγνώρισε,
1,αναγνώρισε.
1,αναγνωρίσετε
1,αναγνωρισμένο
1,αναδασωτέας
1,αναδεικνύει
1,ανάδειξη
1,αναζήτηση
1,αναίσθητο
1,αναίσθητος
1,αναίσθητος,
1,ανακάλυψε
1,ανακατώνοντας
1,ανακούρκουδα
1,ανακούφιση
1,ανακούφιση.
1,ανάλογο
1,ανάλογο,
1,ανάμεσά
1,αναμμένη
1,αναμπαμπούλα
1,ανανδρία
1,άνανδροι!
1,ανανέωσαν
1,ανανέωσε
1,αναπληρώσει.
1,αναπληρώσω
1,αναπνοή.
1,ανάποδα,
1,αναπόσπαστο
1,αναπτύξει
1,ανάπτυξης.
1,αναρρωτική
1,ανασάνει
1,ανασάνεις
1,ανασηκώθηκε,
1,ανασηκώνουνταν
1,ανάστατος.
1,αναστατωμένη
1,αναστατώσετε
1,αναστεναγμό
1,αναστεναγμό.
1,αναστενάζοντας.
1,αναστήθηκε
1,ανατολική
1,ανατριχιάζοντας
1,ανατρίχιασε.
1,αναφέρω
1,αναφιλητά
1,αναφιλητά.
1,αναφιλητό
1,άναψαν.
1,άναψε,
1,ανάψει
1,ανάψεις
1,ανεβάζουν
1,ανέβαινε,
1,ανεβαίνει
1,ανεβαίνοντας
1,ανέβει
1,ανεβείτε,
1,ανέβηκε.
1,ανεκπλήρωτη
1,ανεκπλήρωτη,
1,ανεκτίμητη,
1,ανεμπόδιστοι.
1,ανενόχλητα
1,ανεψιέ.
1,ανήξερο
1,ανήσυχα
1,ανήσυχες,
1,ανησυχία
1,ανησυχία,
1,ανησυχία.
1,ανησυχίες
1,ανήφορο
1,ανηψιέ
1,άνθιζαν
1,ανθρωπάκι
1,ανθρώπινη
1,ανθρώπινη,
1,ανθρώπινο
1,άνθρωπο,
1,άνθρωποι!
1,άνθρωποι.
1,άνθρωπος!
1,ανθρώπου.
1,ανθρώπους,
1,ανιχνευτή
1,ανοησία
1,ανόητη
1,άνοιγε
1,ανοίγεις
1,ανοίγοντας
1,άνοιξαν
1,άνοιξε,
1,άνοιξε.
1,ανοίξει
1,ανοιξιάτικος
1,ανοίξουν
1,ανοίξω.
1,ανοιχτά.
1,ανοιχτές.
1,ανοιχτή.
1,ανοιχτόκαρδο
1,ανοιχτός
1,ανταλλάξει
1,αντάμωσε
1,ανταποδώσομε
1,ανταποκρίνεται
1,ανταπόκριση
1,αντάρα!
1,αντάρα,
1,αντάρα.
1,αντέδρασε
1,αντεκδικήσεις
1,αντέξουμε
1,αντιδρούσε
1,αντικείμενα
1,αντικοινωνικά
1,αντίκριζε
1,αντικρινής
1,αντικρίσουμε
1,αντιλήφθηκε
1,αντιληφθούν
1,αντιμετώπισης
1,αντισταθεί,
1,αντίσταση
1,αντίστοιχα
1,αντρειωμένα
1,άντρες.
1,αντρίκεια
1,αντρίκειες.
1,αντρική
1,ανυποψίαστοι
1,ανυψώστε
1,άνω-κάτω
1,ανώτερος
1,ανωτέρω
1,αξία.
1,αξίας
1,αξίζει!
1,αξίζουν
1,αξίνα
1,αξίνα,
1,αξίνες
1,αξιοθρήνητο.
1,αξιοθρήνητος
1,άξιοι
1,αξιοποιηθούν
1,αξιοπρέπεια
1,αξιοπρέπεια.
1,άξιος
1,αξιωματικοί
1,αξιωματικούς
1,αξιών.
1,αόριστα
1,απάθεια.
1,απαλλάξουμε
1,απαλό
1,απαντήσαμε
1,απαντήσεις
1,απάνω,
1,απάνω-κάτω
1,απάνω-κάτω.
1,απαραίτητη
1,απαραίτητο,
1,απαρατήρητος.
1,απαρηγόρητα.
1,απέθανε,
1,απελευθερώσει
1,απελπίζουνταν
1,απελπισία.
1,απελπισμένα
1,απελπισμένα,
1,απελπισμένος.
1,απέναντι
1,απεναντίας!
1,απεναντίας,
1,απέραντες,
1,απέραντο
1,απέραντους
1,απεριποίητο
1,απεσταλμένο
1,απεσταλμένοι,
1,απεσταλμένου
1,απλή,
1,απλήρωτα
1,απλό
1,απλός
1,άπλυτες
1,απλώθηκε
1,απλώθηκε.
1,απλωμένο
1,απλωμένος
1,απλώνονται
1,άπλωσες
1,αποβλακωμένο.
1,απόβλητος.
1,απόγεμα
1,απόγεμα,
1,αποθαρρυμένο
1,αποθαρρυμένος.
1,αποθήκη
1,αποκαίουνταν
1,αποκαμωμένος
1,αποκάτω
1,αποκλεισμός
1,αποκοιμηθεί
1,αποκοιμήθηκαν
1,αποκριές
1,αποκρίθηκαν,
1,αποκρίθηκες!
1,αποκρίνεται
1,αποκρίνουνταν
1,αποκτάς
1,αποκτήσουν
1,απολαβή,
1,απολαύσεις
1,απολογήθηκε
1,απομακρυνθεί,
1,απόντα
1,αποπήρε
1,απορημένος
1,απόρησε.
1,απορία.
1,αποστάσω.
1,αποτελεί
1,αποτελέσουν
1,αποτελούν
1,αποτραβηχθεί
1,αποτραβηχτεί
1,απουσιάζει
1,απόφασης
1,αποφασίσει
1,αποχαιρετήσουν
1,αποχαιρετισμό
1,αποχαυνώσεως.
1,απρόσωπη
1,απών
1,άραγε;
1,άραξαν
1,αργά-αργά,
1,αργεντινή
1,άργησαν
1,αργήσω,
1,αργό
1,αργοσαλεύει
1,άρεσαν
1,άρεσε.
1,αρθρώσει.
1,αριθμό
1,αριστερά
1,αριστερά.
1,αριστερή
1,αρκέσει.
1,αρκετή
1,αρματωμένοι
1,αρμάτωσε
1,άρμεγε
1,άρπαξα.
1,αρραβώνες
1,αρρωστήσει
1,άρρωστος;
1,αρχές
1,αρχή!
1,αρχηγό
1,αρχηγό.
1,αρχηγός
1,αρχηγός;
1,αρχίζει
1,αρχικαγκελάριοι,
1,αρχικαγκελάριος,
1,αρχικαγκελάριου.
1,αρχικελάρη.
1,αρχικελάρης
1,αρχικό
1,αρχιμαστόρους.
1,άρχισε,
1,αρχίσει
1,άρχισες,
1,αρχιστράτηγο
1,αρχιστράτηγοι
1,αρχιστράτηγοι,
1,αρχιστράτηγος
1,αρχιστράτηγος,
1,αρχιστράτηγος.
1,αρχιστράτηγου
1,αρχιτραπεζιέρη
1,άρχοντά
1,άρχοντα.
1,αρχοντόπουλα;
1,αρχόντων
1,ασθενείς
1,ασθενούς
1,άσκοπα,
1,άσπριζε.
1,άσπρο
1,άστα
1,αστεία
1,αστεία,
1,αστείος
1,αστέρια
1,αστικά
1,αστικοί
1,αστόχαστο
1,αστόχαστο,
1,αστόχαστος.
1,αστράγαλό
1,αστραπή
1,άστραψαν,
1,άστρο.
1,ασυλλόγιστα
1,ασυνείδητο;
1,ασυνήθιστο
1,ασχήμια
1,άτακτα
1,αταραξία.
1,ατάραχο
1,ατέλειωτες
1,ατέλειωτη!
1,ατελείωτο
1,ατίμητα.
1,ατιμίες
1,ατρόμητος,
1,ατυχία
1,αυγή.
1,αυθάδεις
1,αυθάδη!
1,αυθάδης.
1,αυθάδης;
1,αυριανός
1,αύριο!
1,αυτά.
1,αυτές,
1,αυτή,
1,αυτιά
1,αυτιά!
1,́αυτό
1,αυτό.
1,αυτοθυσία
1,αυτοθυσία!
1,αυτοθυσία.
1,αυτόματο
1,αυτόν;
1,αυτός!
1,αυτού;
1,αφανισμένος.
1,αφέγγαρης
1,αφέντης
1,αφέντης.
1,άφηνε
1,αφήνοντας
1,αφήνουν;
1,αφήνω
1,αφήσει,
1,αφήσεις;
1,αφήσουν
1,αφήσουν,
1,αφίξεων
1,αφορά
1,αφοσιώσεως
1,αφρισμένος
1,άφωνος
1,αχαλίνωτου
1,άχρηστα
1,άχρηστοι.
1,αχτινοβολούσαν
1,άχυρα.
1,άχυρο
1,άψητα
1,βάζεις
1,βαθιά,
1,βαθούλωμα
1,'βαλα
1,βάλανε
1,βαλανιδιά.
1,βαλανιδιάς.
1,βάλθηκε
1,βάλουν
1,βαμμένα
1,βαρέθηκα,
1,βαρελόμορφη
1,βαριεστημένος
1,βαριόταν
1,βάρκα.
1,βαρκάρη;
1,βάρος
1,βαρύ
1,βαρύ!
1,βαρύς
1,βάση
1,βασικού
1,βασίλεια
1,βασιλεία.
1,βασίλεια.
1,βασίλειό
1,βασίλειο!
1,βασίλειο,
1,βασιλείου!
1,βασιλείου.
1,βασίλευε
1,βασίλεψες
1,βασιλιάδες
1,βασιλιάς;
1,βασιλικός
1,βασιλικούς
1,βασίλισσά
1,βασιλόπουλ
1,βασιλοπούλα;
1,βασιλοπούλας
1,βασιλοπούλες,
1,βασιλόπουλο!
1,βασιλόπουλο;
1,βασιλόπουλου;
1,βαστά
1,βασταγμένες
1,βαστάξει
1,βαστάξει;
1,βαστιούνταν
1,βαστιούνταν.
1,βαστούν
1,βαστούν!
1,βαστούσα!
1,βαστώντας
1,βατομουριά.
1,βατομουριές
1,βάτος
1,βγάζαμε
1,βγάζει
1,βγαίνεις
1,βγάλε
1,βγούμε.
1,βγουν
1,βέβαιος
1,βεβαιωθεί
1,βεβαιωθείς.
1,βεβαιωθούν
1,βελόνα
1,βήματα,
1,βήματα.
1,βία
1,βία,
1,βιάζεσαι
1,βιάζομαι
1,βιαστικό.
1,βιαστικός
1,βιαστικός,
1,βιαστικός.
1,βιολογικοί
1,βιταμίνη
1,βιωματικής
1,βλάκα!
1,βλάκας
1,βλάκας!
1,βλαστήμησε
1,βλάψουν
1,βλέπεις,
1,βλέπεις.
1,βλέπετε
1,βλέπομε
1,βοηθάει
1,βοηθήσει
1,βοηθήσεις.
1,βοηθήσω;
1,βοηθούσε.
1,βουβά,
1,βουβάθηκε
1,βούκινο.
1,βουνά
1,βουνά.
1,βουνό;
1,βουνού.
1,βουρκωμένα
1,βούρκωναν
1,βούρλο
1,βουτά
1,βουτηγμένος
1,βουτήξει
1,βουτήσει
1,βούτυρο
1,βουτώντας
1,βραδιάσει.
1,βραδινό
1,βράδυ,
1,βράζει
1,βραστό
1,βράσω
1,βραχιόλι
1,βράχο
1,βράχο,
1,βράχοι,
1,βράχους.
1,βρέθηκαν
1,βρέθηκε.
1,βρεθούν,
1,βρει;
1,βρεις!
1,βρεχτοκούκια.
1,βρήκαμε
1,βρήκαμε!
1,βρήκε.
1,βρήκε;
1,βρίζει
1,βρίζουν
1,βρίζουν!
1,βρίσει
1,βρίσκαμε
1,βρίσκει
1,βρίσκει!
1,βρίσκεται,
1,βρισκόταν
1,βρίσκουν
1,βρίσκουν,
1,βρόντος,
1,βροντόφωνα
1,βροχή
1,βροχή,
1,βρω;
1,βρώμικα
1,βρώμικους
1,γαβάθα
1,γάλα.
1,γαλόπουλο.
1,γάμος
1,γαμπρό.
1,γάτα
1,γεια,
1,γείρει
1,γείτονας.
1,γείτονες
1,γειτονιά.
1,γειτονικό
1,γειτονικού
1,γέλασαν.
1,γέλασε
1,γελαστά,
1,γελαστή.
1,γέλια,
1,γελώντας,
1,γελώντας.
1,γεμάτα,
1,γεμάτες
1,γεμάτο
1,γεματούλα
1,γεματούλες
1,γεμίζουν
1,γέμισα
1,γενικά
1,γενικά,
1,γενική
1,γενικής
1,γενναία
1,γεννήθηκα
1,γεννήθηκα,
1,γεννήθηκα.
1,γεννήματα
1,γεννιούνται
1,γερά
1,γερό
1,γέρο,
1,γέρο;
1,γερο-κακομοίρη
1,γερο-κακομοίρης
1,γερο-κακομοιρίδη
1,γεροντάκι
1,γερο-συνετός
1,γερο-συνετού.
1,γέρους!
1,γερο-φρούραρχου
1,γερο-φτωχούλη,
1,γευθείτε
1,γέφυρα,
1,γέφυρα.
1,γέφυρα;
1,γεωργικών
1,γη
1,γι
1,γιάνει.
1,γιατί.
1,γιάτρεψε
1,γιατρικό
1,γιατρικό;
1,γιατρών
1,γίνει,
1,γίνει.
1,γίνεται!
1,γίνηκαν,
1,γίνηκαν;
1,γίνηκε
1,γίνονταν
1,γίνουμε
1,γίνουμουν
1,γίνουν,
1,γιόκας
1,γιός
1,γιώργο
1,γκισέ
1,γκρέμισαν
1,γκρέμισε,
1,γκρέμισε.
1,γκρεμίσει.
1,γκρεμιστείτε
1,γκρεμνό
1,γκρεμνού.
1,γκρεμό
1,γκρεμούς
1,γλιστράνε
1,γλιτώσω
1,γλυκά
1,γλυκά,
1,γλυκάνω
1,γλυκοχαράζει.
1,γλώσσα
1,γνώμη
1,γνώμη;
1,γνώριζε
1,γνώριμο
1,γνώρισε
1,γνωρίσει
1,γνωρίσω,
1,γνώση!
1,γόνατα,
1,γονατίζοντας
1,γονάτισαν.
1,γονατισμένον
1,γονατισμένου
1,γονατιστός,
1,γοργά
1,γοργά,
1,γούστα
1,γραμματάκια
1,γραμματέα
1,γραμματέας
1,γραμματεία
1,γραμματείς
1,γραμματικής
1,γραμμένη
1,γραμμένο
1,γραμμένο!
1,γραμμής
1,γρασίδι
1,γράφε
1,γράφετε
1,γράψει
1,γρηγοράδα.
1,γρήγορο
1,γρήγορος;
1,γρηγορώτερα
1,γρηγορώτερα.
1,γριά,
1,γριά;
1,γριάς
1,γριούλα
1,γρόθο.
1,γυάλιζαν
1,γυάλιζε
1,γυαλιστερά
1,γυμνασμένων
1,γυμνές,
1,γυμνούς
1,γυναίκας
1,γυναικείες
1,γυναίκες,
1,γύρευα,
1,γύρευαν
1,γυρεύετε
1,γυρεύετε;
1,γυρεύοντας
1,γυρεύουμε
1,γυρεύω
1,γύριζαν
1,γυρίζεις;
1,γύρισα.
1,γύρισαν.
1,γύρισε.
1,γυρίσει.
1,γυρίσεις,
1,γύρισμα
1,γυρισμένη
1,γυρίσουν
1,γυρίσω.
1,γυρνάς
1,γυρνάς,
1,γυρνάτε
1,γυρνούσες;
1,γυρνώ
1,γύρο
1,γύρο!
1,γύρους
1,'γω
1,'γω!
1,γωνία
1,γωνιά,
1,γωνιάς.
1,γωνιές
1,γωνίτσα.
1,δαδί,
1,δαδί.
1,δαιμονισμένο.
1,δάκρυ
1,δάκρυα.
1,δάκτυλο
1,δαπάνη
1,δασικής
1,δάσκαλο,
1,δάσκαλο.
1,δάσκαλος;
1,δασκάλου,
1,δασκάλου.
1,δασωμένες
1,δάφνης.
1,δάχτυλά
1,δάχτυλα!
1,δάχτυλα,
1,δεδομένα
1,δέθηκε
1,δει.
1,δειλά
1,δειλέ!
1,δειλιάσεις
1,δειλοί
1,δεινοσαύρους
1,δείξω
1,δείξω.
1,δείπνησα.
1,δείπνο.
1,δείρετε
1,δεις.
1,δείτε
1,δεκάξι
1,δεμένα
1,δεμένα.
1,δεμένο
1,δεμένους
1,δέντρα.
1,δέντρων
1,δεξιά,
1,δεξιότητες
1,δες
1,δες,
1,δέσατε
1,δέσε
1,δέσποζε
1,δεσπόζοντας
1,δεσπότη
1,δεύτερο
1,δευτερόλεπτα
1,δεύτερου
1,δέχεσαι
1,δεχθείς,
1,δέχθηκαν
1,δέχθηκε.
1,δέχομαι,
1,δηλαδή,
1,δηλαδή;
1,δηλωθεί
1,δημιουργίας
1,δημοσίευσή
1,διαβάζεις
1,διαβάζετε
1,διαβάζουνταν
1,διάβαινε.
1,διαβαίνει;
1,διαβάσει.
1,διάβασμα
1,διαβάσουν.
1,διάβολο,
1,διαβόλου.
1,διάδρομοι,
1,διαδρόμου
1,διαδρόμους
1,διάθεσή
1,διάθεσης
1,διακατεχόμενη
1,διακόβοντας
1,διακονιάρη
1,διακοπές
1,διακρίνουν
1,διακρίνω
1,διακριτικά
1,διαλέγεις
1,διαλέξει
1,διαλυτικά
1,διαμαντένια
1,διαμάντια
1,διαμαντικά
1,διαμαντοστόλιστο
1,διαμαρτυρήθηκε
1,διαμόρφωση
1,διαπεραστικός
1,διαπιστώθηκε
1,διαπίστωσε
1,διασκεδάσεις.
1,διασκέδαση,
1,διασκεδαστικά
1,διασκεδαστικά,
1,διασκεδαστικό
1,διαταγές
1,διατάζει
1,διατάζω
1,διατάζω!
1,διάταξε,
1,διατάξεις
1,διατήρηση
1,διάφανες
1,διάφανο
1,διδάσκω.
1,διέκοψαν
1,διέκοψε.
1,διέσχιζαν
1,διεύθυνα
1,διευθύνεις
1,διευθύνθηκε,
1,διεύθυνση
1,διηγήθηκαν
1,δικαιολογήθηκε
1,δικαιοσύνη
1,δικαιοσύνη.
1,δικαίωμα
1,δικάσει
1,δικάσει.
1,δικαστές
1,δικαστές;
1,δικαστή,
1,δικαστήρια
1,δικαστήριο;
1,δικαστής!
1,δικαστής,
1,δικαστής;
1,δικές
1,δίκες
1,δίκη,
1,δίκιο
1,δίκιο,
1,δικός
1,δίνει
1,δίνεις
1,δίνω,
1,διοικήσεις
1,διοίκηση.
1,διοργανωθούμε
1,διόρθωσα
1,διόρθωσέ
1,διορίσω,
1,διορίσω.
1,διπλοχέρης,
1,δίπλωμά
1,διπλωμένο
1,διπλώνομαι
1,δισταγμό
1,διστακτικά
1,δίστασε
1,δίστασε.
1,διώξει
1,διώξομε
1,διώξουμε
1,διώχνει
1,δοκίμασα
1,δοκίμασε
1,δοκιμάσει
1,δοκιμάσεις
1,δοκιμάσω
1,δόλιον
1,δομίνικο
1,δόντια.
1,δουλεία
1,δουλειά!
1,δουλειά;
1,δουλειές;
1,δουλεύαμε.
1,δουλεύει.
1,δουλεύεις,
1,δουλεύετε
1,δουλεύομε!
1,δουλεύουν.
1,δουλευτάδες
1,δουλευτάδες;
1,δούλεψαν
1,δουλέψει
1,δουλέψουμε
1,δουλέψουμε,
1,δουλέψουν
1,δουλέψω!
1,δούλος
1,δούμε;
1,δράνα
1,δρόμου
1,δρόμου,
1,δρόμους
1,δρόμους!
1,δρόμους.
1,δροσιά,
1,δροσίζουνταν
1,δυνατά,
1,δυνατό
1,δυνατό,
1,δυνατός!
1,δυνατότερες
1,δυνατότερο
1,δυνατότητα
1,δυο!
1,δυο,
1,δυο.
1,δυσαρέσκεια
1,δυσάρεστα
1,δυσάρεστη.
1,δυσαρεστημένος.
1,δύση.
1,δύσκολα
1,δυσκολία
1,δυσκολία,
1,δύσκολο
1,δύστυχη!
1,δυστυχία
1,δυστυχίας
1,δυστυχίες
1,δυστυχισμένο
1,δυστυχισμένον
1,δυστυχισμένος;
1,δυστυχόπουλο.
1,δυστυχώς
1,δυτική
1,δώμα
1,δωμάτιά
1,δωμάτια.
1,δωμάτιο,
1,δωματίων
1,δωματίων.
1,δωρητή.
1,δώρο.
1,δώσει!
1,δώσει.
1,δώσεις.
1,δώσεις;
1,δώσετε
1,δώσουμε
1,δώσω.
1,εάν
1,έβαλαν
1,έβγα
1,έβγαζα
1,έβγαζα.
1,έβγαζαν
1,έβγαιναν
1,έβγαλαν
1,εβδομάδες.
1,εβδόμου
1,έβλαψε
1,έβλαψε.
1,έβλεπα
1,έβλεπε,
1,έβλεπες
1,έβλεπες!
1,έβοσκαν
1,έβρασα
1,έβρε
1,έβρισκαν
1,έβρισκε
1,έβρισκε.
1,εγέρασε
1,έγινε,
1,έγινε.
1,εγκρίνεις,
1,έγνεφε
1,έγραφε
1,έγραψαν.
1,εγύρισες
1,έδειξαν
1,έδειξε.
1,έδεναν
1,έδιωξαν
1,έδωσαν;
1,έδωσε.
1,έδωσες
1,έζησα
1,έθαψαν
1,έθνος.
1,είδα!
1,είδα,
1,είδαμε
1,είδε,
1,ειδεμή,
1,είδες.
1,ειδήσεις
1,ειδήσεις;
1,είδηση;
1,ειδική
1,ειδικότερα,
1,ειδοποιήσαμε
1,ειδοποιήσεις
1,είδος
1,είμαι!
1,είμαι.
1,είμαι;
1,είμαστε,
1,είμαστε.
1,είναι.
1,είπες
1,ειρωνικά
1,είσαι,
1,εισβάλλει
1,εισβάλουν
1,είσθε,
1,είσοδο
1,έκαιε
1,έκαμε
1,έκανα;
1,εκάναμε
1,έκαναν;
1,έκανε!
1,έκανε.
1,έκανε;
1,έκανες,
1,έκανες;
1,εκατόνταρχο
1,εκατόνταρχος
1,εκατόνταρχος.
1,εκδικηθεί
1,εκει
1,εκεί;
1,εκείνη!
1,εκείνον
1,εκείνους
1,έκλαιγε.
1,έκλεβε
1,έκλεψα,
1,έκλεψε,
1,έκλεψε.
1,έκοβαν
1,εκπαιδευτικής
1,εκπατριστείς;
1,έκπληξη
1,έκπληξης.
1,έκσταση
1,έκτασης
1,έκφραση
1,έλα!
1,έλαβε
1,ελαιώνες
1,έλαμπε
1,έλαμψε
1,ελάφι
1,ελάφια
1,ελαφριά.
1,έλαχε
1,ελάχιστη
1,έλεγαν
1,έλεγε,
1,έλεγες
1,ελέγξει
1,ελεεινό
1,έλειπαν
1,έλειπε
1,έλειπες!
1,έλειψες.
1,ελευθερία
1,ελεύθερος
1,ελευθερώσεις
1,ελευθερώσουν
1,έληξε.
1,έλθει,
1,έλθομε
1,έλθουν.
1,έλθω.
1,ελιές.
1,ελληνική
1,ελπίδες
1,ελπίζω
1,έμαθες
1,έμαθες.
1,εμάς
1,έμεινα
1,έμειναν
1,έμεινεν
1,εμεις
1,εμείς,
1,έμπα,
1,εμπειρικής
1,εμπιστευθεί
1,εμπιστευθείς
1,εμπιστεύθηκες
1,εμπιστοσύνη
1,εμπόδιζα
1,εμποδίσει
1,εμποδίσεις
1,εμπόριο
1,εμπρός,
1,ένα;
1,ένα-δυο
1,εναλλακτικών
1,εναντιώθηκε
1,ενεργήσουμε.
1,ενθουσίασε.
1,ενθουσιασμός
1,ενθουσιάστηκε.
1,ένιωθε
1,εννοείς;
1,εννοήσει
1,εννοήσεις
1,εννοούσε
1,εννοούσε.
1,ενόμιζα
1,ενοχλείτε!
1,ενοχλούμε;
1,εντατική
1,εντελώς
1,έντομα.
1,έντομο
1,εντύπωση.
1,ενώ,
1,ενωμένοι
1,ένωναν
1,ένωνε
1,ενωτικές
1,εξαγριωμένος.
1,εξάδελφο
1,εξακολουθείς
1,εξακολούθησαν
1,εξακολουθώντας
1,εξακοσίων
1,εξατμιστεί
1,εξαφανίστηκε
1,έξαφνα.
1,εξάψει
1,έξαψη
1,εξετάζει.
1,εξετάσεις
1,εξεταστικών
1,εξηγείς
1,εξήγησε
1,εξηγήσεις,
1,εξηγήσεις.
1,εξής
1,έξι
1,εξόδου
1,εξοικειωθούν
1,εξοχής
1,εξοχότατος
1,εξοχότατου
1,εξοχώτατε!
1,έξυσε
1,εξώστης
1,εξωτερικά
1,εξώφυλλο
1,εορτή
1,έπαθες;
1,έπαιζαν
1,έπαιρναν
1,έπαιρνε.
1,έπαιρνε;
1,επαναλάβεις
1,επαναλαμβάνονται
1,επανάσταση
1,επανέλαβαν
1,επανέλαβε.
1,επάνω
1,επανωφόρι
1,έπαυσαν
1,έπαυσε
1,έπαυσε,
1,επαφή
1,επείγει
1,επέλεγες
1,επέμεινε
1,έπεσαν
1,έπεσες
1,επέστρεψε
1,έπεφτε
1,έπιασα
1,επιβλαβή
1,επιβλήθηκε
1,επιγραφή
1,επιδιορθώσει
1,επιδίωξη
1,επιζητούσαν
1,επίθετα
1,επίκεντρο
1,επιλογές
1,έπιναν
1,έπινε
1,επίπεδο
1,έπιπλα.
1,επίσης,
1,επισκεφθείτε
1,επιστήμονες
1,επιστρέφοντας
1,επιστρέψει
1,επιστρέψομε
1,επιστρέψω.
1,επιτακτικά,
1,επιτακτικό
1,επίτευξη
1,επιτήδειους
1,επίτηδες
1,επιτήρηση;
1,επίτροπε.
1,επιτρόπου
1,επιτύχω,
1,επιφάνεια
1,επιφυλακτικά
1,έπλεκαν
1,επλήρωνε
1,εποχής.
1,έπρεπε,
1,επρόδωσες
1,επωφεληθώ
1,έραψα
1,έραψε,
1,εργαλεία;
1,εργαλείο
1,εργαλείων
1,εργαστείς
1,εργαστήρι
1,εργαστώ
1,εργοστάσιο
1,ερείπια
1,ερείπιο
1,έρημης
1,ερημιά
1,ερημώθηκε
1,έρθεις
1,έρθω.
1,έριξα
1,έριχνε
1,έρμη
1,έρχεσαι;
1,έρχεται
1,ερχόμουν
1,έρχονται
1,έρχουμουν
1,έσβησε
1,έσβησε.
1,εσείς
1,εσένα,
1,έσερναν
1,έσκαβα
1,έσκασε
1,έσκασες
1,εσπρεσάκι
1,εσταμάτησε.
1,έστειλαν
1,έστειλες
1,έστρωσε
1,έστω
1,εσυ
1,εσύ!
1,έσυραν.
1,έσφαζαν
1,έσφιγγε
1,έσφιξε
1,εσωτερική
1,εσωτερικό
1,εταιρεία
1,έτοιμα
1,έτοιμα.
1,ετοίμαζε
1,ετοιμάσει
1,έτοιμο,
1,έτοιμος
1,ετούτη
1,ετούτο
1,έτρεξε,
1,έτρεξε;
1,έτρεψε
1,έτρωγαν
1,έτσι.
1,έτσι;
1,έτσουξε
1,έτυχε
1,ευαίσθητοι
1,ευαισθητοποίησης
1,ευγένεια
1,ευγένεια.
1,ευγενικός!
1,ευθύνη
1,ευθύς.
1,εύκολα,
1,εύκολο!
1,ευκόλυνες
1,ευλογημένος
1,ευλόγησε
1,ευλογία
1,ευτυχία
1,ευχαριστηθεί
1,ευχαρίστηση
1,ευχαριστούμε,
1,ευχαριστώ,
1,ευχαριστώ.
1,ευχή!
1,ευωδιά
1,έφαγα
1,έφαγαν
1,έφαγες
1,έφαγες;
1,έφερα,
1,έφερνε.
1,έφευγαν.
1,έφευγε
1,εφημερίδα
1,έφθανα
1,έφθαναν
1,έφθανες
1,εφθάσαμε
1,έφθασαν,
1,εφιάλτες
1,έφταιγε.
1,έφτασε
1,έφτιανα
1,έφτιαξε
1,έφτιασα
1,έφτιασε
1,έφτιαχνε
1,έφυγαν.
1,έφυγε.
1,έφυγε;
1,έχανε
1,έχασε,
1,έχασκε
1,έχε
1,έχεις,
1,έχεις.
1,έχετε
1,εχθρική
1,εχθρικό
1,εχθρό!
1,εχθροί,
1,εχθροί.
1,εχθρός;
1,εχθρού.
1,έχομε,
1,έχομε.
1,έχτιζε
1,έχυσε
1,έχω!
1,έχω;
1,ζαλίζεις
1,ζάλισες
1,ζαλισμένα
1,ζαλισμένο.
1,ζαλισμένος
1,ζάρια
1,ζαρωμένα
1,ζαρώσει.
1,ζέβρα,
1,ζει
1,ζει,
1,ζελατίνα
1,ζεσταθούμε
1,ζέστανε
1,ζεστάνεις
1,ζεστή
1,ζεστοί
1,ζεστός
1,ζευγαρώσει
1,ζεύθηκαν
1,ζήλιως,
1,ζήλιως.
1,ζημιώσει
1,ζημιώσει.
1,ζήσω
1,ζήσω!
1,ζητάμε
1,ζητάς;
1,ζητάτε
1,ζήτησα
1,ζήτησαν
1,ζήτησε,
1,ζητήσουν
1,ζητιανεύεις;
1,ζητιανεύουν.
1,ζητιανέψω
1,ζητιάνο
1,ζητιάνοι.
1,ζητιανόπαιδα
1,ζητιάνος
1,ζητιάνους,
1,ζητούμενο
1,ζητούσε
1,ζήτω!
1,ζητώ,
1,ζούμε!
1,ζούμε,
1,ζούσαν
1,ζούσαν,
1,ζυμώνω,
1,ζω
1,ζώα
1,ζωγράφισε
1,ζωηρά
1,ζώνης
1,ζωντανή
1,ζώντας
1,ζώο
1,ζωολογικό
1,ζωύφιο,
1,ήθελε.
1,ήθελες
1,ηλεκτρίστηκε.
1,ήλθαμε
1,ήλθαν
1,ήλθε.
1,ηλίθια
1,ηλικία
1,ήλιο,
1,ήλιος,
1,ήλιου
1,ηλίου.
1,ήμασταν
1,ημέρας!
1,ημέρας,
1,ημερεμένος.
1,ημερομηνία
1,ήξεραν.
1,ήπιαν
1,ήρεμα
1,ηρεμήσει
1,ήρθα
1,ήρθαμε
1,ήρθε
1,ήρχουνταν
1,ήρωες
1,ήρωες.
1,ηρωικά;
1,ηρωισμός
1,ήσουν;
1,ήσυχα.
1,ησύχαζε!
1,ησύχασε
1,ησυχάσω
1,ησυχία,
1,ησυχία.
1,ήσυχο
1,ήσυχο!
1,ήσυχο.
1,ήσυχος
1,ησυχότατο.
1,ήταν.
1,ήταν;
1,θάμπωμα
1,θαμπώνουν
1,θάνο,
1,θάνος
1,θανούσα
1,θαρρείς;
1,θάρρος!
1,θάρρος.
1,θαύμα
1,θαύμα,
1,θαύμα.
1,θαυμάζοντας
1,θαύμασε
1,θαύματα
1,θέαμα
1,θείας
1,θειού
1,θέλαμε
1,'θελε
1,θέλετε;
1,θέλησα
1,θέλησες
1,θέληση
1,θελήσω.
1,θέλομε
1,θέλοντας
1,θέλουμε
1,θέλουν.
1,θέλω!
1,θέματα
1,θεόρατα
1,θεόρατο
1,θέριζε
1,θες!
1,θέση.
1,θέτε
1,θέτει
1,θεώ,
1,θεώρησε
1,θήκη
1,θησαυρό!
1,θησαυρό,
1,θησαυρό.
1,θησαυρού
1,θλίβουνταν
1,θλιμμένος
1,θόλωναν
1,θόλωσε
1,θόρυβο
1,θόρυβο,
1,θρεπτικό.
1,θρέψει.
1,θρέψω
1,θριαμβευτικά
1,θριαμβευτικές
1,θρόνο
1,θρόνο!
1,θυμάσαι
1,θυμάστε
1,θυμηθεί
1,θυμηθείς
1,θυμήθηκα,
1,θυμήθηκε!
1,θυμίζεις
1,θυμίζουν
1,θύμισέ
1,θυμός.
1,θυμούμαι!
1,θυμωμένα
1,θυμωμένα.
1,θυμωμένες,
1,θυμωμένη
1,θυμωμένος,
1,θυμωμένος.
1,θύμωνε
1,θυμώνει
1,θύμωσε.
1,θυμώσω.
1,θυσία
1,θυσίες
1,θώρακες
1,ιατρικό
1,ίδια!
1,ιδιαίτερες
1,ιδιαίτερη
1,ίδιας
1,ίδιοι
1,ιδρωμένος
1,ιδρώτα
1,ιδρώτας
1,ιδώ!
1,ιερά,
1,ιερό
1,ινστιτούτο,
1,ιππικό
1,ίσα
1,ίσιασε
1,ίσιωσε
1,ίσο
1,ιστιαίας-αιδηψού
1,ιστορίες.
1,ισχύει,
1,ισχύς
1,καβαλαρέοι.
1,καβαλάρη
1,καβαλάρηδες,
1,καβαλάρης
1,καβαλίκεψε
1,καβγά
1,καβγά.
1,καβγάδες;
1,καζάνι
1,καζάνι.
1,καζάνια;
1,καημένο
1,καημό.
1,καθαρίσω
1,καθένα.
1,καθενός
1,κάθεστε
1,καθησε
1,κάθησε
1,καθήστε
1,καθησύχαζε
1,καθησύχασε
1,καθίσαμε
1,καθίσατε
1,κάθισες
1,καθισμένο
1,καθισμένοι
1,καθισμένος
1,καθίσουν.
1,καθιστός.
1,καθόλου
1,καθόλου.
1,κάθομαι
1,κάθομαι.
1,καθόμαστε
1,κάθουμουν
1,καθυστερημένες
1,καθυστέρηση
1,καιγόταν
1,καίει
1,καινούρια.
1,καινούριο;
1,καινούριους
1,καιρό.
1,καιροί!
1,καιροί.
1,καιρός
1,καιρός.
1,καιρούς,
1,καιρών
1,κακά
1,κακία
1,κακιωμένος
1,κακιωμένος.
1,κακό;
1,κακοήθεια
1,κακοί
1,κακοκαρδίζεις,
1,κακοκαρδίσει
1,κακομοίρα
1,κακομοίρης
1,κακομοίρης,
1,κακομοίρης.
1,κακομοιρίδη!
1,κακόμοιρο
1,κακορίζικοι
1,κακούργους
1,κακούς
1,κακοφαίνεται
1,καλάθι
1,καλάμια.
1,καλαμιώνες.
1,καλαμπόκια.
1,καλέ
1,καλέ!
1,καλές
1,καλή,
1,καλημερίσει.
1,καληνύχτα,
1,καλής
1,καλησπέρα,
1,καλλιεργητικών
1,καλλιεργούν
1,καλλιεργούσαμε
1,κάλλιο
1,καλντερίμι.
1,καλντεριμιτζού
1,καλό!
1,καλοδιατηρημένος
1,καλοζεί.
1,καλοκαιριού
1,καλοκαταλάβει
1,καλόν
1,καλοπέραση.
1,καλοπιάσματα
1,καλοστρωμένοι
1,καλοσύνη.
1,καλούς
1,καλύβα
1,καλύτερά
1,καλύτερα.
1,καλύτερο!
1,καλύτεροι
1,καλύτερος,
1,κάμαρά
1,καμαράκι
1,κάμαρας
1,καμάρωσες.
1,κάμποσην
1,κάμποσο
1,κάμπου.
1,καμπούρα.
1,καμπούρης
1,καμτσίκι!
1,καμτσικιά.
1,κάμω
1,καμώματα
1,καμώματα.
1,κάνα
1,κάνατε;
1,κάνει!
1,κάνει,
1,κάνεις!
1,κανείς,
1,κάνεις,
1,κάνεις.
1,κανένα;
1,κανένας;
1,κάνετε.
1,κανονικό,
1,κανονίσομε
1,κανονίσω
1,κάνουμε;
1,κάνουν;
1,κάνω!
1,κάπνιζε
1,καπνίζοντας
1,κάποιο
1,κάποιον!
1,κάποιος,
1,κάποιος.
1,κάποτε
1,καπουτσίνο
1,καράβι
1,καράβια.
1,καραβιού.
1,καραβιών.
1,καραγκιόζη
1,καραγκιοζιλίκια
1,καρβουνιάζουνταν
1,κάρδαμα
1,καρδιά,
1,καρδιά.
1,καρκίνος
1,καρότα,
1,καρπό
1,καρποί
1,καρπός
1,καρπούς
1,καρποφορούσαν
1,κάρτα.
1,καρτέλα
1,καρτερούσε
1,κάρτες
1,καρτοτηλέφωνα
1,καρύστου
1,κάρφωσε
1,κάστρα,
1,κάστρα.
1,κάστρο,
1,καταγγείλει
1,καταγίνεσαι
1,καταγίνεται
1,καταγίνουνταν
1,καταγίνω;
1,καταγραμμένοι
1,καταγραμμένους
1,καταγραφές,
1,καταδέξου
1,καταδεχθώ
1,καταδικάζει,
1,καταδίκασε
1,καταδικάσει.
1,καταδικασμένο
1,καταδίκη
1,καταθλιμμένο.
1,κατακόκκινα
1,κατακόκκινες
1,κατακοκκίνισε
1,κατακόκκινος.
1,κατακουρελιασμένος
1,κατακτήσω
1,κατάλαβα,
1,καταλάβαινε
1,καταλαβαίνει!
1,καταλαβαίνεις
1,καταλαβαίνω;
1,καταλάβει
1,καταλάβει.
1,κατάλαβες
1,κατάλαβες,
1,κατάματα.
1,κατανάλωσης
1,κατάντια
1,κατάξερο
1,κατάξερος,
1,κατάρα
1,καταραμένο
1,κατασκονισμένος.
1,κατασκότεινο.
1,κάτασπρα
1,κάτασπρο
1,καταστολή
1,καταστραφεί;
1,καταστρέφεται!
1,καταστρέφουν
1,καταστρέψει
1,καταστρέψομε
1,κατατρομαγμένου
1,κατάφεραν
1,καταφέρει
1,κατάφερες;
1,κατάφθανε
1,καταφθάνουν!
1,καταφρονήσει
1,κατάφυτη
1,καταχαρούμενοι.
1,καταχαρούμενος
1,κατάχλωμο
1,κατάχλωμο.
1,κατέβαζαν
1,κατέβαζε
1,κατεβάζει
1,κατεβάζω
1,κατέβαινα
1,κατεβαίνει
1,κατεβαίνοντας
1,κατέβασα
1,κατεβάσει
1,κατέβει
1,κατέβει.
1,κατέβηκα
1,κατέβηκαν.
1,κατεβούμε
1,κατέβω
1,κατεργαρίσκο
1,κατεργαρίσκο.
1,κατεργαρίσκος
1,κατευθείαν
1,κατεύθυνση
1,κατήντησε
1,κατοικημένη,
1,κάτοικοι
1,κατόρθωσε
1,κατρακυλάκος
1,κατρακύλησα
1,κατρακύλι
1,κατρακύλια.
1,κατρακυλιστά
1,κατρακυλούσαν
1,κατρακυλούσε
1,κατσαρόλες
1,κατσίκες
1,κατσίκι.
1,κατσουφιασμένες
1,κατσουφιασμένες.
1,κατσουφιασμένο
1,κατσουφιασμένος.
1,κάτω,
1,καφεΐνη
1,καφενείου
1,καφές
1,καφές,
1,κάψα
1,κείνη
1,κείνο
1,κείτουνταν
1,κελαριού
1,κενά
1,κεντήματά
1,κεντημένη
1,κεντράρισε
1,κέντρο
1,κεραμιδί
1,κερδίζαμε
1,κέρδιζε
1,κέρδισε
1,κέρδισε,
1,κερδισμένο
1,κέρδος
1,κερί,
1,κεφάλια
1,κεφαλιού
1,κέφι
1,κέφι.
1,κηπαράκι
1,κήπο!
1,κήρυξης
1,κιλά
1,κινδυνεύουν
1,κίνδυνο.
1,κίνδυνος,
1,κινδύνου,
1,κινδύνου.
1,κίνησε
1,κίνηση.
1,κινητό
1,κιόλα!
1,κιτρινιασμένα
1,κλαδιά
1,κλαίει
1,κλαίει;
1,κλαις.
1,κλαύθηκε
1,κλέβουν
1,κλέβουν.
1,κλειδαριά
1,κλειδαριά.
1,κλειδί
1,κλειδί,
1,κλειδί.
1,κλειδιά;
1,κλειδώσει
1,κλειδώσει;
1,κλείσε
1,κλεισμένη
1,κλείσουν
1,κλειστό
1,κλεμμένα
1,κλεμμένα.
1,κλεμμένο
1,κλεμμένος
1,κλεπταποδόχος,
1,κλεφταποδόχος
1,κλέφτη,
1,κλέφτη.
1,κλέφτης!
1,κλεφτόπαιδο.
1,κλεψιές
1,κλέψουν
1,κλήσης
1,κλονίστηκε
1,κλονούμενα
1,κλοπής
1,κλωνάρια
1,κλώσετε
1,κλωστές
1,κλώτσησε
1,κόβαμε
1,κοιμάται;
1,κοιμηθεί
1,κοιμηθεί.
1,κοιμηθείς,
1,κοιμήθηκαν
1,κοιμήθηκε
1,κοιμηθούμε,
1,κοιμηθώ
1,κοιμισμένη
1,κοιμούνταν.
1,κοινό
1,κοινός
1,κοινότητα
1,κοινωνικής,
1,κοιτάει
1,κοίταζα
1,κοίταζαν,
1,κοίταξε,
1,κοιτάξτε
1,κοιτώντας
1,κοκκινάδα
1,κόκκινη
1,κοκκίνιζαν
1,κοκκίνισε,
1,κόκκινος
1,κολακεύεις,
1,κολακευτικά
1,κολοκύθια
1,κομμάτια!
1,κομμάτιαζε
1,κομμένες
1,κομμένο
1,κομμένους
1,κόμπο!
1,κόμποι
1,κομπολόγι
1,κόμπους
1,κομψό
1,κονσόλα,
1,κονσόλα.
1,κοντά.
1,κοντάρια.
1,κοντός
1,κοντός,
1,κοντοστάθηκε,
1,κοπέλα
1,κοπέλας
1,κοπέλι
1,κοπελιά,
1,κόπηκαν,
1,κόπηκε
1,κοπιάζεις
1,κοπιάστε
1,κόπο,
1,κόπος
1,κορδόνια
1,κορδώνεται
1,κόρες
1,κορίτσι
1,κορίτσι,
1,κορίτσι.
1,κοριτσιών
1,κορμί.
1,κορμούς
1,κοροϊδεύει.
1,κοροϊδεύεις,
1,κοροϊδεύεις;
1,κοροϊδεύω.
1,κορυφή
1,κορώνας
1,κόσκινο
1,κόσμο,
1,κόσμον!
1,κόσμος,
1,κόσμου
1,κόσμου.
1,κόσμους.
1,κόστιζε,
1,κότα
1,κοταριό,
1,κότες,
1,κοτόπουλου
1,κότσο
1,κότσυφα
1,κότσυφας
1,κουβά
1,κουβαλά
1,κουβάρι
1,κουβέντα.
1,κουβέρτα
1,κουβούκλιο
1,κουδούνι
1,κουδούνι.
1,κουδουνίζω;
1,κουδούνισμα
1,κουδούνισμα.
1,κουδουνίσματα
1,κουζίνας
1,κουζίνας.
1,κουιούνταν
1,κουκάκης.
1,κουκιά
1,κουκίδη
1,κουκκίδα
1,κούκλα
1,κουκλίστικο
1,κουκόπουλο
1,κούκος;
1,κουκουβάγια
1,κουλού.
1,κουλούριασε
1,κούμαρα
1,κουνελάκι
1,κουνέλι
1,κουνήσει,
1,κουνήσουν.
1,κουνιούνταν
1,κουντουράς
1,κούπα
1,κουράγιο
1,κούραση,
1,κουρασμένα,
1,κουρασμένοι,
1,κουραστική
1,κουρέλι;
1,κουρέλιασμα
1,κουρελιασμένα
1,κουρελιασμένοι
1,κουτεντέ;
1,κουτή;
1,κουτί
1,κουτός!
1,κουτρουβαλιστά
1,κουτσό
1,κουτσό.
1,κουτσοζεί
1,κουτσός,
1,κουτσοστέκουνταν
1,κούτσουρο!
1,κουφούς
1,κοφίνι
1,κόψανε
1,κόψε
1,κόψουν
1,κόψω
1,κρασάδικο
1,κρασί!
1,κρασί,
1,κρατήθηκε.
1,κρατικού
1,κράτους»
1,κράτους»!
1,κρατούσε
1,κρατώντας
1,κρέας,
1,κρεβάτι
1,κρεβάτι.
1,κρεβατοκάμαρα
1,κρέμασε.
1,κρεμάσει
1,κρεμασμένο
1,κρεμασμένος
1,κρεμαστή
1,κρεμάσω
1,κρεμμύδια
1,κρέμονταν
1,κριθάρι,
1,κρίμα!
1,κρίμα,
1,κρίμα.
1,κρίνο
1,κρίση
1,κρίσης,
1,κρύβεσαι;
1,κρύβεται
1,κρύβονται
1,κρυμμένα
1,κρυμμένη
1,κρυμμένο.
1,κρυμμένος
1,κρύο,
1,κρύο.
1,κρυσταλλένια
1,κρυφοσκούπισε
1,κτήμα
1,κτήματα
1,κυβερνά
1,κυβερνάς.
1,κυβερνήσεις
1,κυβερνήσεις!
1,κυβερνήσετε
1,κυβερνήσεως
1,κυβερνήτες,
1,κυβερνήτης,
1,κύκλο
1,κυλισμένος
1,κυλούσαν
1,κυλώντας
1,κυνηγάει
1,κυνηγάς,
1,κυνήγησε,
1,κυνηγητό
1,κυνηγούσα
1,κυνηγούσε
1,κυνηγώ
1,κυπρί,
1,κυπριά
1,κυπριού
1,κυπριών.
1,κυρα-βασιλοπούλα,
1,κυρα-βασιλοπούλα.
1,κυρ-αρχικαγκελάριος
1,κυραρχικαγκελάριος.
1,κυρ-αστόχαστου;
1,κυρα-φρόνησης,
1,κυρδάσκαλε.
1,κυριακή.
1,κύριοι
1,κύριος
1,κυρ-κατεργαρίσκο;
1,κυρ-κατρακυλάκος.
1,κυρ-λαγόκαρδο.
1,κυρ-λαγόκαρδος,
1,κυρ-λαγόκαρδος.
1,κυρ-λαγόκαρδου,
1,κυρ-λογιότατε,
1,κυρ-μασκαρόπουλος.
1,κυψέλες
1,λαβώθηκες!
1,λαγό
1,λαγοί;
1,λαγόκαρδε,
1,λαγόκαρδο.
1,λαίμαργες
1,λαιμό,
1,λαιμός
1,λαμπάδα
1,λαμπρά
1,λάμψη
1,λαούς
1,λάπτοπ
1,λαργάρετε,
1,λαρύγγι
1,λαφριά
1,λαχανιασμένο.
1,λαχανιασμένος.
1,λαχανικά;
1,λαχανόκηποι,
1,λαχανόκηπων
1,λαχανόκηπων,
1,λαχτάρα
1,λεβέντη!
1,λέγε
1,λέγει.
1,λέγει;
1,'λεγες
1,λέγω
1,λέγω,
1,λέγω;
1,λέει!
1,λείπει
1,λεκέ,
1,λεκέδες.
1,λέμε.
1,λεν;
1,λένε!
1,λένε;
1,λέξεις,
1,λέξεις.
1,λέξη,
1,λεονταράκι
1,λεπτομέρειες
1,λες.
1,λεύκα
1,λευκή
1,λευκό
1,λεφτά,
1,λήθαργο
1,λήξης
1,λήψη
1,λιακάδα,
1,λίγα,
1,λίγα;
1,λιγάκι.
1,λίγα-λίγα
1,λιγνό
1,λίγο;
1,λιγοστά
1,λιγότερο
1,λίγους
1,λιθάρια
1,λιποταξία!
1,λιώσουν.
1,λογάριαζε,
1,λογάριασα
1,λογαριασμούς
1,λογαριαστείς
1,λογής
1,λόγια.
1,λογικό
1,λόγο!
1,λόγος
1,λόγχες;
1,λογχοφόροι;
1,λοιπά,
1,λουλούδι,
1,λουρί!
1,λουρί.
1,λούφαξε
1,λόφους
1,λυγερή
1,λυγίσει
1,λυγισμένος
1,λύθηκε
1,λύκος;
1,λυπάσαι
1,λυπήθηκε!
1,λύσε
1,λύση
1,λύση!
1,λύσουμε
1,λυσσασμένους;
1,μαγαζί
1,μαγαζιού.
1,μαγειρεύω,
1,μαγείρεψες;
1,μαγειριό,
1,μαγειριού
1,μαγειριού.
1,μαγείρισσα!
1,μάγειροι
1,μαγκωμένος.
1,μάγουλα.
1,μάγουλο
1,μαδούσε
1,μαζεμένες
1,μαζεμένος
1,μαζεύει
1,μαζεύεις
1,μαζευθεί
1,μαζέψετε
1,μαζέψομε
1,μαζέψομε.
1,μαζέψομε;
1,μαζί,
1,μαζί;
1,μαθαίνει
1,μάθαμε
1,μάθε
1,μάθεις;
1,μάθετε
1,μάθημα!
1,μάθημα;
1,μάθομε
1,μάθουν.
1,μάθω!
1,μάθω,
1,μάθω.
1,μακροβουτιού
1,μακρύς,
1,μάλαμα
1,μαλλί;
1,μαλλιά,
1,μαλώματα;
1,μαμούνια
1,μάνα,
1,μανιασμένη
1,μανίκι
1,μανούλα
1,μαντίλια
1,μαντιλιού.
1,μαντιλοδεμένο.
1,μαξιλάρια
1,μαξίμ
1,μαραγκοί
1,μαραμένη
1,μαραμένο
1,μαρμαρίου
1,μαρμαρωμένα
1,μαρούλια!
1,μάρτυρας
1,μασκαράδες
1,μασκαρόπουλο
1,μασκαρόπουλου
1,μασούσε
1,μαστίχα
1,μαστίχα.
1,μασχάλες.
1,μάταια
1,ματάκια!
1,ματιά,
1,μάτια,
1,ματιάς
1,ματιές
1,μάτσα.
1,μάτωνε
1,μαύρες
1,μαυρισμένες
1,μαύρο
1,μαύροι
1,μαχαίρι
1,μάχη
1,μάχη!
1,μάχη;
1,με.
1,μέγαιρα
1,μεγαλείο
1,μεγαλέμπορος
1,μεγάλο.
1,μεγάλον
1,μεγαλοπρέπεια
1,μεγαλόπρεπη
1,μεγαλόσταυρο
1,μεγαλύτερον
1,μεγαλώσει.
1,μεγιστάνας
1,μεγιστάνες
1,μεθύσει
1,μεθύσι.
1,μειλίχιο
1,μείναμε
1,μείνανε
1,μείνει.
1,μείνεις,
1,μείνετε
1,μείνομε.
1,μείνουμε.
1,μείνουν
1,μείνω
1,μείνω!
1,μείς
1,μελαγχολία
1,μελαγχολία.
1,μελάνιασε.
1,μέλει
1,μελέτησε,
1,μελετήσει
1,μέλι,
1,μέλι.
1,μέλισσα,
1,μέλισσα;
1,μέλισσες.
1,μελίσσια
1,μέλλον
1,μέλλον,
1,μελόπιτα
1,μελόπιτες;
1,μένα,
1,μένει
1,μένετε
1,μέρα;
1,μέρανύχτα,
1,μέρα-νύχτα.
1,μέρες.
1,μέρες;
1,μέρη,
1,μέρη;
1,μεριά,
1,μερικοί.
1,μερικούς.
1,μερμήγκι.
1,μερμηγκιών
1,μεροδούλι-μεροφάγι.
1,μέρος,
1,μέρος;
1,μερτικό
1,μέσα;
1,μεσάνυχτα,
1,μεσημέρι!
1,μεσημεριού
1,μεσόκοπος
1,μεταγγίσεις
1,μετακινείται
1,μετακινήθηκε
1,μετακομίσει
1,μεταλλεία
1,μεταλλείο.
1,μεταλλείο;
1,μεταμφιέζονται
1,μεταφορά.
1,μεταχειρίζεσαι.
1,μεταχειρίζουνταν.
1,μεταχειρισμένα
1,μεταχειριστείς;
1,μεταχειρίστηκα
1,μεταχειριστούν
1,μετεξελίσσεται
1,μετρήθηκαν
1,μέτωπό
1,μέτωπο.
1,μήλα
1,μήνα
1,μήνυμα
1,μήνυσα
1,μητέρα
1,μητέρα,
1,μητέρας
1,μήτσος
1,μηχάνημα
1,μια-μια
1,μίαν
1,μικρά
1,μικρέ,
1,μικρέ;
1,μικρές
1,μικροενόχληση
1,μικρό-μικρό
1,μικροπρέπειες
1,μικρός
1,μικρούλα;
1,μιλά
1,μιλάνε
1,μιλάς;
1,μίλησαν
1,μίλησαν.
1,μιλήσει.
1,μιλήσεις
1,μιλήσω
1,μιλήσω!
1,μίλια
1,μιλούσαν
1,μιλώντας
1,μισά
1,μισό
1,μισό.
1,μισοέτοιμη,
1,μισοθυμωμένος,
1,μισόκλεισε
1,μισοκρυμμένη
1,μισομαύρο-μισοκίτρινο
1,μισοντυμένο,
1,μισοξαπλωμένοι
1,μισοξεραμένη
1,μισοπεθαμένο
1,μισοπεθαμένος
1,μισοπιωμένο
1,μισορημαγμένα.
1,μισός
1,μισοφαγωμένο
1,μισοχαρούμενος.
1,μνήμη
1,μνήμης
1,μοίρα
1,μοίρα!
1,μοίρα,
1,μοιραστεί
1,μοιρολατρών
1,μοιρολάτρων.
1,μοιρολάτρων;
1,μοναδικό
1,μοναξιά
1,μοναξιά.
1,μοναχή
1,μοναχική
1,μοναχικό.
1,μοναχοί
1,μονάχος.
1,μόνες
1,μόνη
1,μόνο,
1,μόνο.
1,μονοκόμματος
1,μονότονα.
1,μονοτονία
1,μονοχέρη,
1,μορφή
1,μού
1,μούγκρισε.
1,μούδιασαν
1,μουδιασμένος
1,μουδιασμένος.
1,μουλάρια
1,μουρμούριζαν
1,μουρμούριζε
1,μουρμούρισε,
1,μουρμούρισμα
1,μουσαφιρέοι,
1,μουσαφίρηδες
1,μουσαφίρηδες.
1,μουφλούζεψε.
1,μουχλιασμένα
1,μπα,
1,μπάγκο
1,μπαίνετε,
1,μπακάλικο
1,μπακάλικου
1,μπαλάσκα
1,μπαλωματή,
1,μπαμ!
1,μπαμπούλα
1,μπαστουνάκι
1,μπάτσο
1,μπάτσους
1,μπερδεύτηκε
1,μπερδεύτηκε,
1,μπερμπάντη.
1,μπήγοντας
1,μπήκες
1,μπήξει
1,μπήχθηκαν
1,μπήχθηκε
1,μπλούζα
1,μπόρεσα
1,μπορέσεις
1,μπορέσουμε
1,μπορούσαμε
1,μπορούσε.
1,μπορώ!
1,μποτίλια
1,μποτίλιας
1,μποτίλιες
1,μπουγάδας
1,μπούμε
1,μπουν.
1,μπουφάν
1,μπράβο
1,μπράβο!
1,μπράβο,
1,μπράβο.
1,μπράβο;
1,μπροστά!
1,μπροστά.
1,μπροστινή
1,μπύρες
1,μύρισε
1,μυρωδάτα
1,μυρωδιά
1,μυστήριο,
1,μυστικά;
1,μύτες
1,ναι.
1,ναύαρχος
1,ναύαρχος.
1,ναύσταθμο
1,ναύσταθμο,
1,ναύτες,
1,ναύτες;
1,ναύτης,
1,ναύτης;
1,ναυτικό
1,νεαρούλα
1,νέο.
1,νέοι
1,νέοι,
1,νέον
1,νέου
1,νέους
1,νεόφτιαστα
1,νεραϊδούλα.
1,νερού.
1,νευρικό
1,νήμα;
1,νησιώτικο
1,νηστείας
1,νιώθομε
1,νιώσεις
1,νιώσουν
1,νοικοκυρέους;
1,νοικοκύρης
1,νοσηλείας
1,νοσηλεύτρια
1,νοσοκόμες
1,νοσοκόμο
1,νοσοκόμος
1,νοσοκόμων
1,νοστιμάδα.
1,νόστιμο,
1,νου
1,νούμερα
1,νούμερό
1,ντουλάπι,
1,ντουλάπια,
1,ντροπή!
1,ντροπή,
1,ντροπιασμένος
1,ντροπιασμένος.
1,ντυθώ!
1,νυσταγμένη
1,νύχτας.
1,νυχτερινό
1,νωπό.
1,νωρίς
1,νωρίτερα,
1,ξαμαρτία,
1,ξανάβγαιναν
1,ξανάβλεπα
1,ξαναβρεί
1,ξαναγέμιζαν
1,ξαναγίνουν
1,ξαναγυρίσουν;
1,ξανάδεσε
1,ξαναδιαλέγοντας
1,ξαναδίπλωσε
1,ξαναδώσω
1,ξαναείδες
1,ξαναθάρρεψε.
1,ξαναθυμούνταν
1,ξανακάθισε
1,ξανακατεβάσει
1,ξανακυριεύει
1,ξαναμαζεύουνταν
1,ξαναμάθει
1,ξανάμπηξε
1,ξανάμπηξε,
1,ξανανταμώσεις
1,ξαναπαράγγελνε
1,ξαναπαρουσιαστείς
1,ξαναπέρασε
1,ξαναπερνούσα
1,ξανάπεσε
1,ξανάπιασε
1,ξαναπλησίασε.
1,ξανασπούσε
1,ξαναφέρνει
1,ξαναφτιάξεις
1,ξαναφτιάσουμε
1,ξαναχτίσεις
1,ξαναχτίσω
1,ξαναχτύπησε,
1,ξανθή.
1,ξαπλωθεί
1,ξαπλώθηκαν
1,ξαπλωμένο,
1,ξάπλωσαν
1,ξαποστείλει
1,ξάφνιασμα
1,ξαφνισμένα.
1,ξαφνισμένο
1,ξαφνισμένο.
1,ξαφνισμένος.
1,ξάφνου
1,ξεβραστούν
1,ξεγυαλισμένο
1,ξεθωριασμένες
1,ξεθωριασμένο
1,ξεκάρδισμα
1,ξεκαρδισμένοι
1,ξεκαρδισμένος
1,ξεκίνησε
1,ξεκινούν
1,ξεκουράσου
1,ξεκουραστεί
1,ξεκουραστούμε
1,ξεκουραστούμε;
1,ξεκουφαίνεις
1,ξεκούφαναν.
1,ξελαφρωμένοι
1,ξελαχανιάσει.
1,ξεμάθετε
1,ξεμπαρκάρησε
1,ξεμπαρκάρομε
1,ξεμπερδεύτηκε
1,ξεμπερδέψει
1,ξεμύτιζαν
1,ξενοδοχείο,
1,ξένους
1,ξένους!
1,ξέπεσε
1,ξέπλεναν
1,ξέπλενε
1,ξεπληρώσετε
1,ξεπλυθεί
1,ξεπλύνω
1,ξεπορτίζεις;
1,ξεπόρτισαν
1,ξεπρόβαλαν
1,ξέραμε
1,ξέρει;
1,ξέρεις.
1,'ξερες
1,ξέρομε.
1,ξεροψημένο
1,ξέρω.
1,ξεσπαθώνοντας
1,ξεσπάσουν
1,ξεστομίσει.
1,ξέσχισμα
1,ξετραχηλωμένες
1,ξετρελαμένοι
1,ξετύλιξε
1,ξεφαντώματα
1,ξεφαντώματα,
1,ξεφορτώθηκες;
1,ξεφόρτωσε
1,ξεφύγει,
1,ξεφύγω
1,ξεφυλλίζει
1,ξεφώλιαζε
1,ξεφωνητά
1,ξεφώνιζαν.
1,ξέχασα
1,ξέχασαν
1,ξεχάσεις
1,ξέχασες,
1,ξεχασμένα
1,ξεχάσομε,
1,ξεχάσω!
1,ξεχάσω.
1,ξεχειλούσαν
1,ξεχνάς
1,ξεχρυσωμένο
1,ξεχρυσωμένο.
1,ξεχύνεται
1,ξεχώρισε
1,ξεχωρίσει
1,ξεψυχήσει.
1,ξήλωσε
1,ξηρά
1,ξηρά.
1,ξήρανση
1,ξοδευτούν
1,ξοδιάσεις
1,ξύλα
1,ξύλινα
1,ξύλινη
1,ξύλινο
1,ξύλο
1,ξύλο!
1,ξύλο.
1,ξύλο;
1,ξυλοκόποι
1,ξυλοκόπος,
1,ξυλοκόπος.
1,ξυλοπινάκα
1,ξυνήθρα,
1,ξυνήθρα.
1,ξυπνά
1,ξύπνα!
1,ξύπνα,
1,ξύπνησαν
1,ξύπνησε,
1,ξύπνησε.
1,ξυπνήσει.
1,ξύπνησες,
1,ξυπνήσω
1,ξυπνητή,
1,ξυπνητήρι
1,ξυπνητός
1,ξυπνούσες
1,ό
1,ογδόου
1,οδηγεί
1,οδήγησαν
1,οδήγησε
1,οδηγήσει
1,οδηγήσεις
1,οδηγήσουν
1,οδηγήσω
1,οδηγήσω!
1,οδηγίες
1,οδηγός
1,οικογένεια.
1,οικολογικά
1,οικονομική
1,οικονομικής
1,οκά
1,ολ'
1,όλ'
1,όλα,
1,όλα.
1,όλες.
1,όλη.
1,όλοι.
1,όλοι;
1,ολόκληρη
1,ολόκληρο!
1,ολόκληρον
1,ολόκληρος.
1,ολοκληρωμένο
1,ολομόναχες,
1,ολομόναχους
1,ολόρθα
1,όλος,
1,ολοστρόγγυλος
1,ολότελα
1,όλου
1,ομιλία.
1,ομοιότητα,
1,όμοιους
1,ομολογήσει,
1,όμορφα!
1,όμορφη
1,ομορφιά
1,όμορφο
1,όμορφος,
1,όμορφων
1,όμως;
1,ονείρατά
1,ονειρεύεσαι
1,ονειρεύεσαι,
1,ονειρεύομαι;
1,όνειρο
1,ονειροφορτωμένα
1,ονοιχτο
1,όνομά
1,όντως
1,όπλα;
1,οπλίσεις
1,οπλίσομε
1,οπλίσουμε
1,όπλο!
1,οποιαδήποτε
1,όποιο
1,όποιον
1,οποίος
1,όποιος
1,όποτε
1,οργανισμού
1,οργισμένος
1,ορεκτικό
1,ορεκτικοί
1,ορεκτικότατη
1,όρθια
1,όρθια.
1,όρθιο
1,όρθιου
1,ορθογραφίας
1,ορίζοντα
1,ορίσατε
1,ορίστε
1,ορκίζομαι
1,όρκο
1,όρκους
1,ορμή,
1,ορμή.
1,ορμόνες
1,όρνια
1,ορούς
1,ορτσωμένα
1,οταν
1,όταν,
1,ουρά
1,ουρανό
1,ουρανό.
1,ουτ'
1,ούτ'
1,όφελος!
1,όχημα
1,όχθες
1,όχθες.
1,όχθη!
1,όχθης
1,όχι.
1,όχι;
1,πα
1,παγαίνω.
1,πάγει;
1,πάγκου
1,παγωμένη
1,πάει!
1,παθολογοανατομικού
1,παιδαγωγικής
1,παιδαγωγικό
1,παιδί!
1,παιδί,
1,παιδιού
1,παιδούλα
1,παιδούλα;
1,παινιέσαι,
1,παίξει
1,παίρναμε
1,παίρναν
1,παίρνει
1,παίρνεις
1,παίρνω
1,παιχνίδι.
1,παιχνίδια
1,παλαβός
1,παλαβός.
1,παλάβω
1,παλάμη
1,παλατάκι
1,παλατιανοί
1,παλατιανούς
1,πάλευε
1,παλέψουν
1,πάλη
1,πάλι!
1,πάλι;
1,παλιάνθρωπε!
1,παλικαράς.
1,παλιό
1,παλιόπαιδο
1,παλιόπαιδο,
1,παλιοσέντουκα
1,παλιόσπιτο
1,παλιόχαρτα
1,παλιωμένη
1,παλιωμένο
1,πάμε.
1,παμπάλαιο
1,πανέρι;
1,πανέρια.
1,πανεριού
1,πανεροφορτωμένοι.
1,πανηγύρι,
1,πανί
1,πανικός
1,πανουργάκηδων
1,πανουργάκο!
1,πανουργάκος.
1,πανουργάκου,
1,πανουργάκου.
1,πανουργάκου;
1,πάντα!
1,παντελεήμων
1,παντογνώστης,
1,πάντοτε
1,παντοτινή
1,παντούφλες.
1,πάντως
1,πανωφόρι
1,παξιμάδια,
1,παξιμάδια.
1,πάπια
1,πάπιας
1,πάπιες
1,πάπιες!
1,πάπλωμα
1,παππού,
1,παππού;
1,παππούλης
1,πάρα
1,παράβγαιναν
1,παραγγελία
1,παράγγελνε
1,παραγγέλνει
1,παραγιοί
1,παραγιός
1,παραγιός;
1,παραγιούς
1,παραγιούς.
1,παράγοντα
1,παραδείγματα
1,παραδέχομαι
1,παραδέχουνταν
1,παραδίνει
1,παραδίνουνταν.
1,παραδώσει
1,παραζαλισμένοι.
1,παραζαλισμένος.
1,παράθυρα
1,παράθυρα,
1,παρακαταθήκη
1,παρακάτω;
1,παρακολούθησε
1,παρακολουθήσει
1,παρακολουθήσουν
1,παρακόρες,
1,παρακόρες.
1,παρακόρες;
1,παρακόρη
1,παρακόρη,
1,παράλληλα
1,παραμάγειρα.
1,παραμάγειρας;
1,παράμερα
1,παραμερίσει.
1,παραμερίσετε!
1,παραμονή.
1,παραμύθι
1,παραμύθια!
1,παράνομη
1,παράξενα
1,παράξενες
1,παραξενεύθηκα
1,παραξενεύθηκαν
1,παραξενιά
1,παράξενο
1,παράξενο!
1,παράξενος
1,παραπάτησε
1,παραπεμπτικό
1,παράπονα
1,παραπονέθηκε
1,παραπονιάρικα
1,παράσημο
1,παρατάτε
1,παρατημένα
1,παρατηρούσε
1,παρατηρώντας
1,παράτησα
1,παράτησα,
1,παράτησε.
1,παρατήσει
1,παρατούσαν
1,παρατράβηξε
1,παρατραβήξει
1,παρατώντας
1,παραφέντη;
1,παραφέντης,
1,παραφέντης.
1,πάρε,
1,παρέδωσε
1,πάρεις,
1,πάρεις.
1,παρενέργειες
1,παρέσυρε
1,παρέχοντας
1,παρήγγειλε
1,παρηγορήσει.
1,παρηγορήσεις.
1,παρόμοια.
1,παρόντες.
1,πάρουμε
1,παρουσία
1,παρουσιάζεται
1,παρουσίασε
1,παρουσιαστείς
1,παρουσιάστηκε.
1,πάρτε
1,πάρω.
1,παρών!φώναξε.
1,πας!
1,παστίτσιο,
1,παστρευθεί
1,πατάει
1,πάτε.
1,πατέρα!
1,πατέρα;
1,πατέρας.
1,πατημένες
1,πατήτρες
1,πατίνια
1,πατούσαμε
1,πατρίδα!
1,πατρίδα,
1,πατρίδας
1,πατρίδας!
1,πατρίδας,
1,πατρικό
1,πατριώτες
1,πατριώτες;ρώτησε.
1,πατριώτη
1,πατριώτη;
1,πατριώτης
1,πατρογονική
1,παύλες
1,παύσετε
1,παχουλά
1,παχύ-παχύ
1,πάω!
1,πεδιάδα
1,πεδιάδας,
1,πεδιάδας.
1,πεδιάδες
1,πεδίο
1,πεζή
1,πεζή.
1,πεθαίνουν
1,πεθαίνω,
1,πεθαμένο,
1,πεθαμένος!
1,πεθαμένος.
1,πεθαμένου.
1,πεθαμένους
1,πεθαμένους!
1,πέθανε
1,πέθανε.
1,πεθάνεις
1,πει,
1,πει;
1,πείθουνταν.
1,πείνα.
1,πεινάσει
1,πεινασμένα,
1,πεινασμένους
1,πεινούν!
1,πεινούσε
1,πεινώ,
1,πειράζει
1,πείσει
1,πείσματα
1,πείσω
1,πελέκα.
1,πελεκάς,
1,πελεκηθούν
1,πενηνταπεντάρα
1,πενηντάρα
1,πεποίθηση,
1,πέρασε.
1,περάσει.
1,περάσεις.
1,πέρασμά
1,περασμένα
1,περάσομε
1,περάσουν
1,περάσουν.
1,περάσουν;
1,περιβάλλον
1,περιβάλλοντα,
1,περιβαλλοντικής
1,περιβολάκι,
1,περιβόλι
1,περιβόλι.
1,περιβόλια
1,περιγραφών
1,περίγραψε
1,περίεργα
1,περίεργες
1,περίεργη
1,περίεργος,
1,περιέργως
1,περιέχουν
1,περίμενα.
1,περίμενε,
1,περιμένει
1,περιμένει.
1,περιμένεις;
1,περιμένετε
1,περιμένομε;
1,περιμένοντας
1,περιμένουμε;
1,περιορίζονταν
1,περιορίζουνταν
1,περιουσία
1,περίπατο.
1,περίπατο;
1,περιπέτεια
1,περιπτώσεις
1,περισσευούμενα
1,περισσότερη
1,περισσότερο.
1,περισσότερους
1,περίσταση
1,περιττά
1,περιττό
1,περιττό.
1,περίφημα
1,περιφράσεις
1,περιφρονείς
1,περιφρονείς.
1,περιφρόνηση.
1,πέρναα
1,περνούμε
1,περνούσαν
1,περνώντας.
1,περπατάτε!
1,περπάτημα
1,περπάτησαν
1,περπατησιές.
1,περπατήσω
1,περπατούν
1,περπατούσαν
1,περπατώντας
1,πεσμένες
1,πεσμένοι
1,πεσμένος
1,πεσμένους
1,πεταλούδες,
1,πετάξου
1,πετούσαν
1,πετούσε
1,πέτρα.
1,πετράδια
1,πετράδια.
1,πέτρες;
1,πετριά
1,πέτρινη
1,πέτρινους
1,πέτσινη
1,πέτυχα
1,πέτυχε
1,πεύκο
1,πεύκο.
1,πέφτει
1,πηγάδι
1,πηγάδι.
1,πηγάδια.
1,πηγαίναμε
1,πήγαινε!
1,πήγαινε,
1,πηγαίνεις
1,πήγαινες
1,πήγαινες.
1,πηγαίνετε
1,πηγαινοέρχεται
1,πηγαινοέρχονται
1,πηγαίνομε
1,πήγαμε
1,πήγε,
1,πήγε.
1,πήγε;
1,πήγες
1,πήδα
1,πήδημα
1,πηλαλητό
1,πήρε,
1,πήρε.
1,πια;
1,πιάνει
1,πιάνοντας
1,πιάνω
1,πιάσε
1,πιάσει!
1,πιάσει.
1,πιάσουν
1,πιάσουν;
1,πιαστήκαμε
1,πιάστηκε
1,πιάτα.
1,πιάτο.
1,πιέσει
1,πίκρα
1,πίκρα.
1,πίκρες
1,πικρή
1,πικρό
1,πιλαλούσε
1,πίνακα
1,πίνουν
1,πιότερο
1,πιουν
1,πιούν
1,πιρούνι
1,πίστευαν
1,πίστευε
1,πιστεύουμε
1,πιστεύουν.
1,πιστεύω
1,πιστεύω.
1,πίστεψα,
1,πίστεψε
1,πιστέψεις!
1,πιστέψετε
1,πιστέψουν,
1,πιστέψω,
1,πιστοποιημένα
1,πιστός
1,πίσω!
1,πίσω;
1,πίτες
1,πιτσιλώντας
1,πιωμένο
1,πιωμένοι
1,πλάγιασες
1,πλαγινό
1,πλάγι-πλάγι
1,πλαδαρή
1,πλάκωσε
1,πλακώσει
1,πλάτανο.
1,πλάτανου.
1,πλατεία
1,πλατεία.
1,πλάτη.
1,πλατύ
1,πλένει
1,πλένω,
1,πλέρια
1,πλευρά
1,πλευρό
1,πληγιάσει.
1,πληγώθηκες!
1,πληγωμένος
1,πληθαίνω
1,πληθυσμός
1,πλήκτρα
1,πληκτρολογεί
1,πληκτρολόγησε
1,πληκτρολόγιο
1,πλημμύριζε
1,πληρώθη.
1,πληρωθούν
1,πληρωμή,
1,πληρώνει
1,πληρώνεις;
1,πλήρωσα,
1,πλήρωσα.
1,πλήρωσε
1,πληρώσει!
1,πλησίαζε
1,πλησιάζει.
1,πλησιάσουν,
1,πλούσια
1,πλούσιο
1,πλούσιους
1,πλούτη!
1,πλύνεις;
1,πλώρη.
1,πλωτές
1,πνιγεί
1,πνιγμένη
1,πνιγμένη.
1,ποδαράκια.
1,ποδήματα;
1,ποδιά
1,πόδια,
1,ποδοπατούν
1,πόθο
1,ποικιλία
1,ποιο;
1,ποκάμισο!
1,ποκαμίσου
1,πολέμα
1,πολεμάνε!
1,πολεμήσεις
1,πολεμήσουν
1,πόλεμο!
1,πόλεμο.
1,πόλη
1,πόλης
1,πολλά.
1,πολλαπλασιαστεί.
1,πολλές,
1,πολλήν
1,πολλοί
1,πολύ;
1,πολύδωρε!
1,πολύδωρου
1,πολύκαρπε.
1,πολύκαρπο.
1,πολυκατάστημα
1,πολύτιμα
1,πολύτιμες
1,πολύτιμη
1,πολύτιμη,
1,πολύτιμο.
1,πολυτρανότατε
1,πονεί
1,πονηρή
1,πονηριά
1,πονηρός.
1,πόνο
1,πόνος
1,πονούσα
1,πονοψυχιά!
1,ποντίκια
1,πονώ
1,πορσελάνινη
1,πορτοκάλια,
1,πόσες
1,ποτάμι;
1,ποταμό.
1,ποτέ!
1,ποτέ,
1,ποτήρια.
1,πού!
1,πουγγί
1,πουκάμισο!
1,πουλά
1,πουλάκια
1,πουλάκια.
1,πουλάς
1,πουληθεί
1,πουλημένος
1,πουλήσεις,
1,πούλησες
1,πούλησες;
1,πούληση
1,πουλήσουμε
1,πουλί.
1,πουλιά!
1,πουλιά.
1,πουλούσαμε
1,πουλούσαν
1,πουλώντας
1,πουν.
1,πούπουλο
1,πράγμα
1,πράγματά
1,πραγματικά
1,πραγματοποιήσει
1,πρακτικές
1,πρακτική
1,πρακτικής
1,πράμα,
1,πράματα;
1,πράξη
1,πράξης
1,πράσινα
1,πράσινες
1,πράσινη
1,πρησμένα
1,πρίμα
1,πρόβατα.
1,πρόγραμμα,
1,προδότη
1,προδότης!
1,προδότης.
1,πρόεδρε,
1,προηγούμενη
1,προηγούμενο
1,προϊόν.
1,προϊόντος
1,προκαλείται
1,πρόκειται
1,πρόκληση
1,πρόκοβαν
1,προκόβει
1,προκύπτουν
1,προλαβαίνω
1,πρόλαβε
1,προλάβει
1,προλάβω
1,προμάντεμα
1,προμήθευε.
1,προσβλητικό
1,προσβολή!
1,προσβολή.
1,προσδιορίζεται
1,προσέξει
1,προσευχή
1,προσεύχονται
1,πρόσεχε
1,προσέχει
1,πρόσθεσε.
1,προσθέσει
1,προσκλητήριο.
1,προσκόπους,
1,προσοχή!
1,προσπάθεια
1,προσπάθησα!
1,προσπάθησες
1,προσπαθούσε
1,προσπαθώ
1,προσταγές
1,προσταγή!
1,προστακτικό
1,πρόσταξε,
1,προστάξει
1,προστατεύσει
1,προστάτη
1,πρόστυχη!
1,προστυχιάρηδες,
1,πρόσφατα
1,προσφέροντάς
1,προσχέδιο
1,πρόσωπο!
1,πρόσωπο.
1,προσώπου
1,προσώπων
1,προτάσεις
1,πρόταση,
1,πρότασης
1,πρότασής
1,προτού
1,προϋπολογισμού
1,προφέροντας
1,πρόφθαινα
1,πρόφθαινα.
1,πρόφθαινε
1,πρόφθαινε.
1,προφθαίνεις
1,πρόφθαινες
1,προφθαίνω
1,πρόφθασα.
1,πρόφθασαν
1,πρόφθασε,
1,πρόφθασε.
1,προφθάσομε;
1,προφθάσω.
1,προφίλ
1,πρόφταινε.
1,προφτάσει
1,προφυλαχθούν
1,πρόχειρη
1,προχθές
1,προχωρεί
1,προχωρεί!
1,προχώρησαν
1,προχωρήσει
1,προχωρήσει.
1,προχωρήσουν.
1,προωθεί
1,πρύμη.
1,πρωί,
1,πρωινής
1,πρωινό
1,πρωί-πρωί,
1,πρώτα,
1,πρώτα-πρώτα
1,πρώτα-πρώτα.
1,πρώτο.
1,πρωτοβγαίναν.
1,πρωτοβεστιάριο
1,πρωτοβεστιάριος
1,πρωτοβεστιάριου
1,πρωτοκάνω
1,πρωτομάρτυρα!
1,πρωτομάστορα.
1,πρωτομάστορης,
1,πρώτος,
1,πρωτύτερα
1,πρωτύτερα.
1,πρωτύτερα;
1,πτέρυγα
1,πύργο.
1,πύργου
1,πύργου.
1,πυρκαγιά
1,πυροσβεστικό
1,πυρωμένα
1,πυρωμένο
1,πώς!
1,πώς.
1,ράβει
1,ράβει.
1,ράβεις
1,ράβεις;
1,ράβω
1,ράστα
1,ράφτρα!
1,ρέμβαζε
1,ρεσεψιόν
1,ρήγας,
1,ρημαγμένο
1,ρήμαζαν
1,ρημάζει
1,ρήμαξαν,
1,ρημάξανε
1,ρίγανη!
1,ρίγος
1,ρίζες,
1,ρίξε
1,ρίξει
1,ρίξουμε
1,ρίξουν
1,ρίχθηκαν
1,ριχθώ
1,ριχμένο
1,ρίχνεσαι
1,ρίχνοντας
1,ρόδες.
1,ροδοκόκκινη,
1,ροδοκόκκινη.
1,ροκανίδι
1,ρολόι
1,ρουχάλιζαν
1,ρούχου
1,ρυάκι
1,ρυακιού
1,ρύζι
1,'ρχόσουν.
1,ρώτα,
1,ρωτάει
1,ρωτάς;
1,ρωτήματα
1,ρωτήσει
1,ρώτησες
1,ρώτησες;
1,ρωτήσομε
1,ρωτήσω!
1,ρωτούσες
1,ρωτώ
1,ρωτώ,
1,ρωτώντας
1,σάβανο.
1,σαββατόβραδα
1,σαγόνι
1,'σαι
1,σαίτες
1,σαϊτεύουν,
1,σάκο,
1,σακούλα.
1,σακούλες
1,σακούλι.
1,σάλες,
1,σάλεψε
1,σάλπιγγα.
1,σάλπιγγας
1,σανιδένιο
1,σάπιζαν
1,σαπίζανε
1,σαπίζουν
1,σαπίζουν,
1,σαπιοσάνιδα
1,σαράβαλα
1,σαρακοφαγωμένα
1,σάστιση
1,σαστισμένα.
1,σαστισμένες
1,σαστισμένο,
1,σαστισμένοι
1,σαστισμένος.
1,σβησμένη
1,σβηστή,
1,σγουρά
1,σγουρό
1,σεβασθούν
1,σεβασμό
1,σεβαστού
1,σέβεται
1,σεις
1,σεκιουριτάς
1,σελίδες
1,σένα,
1,σεντούκι,
1,σεντούκι.
1,σεντούκια
1,σερβίρισε
1,σερβιρισμένη
1,σερβιρισμένο
1,σέρβος
1,σέρνει
1,σήκω
1,σήκω,
1,σηκωθεί!
1,σηκώθηκε.
1,σηκωθούν
1,σηκωθώ
1,σήκωναν
1,σήκωνε
1,σηκώνεται
1,σηκώσαμε
1,σήκωσαν.
1,σήκωσε,
1,σήκωσε.
1,σηκώσει.
1,σημάδεψε
1,σημαίνει
1,σημαίνω,
1,σήμανε
1,σήμανση
1,σημαντικό
1,σημασίας
1,σηματάκι
1,σηματοδοτήσει
1,σημεία
1,σημερινής
1,σημερινού
1,σιάξω
1,σιγά,
1,σιγά.
1,σιγανά
1,σιγανά.
1,σιδερά
1,σίδερα
1,σιδερά,
1,σιδερά.
1,σίδερα.
1,σιδεράς.
1,σίδερο,
1,σίδερο;
1,σιδηρουργείο
1,σιμά
1,σίμωναν
1,σίμωναν.
1,σιμώνοντας.
1,σίμωσαν
1,σίμωσε.
1,σιμώσουν,
1,σιμώσουν.
1,σιτάρι
1,σιτάρι,
1,σιτάρια
1,σιωπή
1,σιωπή.
1,σιωπηλή
1,σκάβει
1,σκάβετε
1,σκάβουν
1,σκάβω
1,σκάκι
1,σκάλισα
1,σκάλισε,
1,σκάλισμα:
1,σκαλισμένο,
1,σκαλίσουμε
1,σκαλίτσα
1,σκαλώσει
1,σκαμνί,
1,σκαμνί.
1,σκανδαλισμένο.
1,σκαρφάλωσαν
1,σκαρφάλωσε
1,σκάσω
1,σκάψομε
1,σκέπαζα
1,σκέπαζε
1,σκεπάζονταν
1,σκεπάζοντας
1,σκεπάζουνταν
1,σκέπασε
1,σκεπασμένα
1,σκεπασμένο
1,σκεπαστός
1,σκέπτεται
1,σκεπτικός.
1,σκέπτονταν
1,σκεφτεί
1,σκέψη
1,σκέψη.
1,σκιερή
1,σκίνος,
1,σκληρό.
1,σκοινί!
1,σκοινιά
1,σκοινιά!
1,σκοινιά,
1,σκοινιά.
1,σκονάκια
1,σκόνη
1,σκονισμένο
1,σκονισμένος
1,σκοντάφτοντας
1,σκοπό;
1,σκοποί
1,σκοπός
1,σκοπού
1,σκορδαλιά
1,σκορδαλιά.
1,σκορπάς.
1,σκόρπια
1,σκορπισμένα
1,σκορπισμένες
1,σκορπίστηκαν
1,σκορπούσαν
1,σκοτάδι
1,σκοτάδι.
1,σκοτεινά,
1,σκότισα;
1,σκότισες!
1,σκοτισμένο.
1,σκοτούρες.
1,σκοτωθεί!
1,σκοτώθηκε
1,σκοτωθούμε
1,σκοτωμένο
1,σκοτώσει
1,σκουντάει
1,σκουντουφλήσει.
1,σκουντουφλιούνταν
1,σκούπα
1,σκούπιζαν
1,σκούπιζε
1,σκουπίζει.
1,σκουπίζοντας
1,σκούρα,
1,σκουριασμένη
1,σκουφί.
1,σκούφια.
1,σκύβει
1,σκυλιά
1,σκυμμένα
1,σκυμμένος
1,σκυφτό
1,σμαραγδένιο
1,σμέουρα!
1,σμέουρα,
1,σμεουριά
1,σμίγει
1,σμίγοντας
1,σοβάδες.
1,σοβαρά,
1,σοβαρό.
1,σοβαρότατα,
1,σούβλισε
1,σούζα
1,σούπα.
1,σούπες
1,σουφρωμένα
1,σοφά,
1,σοφίτας
1,σπάγκους
1,'σπαζαν
1,σπαθιά!
1,σπαθιά,
1,σπαραξικάρδιο.
1,σπαρμένα
1,σπάσαμε
1,σπασμένα
1,σπασμένη
1,σπασμένης
1,σπασμένο
1,σπάτουλα;
1,σπείρομε.
1,σπιθοβολούσαν
1,σπίνος
1,σπιτάκι.
1,σπίτι!
1,σπίτι;
1,σπιτιού.
1,σπόρο
1,σπούσα
1,σπρώξε
1,σπρώξει
1,σπρωξιά
1,σπρωξιά,
1,σπρωξιές.
1,σπρώχνει
1,σταθείς
1,σταθερή
1,στάλες
1,σταμάτησε,
1,σταματήσει,
1,σταματήσεις
1,σταματήσουν
1,σταματήσω,
1,σταματούσε
1,στάσου
1,σταυροκοπήθηκε,
1,σταυρώνοντας
1,σταφύλια.
1,στάχτες.
1,στέγη
1,στεγνή
1,στέγνωσε
1,στέγνωσε.
1,στείλ’
1,στείλε
1,στείλει
1,στείλει,
1,στέκει
1,στέκεσαι
1,στέκονταν
1,στέκουνταν,
1,στέλναμε
1,στέμμα,
1,στέμμα;
1,στέναξε.
1,στένευαν
1,στενεύει
1,στενή
1,στενό
1,στενό;
1,στενοχωρέθηκε,
1,στενοχωρεί;
1,στενοχωρεμένος
1,στενοχωρεμένος.
1,στενοχώρεσε
1,στενοχωρημένος.
1,στερεώσει
1,στεριά,
1,στεριά.
1,στεφάνι
1,στεφάνι,
1,στέφθηκε
1,στήθη
1,στήθια
1,στηριγμένος
1,στήριξε.
1,στιγμή,
1,στίξης
1,στοίβα
1,στοιβάζουνταν
1,στόλαρχο!
1,στολίζει
1,στολίζεται
1,στολισμένο
1,στόλο.
1,στόλος;
1,στομάχι
1,στουμπώνω
1,στουππαίων
1,στοχάστηκε
1,στόχο
1,στραβή
1,στραβοκάνης.
1,στραβομούτσουνα
1,στραβός
1,στραβός!
1,στραβούς
1,στραμπούληξε
1,στρατεύματα
1,στρατηγέ!
1,στρατηγό.
1,στρατιώτη.
1,στρατιώτης
1,στρατιώτης.
1,στρατιωτών.
1,στρατό!
1,στρατοπέδευσαν.
1,στρατός;
1,στρατού
1,στρατού.
1,στρατώνες.
1,στρεσαρισμένος
1,στρίβω
1,στριγκλιά
1,στρίγλα!φώναξε
1,στριγλιές.
1,στριμώξει
1,'στριψε
1,'στριψε!
1,στρίψει
1,στρίψει.
1,στρωθεί
1,στρώμα
1,στρωμένο.
1,στρωμένοι.
1,στρωμένος
1,στρώσει
1,συγγενή
1,συγγενών
1,συγκαλά
1,συγκεντρώθηκε
1,συγκινημένη.
1,συγκινημένος
1,συγκίνηση.
1,συγκρατείται
1,συγκρατήσει
1,συγκρατήσει.
1,συγνώμη
1,συγύριζε.
1,συγυρίζω,
1,συγύρισα
1,σύγχυση;
1,συγχωρήσεις
1,συγχώρηση
1,συγχώρηση!
1,συγχωρώ
1,συζήτηση.
1,συζητήσω.
1,συζητούσαν
1,σύζυγος
1,συλλάβεις
1,συλλάβεις.
1,συλλαβές
1,συλλαβές.
1,συλλάβω;
1,συλλογιέσαι
1,συλλογίζεσαι!
1,συλλογίζουνταν
1,συλλογισμένα
1,συλλογισμένη
1,συλλογισμένη.
1,συλλογισμένο.
1,συλλογισμένος,
1,συλλογιστεί
1,συλλογίστηκα
1,συλλογίστηκες
1,συλλογιστούν
1,συμβαίνει
1,συμβαίνουν,
1,συμβατικά,
1,συμβεί
1,σύμβολο
1,συμβουλή.
1,σύμβουλος
1,συμμαζεύει
1,συμμαζεύοντας
1,συμμαζέψουν
1,σύμμαχος
1,συμμετάσχει
1,συμμετοχή
1,συμπεριφέρεται
1,συμφέρει,
1,συμφέροντα
1,σύμφωνα
1,συμφωνία.
1,συνάδελφος
1,συναδέλφων
1,συναντήσει
1,συνάντηση
1,σύναξε
1,συνάχι
1,σύνδεσμο
1,συνέβαιναν
1,συνέβηκε;
1,συνεννοηθεί
1,συνεργεία
1,συνεργείο
1,συνεργείο.
1,σύνεση
1,συνετός!
1,συνετός,
1,συνετού
1,συνετού.
1,συνεφέρω,
1,συνεχίσουμε
1,συνήθιζε
1,συνηθισμένοι
1,συνήλθε
1,συννεφιασμένο
1,σύννεφο
1,συνοδεύει
1,συνοδεύονταν
1,συνοδεύσει.
1,συνομιλούσαν
1,σύνορα,
1,σύνορα.
1,συντεταγμένων
1,συντηρητικά
1,σύντομα
1,σύντομα.
1,συντομία
1,συντονίζεται
1,συντροφιά.
1,συντροφικά
1,συντρόφους
1,σύρετε
1,σύρουμε.
1,σύρουν
1,συρτάρι,
1,σύσσωμο
1,σύστησε
1,συχνά
1,συχωρεμένης
1,συχωρεμένης!
1,σφανταχτερό
1,σφενδόνα;
1,σφίχθηκε
1,σφιχτά.
1,σφουγγοπάνα
1,σφύριγμα
1,σφύριξε
1,σχέδια
1,σχεδιάζει
1,σχεδιάσει
1,σχεδιασμούς
1,σχέση
1,σχετίζεται
1,σχετίζομαι
1,σχήμα
1,σχηματίζοντας
1,σχισμένη
1,σχισμένο
1,σχίσω
1,σχολείο!αναφώνησε
1,σχολείου
1,σχολείων
1,σχολική
1,σχωρέσ'
1,σωθούν
1,σώμα
1,σώμα.
1,σωματάρχη
1,σωματάρχης
1,σωματική
1,σώπαινε!
1,σώπασε.
1,σωπάσει
1,σωπάσει.
1,σωπάσεις
1,σωρό!
1,σωροί
1,σώσει
1,σώσει,
1,σωστά
1,σωστά;
1,σωστό;
1,σώσω,
1,τα,
1,ταβέρνα;
1,ταβέρνες
1,τακτικά
1,τακτοποιήσει
1,ταλαιπωράκης
1,ταλέντο
1,ταμείο
1,'ταν
1,τάξη.
1,ταξίδι,
1,ταπεινοί
1,ταπεινωμένο.
1,ταραγμένη
1,ταραγμένος
1,ταρακουνάει
1,ταραχθεί,
1,ταράχθηκαν,
1,ταράχθηκε
1,ταράχτηκαν,
1,ταράχτηκε
1,τάφο
1,ταψί.
1,τείνοντας
1,τειχογύριζαν
1,τελεία
1,τελείες
1,τελειώνει
1,τελειώνεις
1,τελειώνουμε
1,τελειώνουν
1,τελείως
1,τελείωσε,
1,τελειώσεις
1,τελειώσουν
1,τελετουργίες!
1,τελευταία.
1,τελευταίες
1,τελευταίος
1,τέλος,
1,τέλος;
1,τενεκεδένιο
1,τενεκές.
1,τέντζερέ
1,τεντωμένος
1,τεντώνει
1,τέρας
1,τεσσερις
1,τέτοια!
1,τέτοια.
1,τέτοιες
1,τέτοιο,
1,τέτοιοι
1,τέτοιον
1,τέτοιους!
1,τετραγωνάκια
1,τετραδίων
1,τέχνη
1,τεχνητής
1,τζάκι
1,τζάκι.
1,τζάμια
1,τζοτζέ,
1,τηλεγραφική
1,τηλέφωνα
1,τηλέφωνό
1,τηλεφώνου
1,την!
1,της!
1,τί
1,τι!
1,τιμημένη
1,τίμια
1,τίμιοι
1,τίμιος
1,τιμωρήσεις
1,τιμωρούσε.
1,τινάχτηκε
1,τίνος
1,τίτλους,
1,τίτλους.
1,το!
1,το.
1,τοίχο.
1,τοίχοι
1,τοίχους
1,τοίχους.
1,τολμήσω!
1,τον.
1,τονίζοντας
1,τόξα
1,τόξο
1,τόξο!
1,τόπο,
1,τοποθεσίας
1,τοποθέτησαν
1,τόπος.
1,τόπου
1,τόρνο.
1,τόσα.
1,τόσην
1,τόσο!
1,τόσο,
1,τόσον
1,τόσος
1,τόσους
1,τού
1,τούμπα
1,τους!
1,τούτη
1,τούτον
1,τούτος
1,τούτος!
1,τραβηγμένο
1,τράβηξα
1,τραβήξουν
1,τραβήχθηκε
1,τραβούμε,
1,τραβούσα
1,τραβούσαν
1,τραβώ
1,τραγούδι
1,τραγούδια
1,τραγουδιστά
1,τραγουδώντας
1,τρανά
1,τρανός
1,τράνταξε,
1,τρανταχτερή
1,τραπέζ
1,τραπεζαρία,
1,τραπεζαρία.
1,τραπέζι,
1,τραπέζια
1,τραπεζίτη.
1,τράπηκε
1,τραχηλιά.
1,τρελάθηκα
1,τρελάθηκα,
1,τρελάθηκαν
1,τρελό
1,τρελόρεμα
1,τρελόρεμα,
1,τρέμανε
1,τρέμει
1,τρεμουλιαστή
1,τρέξει,
1,τρέξεις!
1,τρέξιμο
1,τρέφεις
1,τρέφω
1,τρεχάτε,
1,τρεχάτη
1,τρέχετε;
1,τρέχουσας
1,τρέχω
1,τριάντα
1,τριανταφυλλιά
1,τρίβει
1,τρίτο
1,τρίτος
1,τρομάζεις
1,τρομάξαμε
1,τρομάξω
1,τρομάρα.
1,τρομερό,
1,τρόμο
1,τρόμος,
1,τροποποιήθηκε
1,τρόπους!
1,τρόπων
1,τροφαντά
1,τροφαντό
1,τροχούς.
1,τρύπες.
1,τρυπημένη
1,τρύπησαν.
1,τρύπια
1,τρώγει
1,τρώγει.
1,τρώμε
1,τρώνε
1,τρως;
1,τσάι
1,τσάκισε
1,τσάπα
1,τσάπα,
1,τσατιστούν
1,τσεκούρι
1,τσέπη;
1,τσιγάριζε
1,τσιμπίδα.
1,τσιμπούν
1,τσινάνε
1,τσιριχτό
1,τσίρο.
1,τσίροι
1,τσίροι.
1,τσοπάνη
1,τσουγκρανιά
1,τσούζει
1,τσούζει.
1,τύλιγε
1,τυποδέψουν.
1,τύπος,
1,τυφλούς.
1,τύφλωνε
1,τύχει
1,τυχερές
1,τυχερό
1,τύχη,
1,τω
1,υβριστικά
1,υγεία
1,υγρασία.
1,υιοθετεί
1,υλοτομία
1,υπαγόρευσε
1,υπαλλήλους
1,υπάρχει!
1,υπάρχει,
1,υπάρχει;
1,υπάρχουν
1,υπασπιστές.
1,υπερήφανα.
1,υπερήφανο
1,υπηρεσίας
1,υπηρέτες;
1,ύπνο;
1,ύπνος
1,ύπνου
1,υπό
1,υπογραφή
1,υποκλιθεί
1,υποκλίθηκε.
1,υποκλίθηκες
1,υπόληψη
1,υπολογιστών
1,υποστηρίζεται
1,υποστράτηγο!
1,υποστράτηγος
1,υπόστρωμα
1,υποσχέθηκα
1,υπουργείο
1,υποχρεώνει
1,υποχρεώσεις
1,υποψιάζουνταν
1,ύστερα.
1,υφάσματα;
1,υφασμένο
1,φαγάκι.
1,φαγί!
1,φαγιά
1,φάγουν
1,φάγουν.
1,φαγωθούν
1,φάει,
1,φαίνεσαι
1,φαίνεται.
1,φαίνονται
1,φαίνουνταν,
1,φάμε!
1,φάμε.
1,φαμελική
1,φαμελίτες
1,φαν
1,φανάρι,
1,φαναριού.
1,φάνε.
1,φανεί
1,φάνηκε,
1,φανταζόμουν
1,φαντασιώσεις
1,φαντάσου
1,φανταστικούς
1,φανταχτερό!
1,φανώ
1,φάρας!
1,φαρδείς
1,φάρμακα
1,φάρμακό
1,φας
1,φεγγάρι
1,φελούκα
1,φελούκα.
1,φελούκας
1,φελούκες.
1,φέξει
1,φέρ'
1,φέρετε
1,φερθώ!
1,φέρτε
1,φέρω.
1,φέτα
1,φευγαλέο
1,φεύγει
1,φεύγει,
1,φεύγει;
1,φεύγεις,
1,φεύγετε!
1,φευγιό;
1,φεύγομε
1,φεύγοντας
1,φεύγοντας.
1,φεύγουν.
1,φεύγω
1,φθάναμε
1,φθάνει,
1,φθάνοντας
1,φθάνουν,
1,φθάνουν.
1,φθάνουν;
1,φθάσομε.
1,φθάσουν.
1,φθάσω,
1,φθάσω.
1,φθόνο
1,φθόνο.
1,φίλε,
1,φιλέψω
1,φίλη
1,φιλήθηκαν
1,φίλησαν
1,φίλησες
1,φιλί
1,φιλικά
1,φίλο,
1,φιλοξενήσουν.
1,φιλοξενία,
1,φιλοτιμία
1,φίλου
1,φλαμίνγκο
1,φλαμούρι
1,φλόγα
1,φλόγας
1,φοβάσαι
1,φοβάσαι,
1,φοβάστε
1,φοβάστε!
1,φοβάστε.
1,φοβάστε;
1,φοβερά
1,φοβέρα
1,φοβερά!
1,φοβέρας,
1,φοβερίζεις
1,φοβέρισε
1,φοβηθεί;
1,φοβηθείς!
1,φοβήθηκε
1,φοβισμένα.
1,φοβισμένη
1,φοβισμένος
1,φοβιτσιάρη!
1,φόβο!
1,φόβο,
1,φόβο.
1,φόβος
1,φοβούμαι
1,φοβούνταν
1,φόβους
1,φοιτήτρια
1,φονιάδες.
1,φόνοι.
1,φορέα
1,φορείς
1,φόρεμα
1,φόρεμά
1,φορέματα,
1,φορέματα.
1,φόρεσε
1,φορεσιά
1,φορεσιές
1,φορούσε
1,φορούσε,
1,φορτίο
1,φόρτωμα
1,φορτωμένος
1,φόρτωναν
1,φόρτωσε
1,φουντωμένο
1,φούντωνε,
1,φουρκισμένη
1,φουρκισμένος
1,φουρκισμένος.
1,φουρνέλο.
1,φουρτούνα.
1,φουσκωμένο
1,φουστάνια.
1,φούστας
1,φραγκιά.
1,φράουλες!
1,φράουλες.
1,φραουλιά.
1,φρένιασε.
1,φρίκη
1,φρίκη.
1,φρικτή
1,φρίξεις!
1,φριχτό
1,φροντίδα
1,φροντίζει
1,φροντίζομε
1,φρόντισε
1,φροντίσουν
1,φρουρά,
1,φρουρά;
1,φρουραρχείου.
1,φρούραρχο
1,φρούραρχο,
1,φρούραρχος
1,φρούραρχος,
1,φρούραρχος.
1,φρούτα
1,φρύδι
1,φρύδια
1,φταίει
1,φταις
1,φτερούγιζαν
1,φτερουγίζοντας
1,φτιάνει
1,φτιάσω
1,φτυαράκι.
1,φτύσουμε
1,φτωχικού
1,φτωχό
1,φτωχοί
1,φτωχολογιά
1,φτωχόπαιδο
1,φτωχός
1,φτωχούλης
1,φύγανε
1,φύγατε;
1,φύγε,
1,φύγει,
1,φύγεις,
1,φύγεις;
1,φύγετε
1,φυγή
1,φυγή.
1,φύγομε
1,φύγομε.
1,φύγουμε
1,φύγουν
1,φύγω!
1,φύγω.
1,φυλάγει.
1,φυλάγεις
1,φυλάγοντας
1,φυλάγω
1,φυλακές
1,φυλακή;
1,φυλακισμένοι,
1,φύλαξε
1,φύλλα
1,φυλλαράκι
1,φύλλο
1,φύλλο,
1,φυσικά
1,φυσική
1,φυσικό
1,φυτεύω
1,φυτό
1,φωλιάζουν
1,φωλιές
1,φωνάζει.
1,φωνάζετε
1,φωνάζοντας
1,φώναξα
1,φωνάξει.
1,φωνάξεις
1,φώναξες
1,φώναξες.
1,φωνάξετε
1,φωνάξουμε
1,φωνάξουν
1,φωνές;
1,φωνήεντα
1,φως.
1,φωτεινά
1,φωτεινή
1,φωτιά!
1,φωτιά.
1,φώτιζε
1,φωτισμένο.
1,φωτίσω
1,φωτογραφία
1,χαδιάρικα.
1,χαθεί
1,χάθηκαν
1,χάθηκε!
1,χαιρετά
1,χαιρέτησαν
1,χαιρετήσει
1,χαιρετήσετε
1,χαιρετήσουν
1,χαιρέτισε
1,χαιρετίσματα
1,χαιρετισμό
1,χαιρετώντας
1,χαίρονταν
1,χαίρουνταν
1,χαλάζι
1,χαλαρή
1,χαλάρωσε
1,χαλάσεις
1,χαλάσματα,
1,χαλάσω
1,χαλί
1,χαλί.
1,χάλια
1,χάλια.
1,χαμένα
1,χαμένο
1,χαμηλοπετούσε
1,χαμηλότερα.
1,χαμογέλασαν
1,χαμογελάσει
1,χαμογελαστή
1,χαμόγελο!
1,χαμόγελο.
1,χαμογελούσε
1,χαμόδεντρα
1,χαμόκλαδα.
1,χάνει
1,χάνεις
1,χάνεται
1,χάνεται!
1,χάνετε
1,χάνομε
1,χάνοντας
1,χαντάκια.
1,χάντρες
1,χάος
1,χαρά!
1,χαρακτηριστικό
1,χαραμάδα
1,χαρανί
1,χαρανί.
1,χάραξε
1,χαρείς
1,χαρές
1,χάρη.
1,χαρίζει.
1,χαρίσει
1,χάρισμα
1,χαριστής
1,χαρίσω
1,χαρούμενο
1,χαρούμενος,
1,χαρτάκια
1,χαρτιά
1,χαρώ
1,χαρώ!
1,χαρώ,
1,'χάσε
1,χάσει.
1,χάσεις
1,χάσουμε
1,χάσω
1,χαχανίζοντας.
1,χειμώνας
1,χειράμαξα;
1,χειροκροτήματα
1,χειρονομίες.
1,χειρότερα!
1,χειρότεροι
1,χειρότερος.
1,χειρότερους
1,χέρι,
1,χέρια!
1,χέρια,
1,χημικά
1,χήνες
1,χήνες.
1,χθες,
1,χθες.
1,χιλιάδων
1,χιλίαρχος
1,χίλιες-δυο
1,χιόνια
1,χιόνια,
1,χλωμό.
1,χλωμοί
1,χολόσκανε
1,χοντρό
1,χοντροί
1,χοντρός
1,χοροπηδούσαν,
1,χοροπηδούσε
1,χορούς
1,χόρτα!
1,χορτάρι,
1,χορταρικά
1,χορταρικά,
1,χορτάσεις.
1,'χουν
1,χρειάζεται,
1,χρειαζόμαστε.
1,χρειάζονται
1,χρειάζουνταν
1,χρειάζουνταν!
1,χρειαστεί
1,χρειαστείς
1,χρειάστηκαν
1,χρεωστώ
1,χρεωστώ.
1,χρησιμεύσει
1,χρησιμοποιείτε
1,χρησιμοποιήσει
1,χρησιμοποιώντας
1,χρήσιμος
1,χρηστική
1,χρόνια,
1,χρονών.
1,χρυσής
1,χρωματιστό
1,χτένι
1,χτίζει
1,χτίζει,
1,χτίζουνταν
1,χτίσω
1,χτύπησες
1,χτυπήσομε
1,χτυπιούνταν
1,χτυπούν
1,χυδαίοι.
1,χύθηκε
1,'χω
1,χωμένα
1,χωνέψει
1,χωνί,
1,χώνουνταν
1,χώνω
1,χώρα!
1,χώρα;
1,χώρας
1,χωρατά
1,χωρατεύω,
1,χωράφια!
1,χωράφια,
1,χωράφια.
1,χωρεί
1,χώρες
1,χώρες.
1,χωριά.
1,χώριζαν
1,χωρικοί
1,χωρικοί,
1,χωρικοί.
1,χωρικού
1,χωριουδάκι
1,χώρισε
1,χωρίσει
1,χωρίστηκαν
1,χωρούσε
1,χωροφύλακας,
1,χωροφύλακες
1,χώσεις
1,χώσω
1,ψέλλισε
1,ψέλλισε,
1,ψέματα
1,ψεύτη
1,ψηθεί.
1,ψηλά.
1,ψηλής
1,ψηλότερα
1,ψηλώνει
1,ψημένα
1,ψημένες,
1,ψήνει
1,ψήσε
1,ψήσω
1,ψηφία
1,ψιθυρίσματα
1,ψοφήσουν
1,ψυχή.
1,ψυχής
1,ψυχίατρος
1,ψωμί!
1,ψωμί,
1,ω!
1,ωμέγα
1,ώμο,
1,ώμοι
1,ωραία!
1,ωραίε
1,ωραίο!
1,ωραίο;
1,ώραν.
1,ώρες.
1,ώρες;
1,ωριμάζανε
1,ώριμη
1,ωρολόγι.
1,ωστόσο.
1,ωφέλεια
1,ωφεληθεί
1,ωφεληθείς
1,ωφελήσει
1,ωφελούμε
2,-
2,‘μεις
2,«αντάρα»
2,αγάπησες.
2,αγελάδες
2,αγόραζα
2,αγοράζει,
2,αγοριού.
2,αγριόπουλα
2,αγριόχορτα
2,αδειανό.
2,άδειο
2,αδελφής
2,αδύνατο
2,ακολούθα
2,ακολούθησαν
2,ακολουθούσαν
2,ακολουθούσε
2,άκου
2,ακούουνταν
2,άκουσα.
2,άκουσαν
2,άκουσες,
2,ακούσουν.
2,αλήθεια.
2,άλλα!
2,άλλαξε
2,άλλοι.
2,άλλοτε
2,άλλους,
2,άλλους.
2,άλογο,
2,αμαξάκι
2,αμάξια
2,αμαρτία
2,αμαρτία!
2,αμέσως!
2,αναδασωτέα
2,αναζήτησης
2,αναμμένο
2,αναπήδησε.
2,αναποδογύρισε
2,ανάπτυξης
2,ανασηκώθηκε.
2,αναστενάζοντας
2,ανατινάχθηκε.
2,ανατρίχιασαν,
2,ανέβαινε
2,ανήσυχα.
2,άνθρωπε
2,άνοιξε!
2,ανοιχτό
2,άντε
2,αντικρινό
2,αντίκρυ;
2,αντίτιμο
2,αξία
2,αξίζει.
2,αξιώματος
2,απ’
2,απαντήσει
2,απαντήσει.
2,απάντηση
2,απασχολημένη
2,απεικονίζεται
2,απεναντίας
2,απλώνοντας
2,απλώνουνταν
2,απόγευμα.
2,αποθαρρυμένος
2,αποκαμωμένος.
2,αποκατάσταση
2,αποκοιμήθηκε
2,αποκριθεί
2,αποκριθεί.
2,απόκριση.
2,απομάκρυνε
2,αποφασιστικά
2,αποχαιρέτησαν
2,αποχαιρετήσει,
2,αργότερα,
2,αργότερα.
2,άρεσε
2,αρέσουν
2,αριστερό
2,αρκετά
2,άρματα
2,αρμέγεις
2,αρνητικά
2,αρνιά
2,αρχή
2,αρχικαγκελάριο.
2,αρχικαγκελάριου
2,άρχισε.
2,άρχοντας.
2,αρχοντόπουλά
2,αρχοντόπουλο
2,ασημένια.
2,ασθενής
2,ασθενών
2,αστικών
2,αστόχαστου
2,αστραπή,
2,άσχημα
2,αταξία
2,ατάραχος
2,άτομο
2,αυγά,
2,αυγά.
2,αυγή
2,αυστηρά
2,αυτά!
2,αυτά,
2,αυτής
2,αυτοί.
2,αυτοί;
2,αυτόν.
2,αυτός,
2,αυτός;
2,αυτουνού
2,αφανέρωτο
2,αφεντάδες
2,αφήνει
2,αφήσει
2,αφιλόξενο
2,άφωνος.
2,άχαρη
2,αχτίδες
2,άχυρα
2,βάζω
2,βαθύ
2,βάλε
2,βάλτε
2,βάλω
2,βάραθρο
2,βαρέθηκε
2,βαριούμαι
2,βάρκα
2,βάρκες
2,βάσανα
2,βασιλεία!
2,βασιλέψει
2,βασιλικό
2,βασίλισσα,
2,βασιλόπουλου.
2,βγάζοντας
2,βγάζουν
2,βγάλεις
2,βγάλτε
2,βγάλω
2,βγήκα
2,βέβαια.
2,βέλος
2,βιαζόταν
2,βιαστικά,
2,βιαστική
2,βιολογικών
2,βλάστηση
2,βλάστησης
2,βλέπεις;
2,βοηθήσεις
2,βοηθήσεις;
2,βοηθήσω
2,βουνό,
2,βράχους
2,βρήκες
2,βρίσκεις
2,βρίσκονται
2,βροντοφώνησε
2,βρούμε.
2,βρω,
2,βρω.
2,βρώμικο
2,γέλια
2,γελώντας
2,γεμάτα
2,γέμιζαν
2,γέμιζε
2,γέμισαν
2,γεννηθεί
2,γερο
2,γερο-κακομοίρη,
2,γερο-πλάτανος.
2,γερο-φρούραρχο
2,γης
2,γιατρό
2,γιαχνί.
2,γίνουν
2,γκρεμισμένο
2,γκρεμίστηκε
2,γλιτώσεις
2,γλυκιά
2,γνώσης
2,γόνατά
2,γονάτισε
2,γουρλωμένα
2,γράμμα,
2,γραμμένα
2,γρήγορα!
2,γριά.
2,γυμνά
2,γυναίκες.
2,γυρεύεις
2,γυρεύεις,
2,γυρέψει
2,γύριζα
2,γύρισες
2,γυρνά
2,δαδί
2,δασαρχείου
2,δάσκαλο
2,δάσος,
2,δάσους
2,δάχτυλο
2,δείξε
2,δείρουν
2,δέμα
2,δεμένες
2,δέντρα,
2,δέντρο
2,δέσει
2,δεσμοφύλακα
2,δεσμοφύλακας
2,δέχεται
2,δημόσια
2,δήμου
2,διάγραμμα
2,διάθεση
2,διαταγή
2,διάταξε
2,διαχείρισης
2,δικά
2,δικαιοσύνη!
2,δικαστή
2,δικαστήρια!
2,δίκη
2,δίνοντας
2,δίνω
2,δίπλα
2,διπλό
2,δίπλωσε
2,δισταχτικά
2,δοκιμάσω.
2,δόξα
2,δουλειά,
2,δούλευα
2,δούλευαν
2,δουλεύεις
2,δουλεύουν
2,δουλέψεις
2,δουλέψω
2,δούλο
2,δούμε
2,δρόμοι
2,δροσερό
2,δυνατόν
2,δυνατός
2,δυο-τρία
2,δυσκολευόταν
2,δυσκολίες
2,δω;
2,δώδεκα
2,δωμάτια
2,δωμάτιό
2,δωμάτιο.
2,δώρο,
2,δώστε
2,έβγαζε
2,εβδομάδα
2,έβρισε
2,έβρισκα
2,έβρισκες
2,έγειρε
2,έγνεψε
2,εγώ;
2,έδεσαν
2,έδινε
2,εδόθη.
2,εδώ!
2,είδαν,
2,είδε.
2,είδες;
2,ειδήσεις.
2,είμαι,
2,είπα,
2,είπα.
2,είπες,
2,είπες;
2,ειρηνούλα!
2,ειρωνεία
2,είσαι;
2,είτε
2,είχε.
2,εκατόν
2,έκλαψε
2,έκλεψα
2,έκλεψες
2,έκταση
2,εκτός
2,ελάτε,
2,ελάφι;
2,έλθω
2,ελπίδα
2,ελπίζεις
2,έλυσε
2,έμαθε
2,εμβαδού
2,έμεναν
2,έμοιαζε
2,έμπα
2,έμπαιναν
2,ένας.
2,ενθουσιασμένα
2,ενθουσιασμό
2,ενθουσιασμό.
2,ενόσω
2,ενωμένες
2,εξακολούθησε.
2,εξαφανίσου
2,εξέτασε
2,εξηγεί
2,εξήγησε.
2,εξηγήσει
2,εξήγηση
2,εξοργισμένο
2,εξοχότητά
2,έξω!
2,επειδή
2,έπειτα
2,έπιασαν
2,επίδραση
2,έπιπλο
2,επιτέλους,
2,επιτέλους;
2,εργαλεία
2,εργάτες
2,ερειπωμένο
2,ερημιά.
2,έρχουνταν
2,έσερνε
2,εσήμανε
2,έσκυψε,
2,έσπασε
2,εσπρέσο,
2,έστελνε
2,έστριψε
2,εσύ;
2,έσυραν
2,έσυρε
2,ετοιμάζεται
2,ετοιμάζονταν
2,έτρεχε.
2,ευβοίας
2,ευκαιρία
2,εύκολα
2,ευπαθή
2,ευχαριστημένος
2,ευχαρίστησαν
2,ευχαριστώ
2,έφαγε
2,έφερα.
2,έφεραν
2,έφερες
2,έφθανε
2,έφυγε,
2,έχασα
2,έχασε.
2,έχει.
2,έχουμε,
2,έχω,
2,έχω.
2,έχωσε
2,έψησε
2,ζευγάρι.
2,ζηλευτά
2,ζήλιω,
2,ζήλιως
2,ζήσε
2,ζήσει!
2,ζήσεις
2,ζητήσεις
2,ζητούμε
2,ζουν
2,ζούσε
2,ζύγωσε
2,ζωής.
2,ζώνη.
2,ήλθες
2,ημέρα
2,ημέρας
2,ήξερε.
2,ήρωα,
2,ηρωική
2,ήχος
2,θέλετε
2,θέλετε,
2,θέλησαν
2,θέλουν
2,θεό
2,θεό!
2,θεού
2,θησαυρός
2,θησαυρούς
2,θρέψει
2,θυμήσου
2,θυμόταν
2,θυμούμαι
2,θυμούνταν
2,θυμωμένες
2,θυσίες.
2,ιδέα
2,ίδιο.
2,ίδιος
2,ικανοποιημένος
2,ιστιαίας
2,ίσως.
2,καβγάδες
2,καβγάς
2,καθένα
2,κάθεσαι
2,καθήστε,
2,καθίσομε
2,καθίστε,
2,κάθονται
2,κάθονταν
2,καθόταν
2,καινούριες
2,καιρούς
2,κακιώματα
2,κακομοιρίδη;
2,κακομοιρίδης,
2,κακοριζικιά
2,κακός
2,κακού.
2,καλά!
2,καλές,
2,καλλιέργειας
2,καλό,
2,καλό.
2,καλός
2,καλύτερος
2,καλώς
2,κάμαρα.
2,κάμαρας,
2,κάμποσες
2,καμπούρα
2,κάναμε
2,κάνε
2,κάνει.
2,κανένα.
2,κανένας,
2,κάνω.
2,κάπως
2,καρέγλα
2,καρφωμένη
2,καταγής
2,καταδέχεσαι
2,κατακόκκινη
2,καταλαβαίνει.
2,καταλαβαίνω,
2,κατάλαβε.
2,κατάσταση
2,κατάφερε
2,καταφέρω
2,κατέβασε
2,κατευθύνθηκε
2,κατοικήσιμος.
2,κατρακύλησε
2,κατσίκες.
2,κατσουφιασμένος
2,κει,
2,κείνα
2,κείνους
2,κέντημα
2,κέρδος.
2,κέρδος;
2,κηρύσσουμε
2,κιόλα
2,κιόλα;
2,κλαδί
2,κλαις,
2,κλάματα
2,κλειδάκι
2,κλειδιά
2,κλειδιά,
2,κλείδωσε
2,κλέφτης
2,κλέφτης.
2,κλεφτόπαιδο
2,κλέψανε,
2,κοιλιά
2,κοιμάται
2,κοιμάται.
2,κοιμήσου
2,κοίταζαν
2,κοιτάζοντας
2,κοίταξαν
2,κοίταξε.
2,κοιτάξει.
2,κοιτάς
2,κόκαλα
2,κοκκίνιζε
2,κόμμα
2,κομμένη
2,κοντοστάθηκε.
2,κοπελίτσα
2,κόπηκαν
2,κόπο.
2,κορδέλες
2,κορμός
2,κοροϊδευτικά.
2,κόρφο
2,κότες.
2,κουβαλούσε
2,κουβέντιαζαν.
2,κουβεντιάζοντας
2,κουδούνιζε
2,κουζίνα
2,κουνέλια
2,κουπάκια
2,κουρελιάρηδες
2,κουρελιασμένη
2,κουρελιασμένο
2,κούτσα
2,κουτσή
2,κουτσοζεί,
2,κουτσοζεί.
2,κουτσός
2,κράτησες
2,κράτους,
2,κράτους.
2,κρέας
2,κρεβάτι,
2,κρεμασμένα
2,κρεμαστά
2,κρεμαστάρι
2,κρεμάστηκε
2,κρίμα;
2,κρύβοντας
2,κυλήσει
2,κυνηγάς
2,κυνήγησε
2,κυνήγι.
2,κυπρί
2,κυρά
2,κυρα-βασιλοπούλα
2,κυρα-φρόνηση
2,κύριε
2,κυρίως
2,κυρ-λαγόκαρδε,
2,κυρ-λαγόκαρδου.
2,κυρ-πανουργάκου.
2,λαγόκαρδο
2,λάθος
2,λαιμού
2,λαμπρό
2,λαχανιασμένος
2,λαχανικά.
2,λαχτάρα.
2,λέγε,
2,λέγω.
2,λείπουν
2,λένε,
2,λέξη
2,λεπτό
2,λεωφορείου
2,λιγάκι
2,λίγο,
2,λιωμένα
2,λιωμένο
2,λογαριασμό
2,λόγια,
2,λόγου
2,λόγχη
2,λουρί
2,λυγμούς.
2,λυπάμαι
2,λυπημένα
2,μα,
2,μάγειρα
2,μαζεμένοι
2,μάζεψα
2,μάζεψαν
2,μαζέψουν
2,μαζέψω
2,μαθαίνουν
2,μάθει.
2,μάθησης
2,μαθητές
2,μαϊμού
2,μακριά!
2,μακρύτερα
2,μάλιστα
2,μάνα
2,μανίκια
2,μαντιλοδεμένο
2,μαρία
2,μας!
2,μας;
2,μάτι.
2,ματιά.
2,μάτσο
2,με,
2,μελαγχολικά.
2,μένουν
2,μέρη.
2,μεριά
2,μερμήγκια
2,μέταλλο
2,μεταξύ
2,μεταξωτό
2,μετρημένα
2,μέτρων
2,μήλα,
2,μήτσο,
2,μικρή,
2,μιλάς
2,μιλάω
2,μίλησε.
2,μιλούσε
2,μισοσβησμένα
2,μοιάζει
2,μοιρολάτρων
2,μονοχέρη!
2,μουρμούρισαν
2,μουσαφιρέοι
2,μπερμπάντηδες
2,μπερμπάντης
2,μπόλικα
2,μπορούσες
2,μπορώ,
2,μυαλά
2,μυστικά
2,ναύσταθμο.
2,ναύτη.
2,νέα.
2,νερό,
2,νερό.
2,νευρικά.
2,νιάτα
2,νίκη
2,νίκησε.
2,νιώθω
2,νοιάστηκε
2,νομίζει
2,ντροπή
2,νυχτώσει
2,ξαναγύρισε
2,ξαναπεί
2,ξανάρθουν
2,ξανάρχιζε
2,ξαναρχίσει
2,ξανθή
2,ξαπλωμένη
2,ξαπλωμένο
2,ξαφνίστηκε.
2,ξεκαρδίστηκαν
2,ξεκαρδίστηκε
2,ξέκοβε
2,ξεκουραστεί.
2,ξένα!
2,ξένα,
2,ξένο
2,ξεπετάχθηκε
2,ξεπούλησε
2,ξέρει!
2,ξέρεις,
2,ξέρουν
2,ξέρω!
2,ξέσπασαν
2,ξεστομίσει
2,ξέφυγε
2,ξεφώνιζε
2,ξέχασε
2,ξεχάσει
2,ξεχάσομε.
2,ξεχάσω
2,ξεχνά
2,ξεχνώντας
2,ξεχώριζε
2,ξεψύχησε.
2,ξυλαράκια
2,ξυπνούσε
2,οδηγούσε
2,ολόγυρα
2,όλοι!
2,όλοι,
2,όλον
2,όλους,
2,όλους.
2,όμορφα
2,ομορφιές
2,οποία
2,οποίας
2,οποίο
2,οπόταν
2,όπου,
2,όρεξη.
2,όση
2,πάγκο
2,παγώσει
2,παιδί.
2,παιδιά!
2,παιδιά.
2,παίζοντας
2,παίρνοντας
2,παίρνουν
2,παιχνίδι
2,παλάτι;
2,παλατιανό
2,πάλι,
2,παλικάρι.
2,παλιοφελούκες
2,πάμε;
2,παναγία
2,πανέρι,
2,πανέρια
2,πανουργάκο.
2,πανουργάκος,
2,πάντα.
2,παντού,
2,παπούτσι
2,παππού
2,παράγγειλε
2,παράδειγμα
2,παράδειγμα.
2,παράδες
2,παράθυρο,
2,παράθυρο.
2,παραθύρου
2,παραισθήσεις
2,παρακάλεσε.
2,παρακαλώ
2,παρακάτω
2,παρακόρη.
2,παραμάγειρας
2,παραμερίζοντας
2,παραμύθια
2,παραπάνω
2,παρατήρησαν
2,παρατήρησε
2,παράτησαν
2,παρατήσεις
2,παραφέντης
2,πάρει.
2,παρελθόν.
2,παρούσας,
2,παρουσιάστηκε
2,πάρτι
2,παρών.
2,πας;
2,πατέρα.
2,πατίνι
2,πάτο.
2,πατρίδα.
2,πατριώτες!
2,πατριώτες,
2,πέδιλα
2,πεθαμένο
2,πέθανε,
2,πεινασμένα
2,πεις
2,πεις;
2,πελάτη
2,πέντε-έξι
2,περάσεις
2,περασμένη
2,περγαμηνή
2,περήφανα
2,περιβάλλοντος
2,περιέργεια
2,περίλυπη
2,περίμενα,
2,περίμενες
2,περίπατο
2,περιττό,
2,περιφερείας
2,περιφρονητικά
2,περνά.
2,περνούσα
2,περνούσε
2,περνούσες
2,περπατά
2,περπατούσε
2,πέταξε
2,πέτρα
2,πέφτοντας
2,πια,
2,πιατέλα
2,πικρά.
2,πίνει
2,πισθάγκωνα
2,πιστοποίηση
2,πίσω,
2,πλάκα
2,πλαστικό
2,πλατεία,
2,πλατείας
2,πληγωμένο
2,πληροφορίες
2,πληρώνω.
2,πλήρωσα!
2,πληρώσω
2,πλησιάσει
2,πλουμιστή
2,πόδια.
2,ποια
2,ποιον
2,ποιος;
2,πολλά,
2,πολύδωρου.
2,πολύκαρπε,
2,πολύκαρπος.
2,πολύκαρπου
2,πολύτιμο
2,πόρτα,
2,πόση
2,ποτάμι!
2,ποτάμι,
2,ποταμού,
2,ποταμού.
2,ποτέ.
2,ποτήρι
2,πούλησε,
2,πουλήσει
2,πουλί
2,πούμε
2,πράσινο
2,πρήστηκαν
2,προδότης
2,προδώσει.
2,προσβολή
2,προσκλητήριο
2,προσκόπους
2,προσοχή.
2,προσπαθώντας
2,πρόσφερε
2,προσωπική
2,πρόταση
2,πρότεινε
2,προτείνεις
2,προτείνεις;
2,προχωρήσουν
2,πρύμη
2,πρωί.
2,πρωινή
2,πρώτη.
2,πρωτομάστορη,
2,πρώτος
2,πτώμα
2,πω;
2,ραγισμένο
2,ράχη
2,ράψει
2,ρίζα
2,ρίξου
2,ρίχνω
2,ρόδα
2,ρόδινα
2,ρούχα.
2,ρωτάς
2,ρωτήσουμε
2,ρωτήσουν
2,ρωτήσω
2,σαΐτα
2,σανίδα
2,σανίδα.
2,σαστίζει
2,σεις!
2,σεις,
2,σείστηκαν,
2,σέναν
2,σηκώθηκε,
2,σηκώνει
2,σηκώνοντας
2,σηκώνουνταν
2,σήκωσαν
2,σηκώσει
2,σηκώσω
2,σημάδι
2,σήμερα,
2,σίγουρα
2,σίγουρος
2,σιδεράς,
2,σίδερο.
2,σιωπηλά,
2,σκάλα
2,σκαλοπάτια
2,σκάλωσε
2,σκαρφαλώνοντας
2,σκάψει
2,σκέπαζαν
2,σκέπασμα
2,σκεπαστεί
2,σκέφθηκα
2,σκηνές
2,σκηνή
2,σκήπτρο
2,σκιά
2,σκίνος
2,σκοινί.
2,σκοπό,
2,σκοτεινά
2,σκοτώσω
2,σκουντούφλησε
2,σκύβοντας
2,σοβαρά
2,σοδειές
2,σούφρωσε
2,σπάσετε
2,σπίτι,
2,σπούσαν
2,στ’
2,σταματήσει
2,σταματώντας
2,στάμνα
2,στάσου,
2,στείλεις
2,στέλνει
2,στέλνω
2,στέναξε
2,στερέωσε
2,στεριά
2,στόλαρχο,
2,στόλαρχοι
2,στόλαρχος;
2,στολίστηκα
2,στόλος
2,στόλος,
2,στρατηγό
2,στρατηγό,
2,στρατηγός
2,στρατιώτες!
2,στρατιώτη
2,στρατό,
2,στρατό;
2,στρατόπεδο
2,στρωμένο
2,συ;
2,συζήτηση
2,συλλογή
2,συλλογίζομαι,
2,συλλογισμένος.
2,συλλογίστηκε
2,συμβουλές
2,συμμαζέψει
2,συμπάθεια.
2,συμφέρον
2,συναγερμός
2,συνάμα
2,συνένοχος
2,συνηθισμένα
2,συνολικού
2,συρτάρια
2,συσκευασμένα
2,σχέδιο
2,σωματάρχη!
2,σωριάστηκε
2,τάλιρα
2,τάλιρα.
2,ταξίδι
2,ταραγμένος,
2,ταραχή
2,τάφος
2,τελειωμένη
2,τελείωσε
2,τελειώσουν.
2,τελικά
2,τέλος!
2,τέλος.
2,τεμπέλικα
2,τεσσάρων
2,τέσσερα
2,τέσσερεις
2,τετραγωνικών
2,τζοτζέ
2,τζοτζέ.
2,τζοτζές.
2,τολμήσει
2,τόπο!
2,τόπο.
2,τοπογραφικό
2,τόσες
2,τόσοι
2,τότε.
2,τούτα
2,τραβάτε
2,τράβηξαν
2,τραβήξει
2,τραγουδώ
2,τρέμοντας.
2,τρεμουλιάρικη
2,τρεμουλιαστά
2,τρέξιμο.
2,τρεχάτος,
2,τρεχάτος.
2,τρέχεις
2,τρέχετε
2,τριών
2,τρομαγμένες
2,τρομαγμένη
2,τρομαγμένος
2,τρόμαξαν,
2,τρόπος
2,τρύπα
2,τρύπησε
2,τσέπες
2,τσέπη.
2,τσιμπούκι
2,τσίρους
2,τυλιγμένο
2,τυλιγμένος
2,τυλίχθηκε
2,τύπος
2,ύπαρξη
2,ύπαρξής
2,υπέρτατο
2,υπηρέτες
2,υποκλιθεί.
2,υπόκλιση.
2,υπομονετικά
2,υπομονή
2,υποχρέωσε
2,ύστερα,
2,φαγί,
2,φαγί.
2,φαγιά,
2,φάγω
2,φαίνεται,
2,φαίνονταν
2,φάκελο
2,φάμε
2,φάνηκαν
2,φαντάζεσαι
2,φαρδιά
2,φέρεις
2,φέρνω
2,φθάνουν
2,φθάσεις.
2,φθάσω
2,φίλους
2,φλέβες
2,φοβέριζαν
2,φορά.
2,φορεί
2,φορτωμένη
2,φορτωμένο
2,φούσκωνε
2,φράουλες
2,φρενιασμένος
2,φρενών
2,φρενών.
2,φρέσκα
2,φρουραρχείο
2,φταίγει
2,φτερά
2,φτιάνεις
2,φτιάσε
2,φτώχεια
2,φτωχοντυμένο
2,φύγαμε
2,φύγε
2,φύγεις
2,φυλακή,
2,φυλακής
2,φύλαξα
2,φυλλαράκια
2,φύλλωμα
2,φύσηξε
2,φώναζαν
2,φωνάξει
2,φωνές,
2,φωνή,
2,φως,
2,χάιδευε
2,χάιδεψε
2,χαμηλή
2,χαμηλόφωνα
2,χαμογελώντας
2,χαμόδεντρα.
2,χαμπάρι
2,χάμω,
2,χάμω.
2,χάρισε
2,χαρούμενος.
2,χαρτί.
2,χαρτοπετσέτα
2,χεράκια
2,χημειοθεραπεία
2,χλώμιασε.
2,χλωμός
2,χοντρά
2,χορτάρι
2,χρήση
2,χρησιμεύουν
2,χρόνο
2,χρυσό
2,χρυσοκέντητο
2,χρυσοϋφασμένη
2,χρώμα
2,χτίσεις
2,χτυπήσει
2,χτυπώντας
2,χύθηκαν
2,χώμα,
2,χώμα.
2,χώρας.
2,χώριζε
2,χώρο
2,χωροφύλακας
2,ψαρά
2,ψέματα.
2,ψηλό
2,ψωμί.
2,ώμους
2,ώρα!
2,ώρα;
2,ωραίο
3,«τρομάρα»
3,α,
3,αγκάθια
3,αγοριού
3,άδεια
3,άδειασε
3,αδελφάκια
3,αηδία
3,αιτία
3,ακουμπισμένο
3,ακούοντας
3,άκουσα
3,ακούσει
3,ακούσεις
3,ακούστηκαν
3,άκρες
3,ακροποταμιά
3,αλήθεια,
3,αλλάζοντας
3,αλλιώς
3,άλλος.
3,άλλους
3,άλογο;
3,αναμεταξύ
3,αναμμένα
3,αναστέναξε
3,άναψε
3,ανέβηκαν
3,άνθρωπο.
3,άνθρωπος,
3,ανθρώπους
3,ανοιχτή
3,ανοιχτό.
3,αντάμωσαν
3,αντίδραση
3,αξίζει
3,απάντησε
3,αποκρίθηκε,
3,απορία
3,απότομα.
3,απόψε.
3,αργά,
3,αργά.
3,αργοκούνησε
3,αργότερα
3,αρπάξει
3,άρρωστος
3,άρχιζε
3,αρχικαγκελάριό
3,αρχιστράτηγο.
3,ασημένια
3,αστείο
3,αστόχαστος
3,αυτές
3,αυτί
3,αφέντη;
3,αφεντιάς
3,αφήνεις
3,αφότου
3,βάθος
3,βασίλειο.
3,βγαίνοντας
3,βγήκαν
3,βελόνες
3,βιβλία
3,βλέπω
3,βραχνή
3,βρεις.
3,βρήκες;
3,γάλα
3,γειτονικά
3,γέμισε
3,γερο-βασιλιάς
3,γεύση
3,γέφυρα
3,γιατί;
3,γίνηκαν
3,γκρέμισε
3,γλύκα
3,γόνατα.
3,γράμματα!
3,γρήγορα.
3,γρόθο
3,γυαλάκια
3,γυναίκα
3,δάση
3,δασικού
3,δάχτυλα
3,δεσμοφύλακας.
3,διαβάζει
3,διάβασε
3,διαβάσει
3,διαβάσω
3,διαλεχτήν
3,διάφορα
3,διηγούνταν
3,δίκαιο
3,δικούς
3,διπλωμένα
3,δουλεύοντας
3,δουλεύω
3,δουν
3,δρόμο,
3,δρόμο;
3,δροσερά
3,δύναμη.
3,δυο-τρεις
3,δυστυχισμένος
3,δω!
3,δω.
3,δωμάτια,
3,δωσ'
3,δώσεις
3,εγώ!
3,εγώ,
3,εδώ.
3,έθνος
3,είκοσι
3,ειρηνούλας
3,ειρηνούλας.
3,είσαι!
3,εκατό
3,εκεί.
3,εκείνος
3,έκλαιγε
3,έκλεισαν
3,εκτελέσω
3,ελάτε
3,έλεγχο
3,έλθουν
3,έμαθα
3,εμείς.
3,εμπρός!
3,εναντίον
3,ενθουσιασμένο
3,ένιωσε
3,εξακολουθούσαν
3,εξοχότατε,
3,εξώπορτα
3,έπαθε
3,έπαιζε
3,έπεφταν
3,επιτέλους
3,επιτέλους!
3,επόμενο
3,επόμενου
3,έρχεσαι
3,έρχονταν
3,ερχόταν
3,έσκυψαν
3,έστεκε
3,εσύ.
3,έσχισε
3,ετοιμάζουνταν
3,έτοιμοι
3,έτρεμε
3,έτρεξαν
3,έτρεχαν
3,έτρωγε
3,εύκολο
3,έφευγαν
3,έφυγαν
3,έχει;
3,εχθρό.
3,ζήλο
3,ζητά
3,ζητάς
3,ζητήσει
3,ζωές
3,ζώνη
3,ήδη
3,ήλθα
3,ήσουν
3,ήσυχα,
3,ήσυχους
3,ήταν,
3,θ'
3,θάλαμο
3,θαυμασμό
3,θείο
3,θελήσεις,
3,θησαυρό
3,θυμό.
3,θυμώνει.
3,ίσα-ίσα
3,ιστορία
3,κ’
3,καθισμένη
3,κακές
3,καλαθάκι
3,καλύτερα
3,καλύτερο
3,καμάρι
3,καμιάν
3,κάμπο.
3,κάμποσα
3,καμτσίκι
3,κάνεις;
3,κανένας.
3,κάποια
3,καράβια;
3,καστανά
3,κάστρα
3,κατάλαβα
3,καταλάβεις
3,κατάστιχο
3,κατέβαιναν
3,κατεβαίνουν
3,κελάρι.
3,κεφάλι,
3,κλείσει
3,κλεισμένος
3,κλέφτες
3,κλέφτες.
3,κλέψανε
3,κλωστή
3,κλωτσιά
3,κόβω
3,κονσόλα
3,κοντάρι.
3,κοπάδι
3,κοπάδια
3,κόρης
3,κορμό
3,κόσμο
3,κόσμο.
3,κότσυφας.
3,κουβέντα
3,κουβέντιαζε
3,κουλός,
3,κουμπί
3,κούνησε
3,κούραση.
3,κουρασμένος
3,κουτός
3,κόψει
3,κρασί.
3,κράτος
3,κράτος.
3,κρέμασε
3,κρέμουνταν
3,κρύψει
3,κυρα-φρόνηση.
3,κυρ-κατρακυλάκος
3,κυρ-λαγόκαρδο
3,λένε
3,λένε.
3,λέξεις
3,λεφτά
3,λίμνη
3,λουλούδια
3,λύπη
3,λυπημένη
3,λυπήσου
3,λύσσα.
3,μάγειρας
3,μάγουλα
3,μάζευε
3,μαζεύοντας
3,μαζί.
3,μαθαίνεις
3,μακρύ
3,ματιά
3,μαύρα
3,μελαχρινή
3,μέλισσες
3,μερικούς
3,μέσα!
3,μέσα,
3,μέσα.
3,μέση.
3,μεταλλείου
3,μεταξωτά
3,μήτε
3,μικρό
3,μιλήσουν
3,μοίρασε
3,μολύβι
3,μουρμουρίζοντας
3,μπα!
3,μπα;
3,μπόρεσε
3,μπορούμε
3,μπορούσα
3,μπορούσαν
3,μπρος
3,μυστική
3,νάνος
3,ναύσταθμος;
3,ναύτης
3,νεύρα
3,νιώσει
3,νομίζοντας
3,νοσηλεύτριες
3,νοσοκομείο
3,νούμερο
3,ξανανέβηκε
3,ξαναπήρε
3,ξαναφώναξε
3,ξαπλωμένος
3,ξεκινούσε
3,ξεκουραστείτε.
3,ξένα.
3,ξέρεις;
3,ξερό
3,ξεφώνισε.
3,ξυπνήσει
3,ομιλίες
3,ομιλίες.
3,όμως,
3,οπωρικά
3,όσοι
3,όχθη
3,όχθη.
3,παλάβω.
3,πάλι.
3,παλικάρια
3,παναγιά
3,πανικό
3,πανουργάκο,
3,παπουτσάκια
3,παραγγείλει
3,παρακάτω,
3,παραμέρισε
3,παράπονο
3,παστίτσιο.
3,πάτε
3,πάτο
3,πατριώτη,
3,πάω,
3,πεζούλι
3,πεθάνω
3,πειράζει,
3,πείτε
3,πέντε
3,περίεργο
3,περίμενα
3,περιμένω
3,περνά
3,πέρναγε
3,πες,
3,πέσει
3,πεσμένο
3,πεταμένα
3,πέταξαν
3,πηγάδια
3,πηγαίνω
3,πήρα
3,πιάτα
3,πιάτο
3,πικρόχολης
3,πλήθος.
3,πληρωμή.
3,πλήρωνε
3,πληρώνω
3,πληρώσει
3,πόδι
3,ποιο
3,πολύ.
3,πολύδωρο
3,πολύδωρος,
3,πολυθρόνα
3,πολύκαρπο
3,πόρτες
3,πόσα
3,που,
3,πού,
3,πουλήσω
3,πουν
3,πράματα!
3,πράματα,
3,πράματα.
3,πρωί-πρωί
3,πρώτες
3,πρωτοβεστιάριο.
3,πυκνά
3,πύργο,
3,πύργος
3,πω,
3,ρούχα;
3,ρούχο
3,ρώτησα
3,ρώτησαν
3,σαΐτες
3,σας!
3,σας;
3,σειρά
3,σένα.
3,σεντούκι
3,σήμερα.
3,σιδεράς
3,σιδερένιο
3,σιδερόπετρες
3,σκάλισε
3,σκηνή.
3,σκοινί,
3,σκοτώσεις
3,σκυμμένο
3,σμέουρα
3,σοβαρά.
3,σοφά
3,σπιτιού
3,σταθερό
3,στάση
3,στήθος
3,στιγμή.
3,στόλο
3,στόμα,
3,στραβά
3,στρατιώτες,
3,στρατιώτες;
3,στρατιωτικά.
3,στρατό.
3,στρατόπεδο.
3,στρατός.
3,συγκεκριμένο
3,συνετός.
3,συνετού,
3,συνεχίζει
3,συνέχισε
3,συνηθισμένη
3,συνημμένο
3,σύνορα
3,σφιγμένα
3,σφυρί
3,σωρό
3,σωστό
3,ταβέρνα
3,ταβέρνα,
3,ταβέρνα.
3,ταβέρνας.
3,τάχα
3,τελειώσει.
3,τελειώσω
3,τελευταία
3,τενεκεδένια
3,τέσσερις
3,τζοτζές
3,τι,
3,τμήμα
3,το,
3,τον,
3,τόπο;
3,του!
3,τρελός
3,τρία
3,τρομαγμένοι
3,υπάρχει
3,υπασπιστή
3,υπασπιστή.
3,υπασπιστής,
3,υπηρεσία
3,υπήρχε
3,υπολογιστή
3,φάει
3,φαίνεται
3,φαινόταν
3,φέρει
3,φέρουν
3,φίλο
3,φλουριά!
3,φλουριά;
3,φοβισμένα
3,φόβο
3,φοβούνται
3,φορά,
3,φορτωμένα
3,φουρτούνες
3,φτιάσεις
3,φτωχικό
3,φύγει
3,φύγω
3,φύγω,
3,φύση
3,φωλιά
3,χειράμαξα
3,χλωμό
3,χόρτα.
3,χρόνια.
3,χτυπάει
3,χώματα
3,χωριά
3,χωριό
3,ψηλός
3,ψυχή
4,αγανάκτηση
4,αγάπησες
4,αγκαλιά
4,αδελφέ
4,αδελφού
4,αειφόρου
4,αίθουσα
4,ακολούθησε
4,αλυσίδα.
4,αμέ
4,αμέσως,
4,αμέσως.
4,ανασηκώθηκε
4,άνθρωπος;
4,αντίκρυ
4,άπλωνε
4,αποθήκες
4,αποκοιμήθηκε.
4,απόφαση
4,αποχαιρέτησε
4,ασημένιο
4,αύριο
4,αυτούς
4,αφέντη!
4,αφηρημένα
4,βάζοντας
4,βαρέθηκα
4,βασιλικά
4,βασιλοπούλες
4,βαστούσαν
4,βαστούσε
4,βέβαια,
4,βλέμμα
4,βλέπω,
4,βρέθηκες
4,βρήκα
4,βρουν
4,γεια
4,γέρο
4,γέρος.
4,γίνεις
4,γράμματα.
4,γραμμή
4,γριά
4,γυαλιά
4,γυναικεία
4,γύριζε
4,γυρίζοντας
4,δα
4,δασκάλου
4,δείξει
4,δέντρου
4,διέταξε
4,δούλευε
4,δούλεψε
4,δρόμος
4,δωμάτιο
4,δώσ'
4,έβγαινε
4,έγραψε
4,έδεσε
4,είναι!
4,είστε
4,έκλεψε
4,έκρυψε
4,έλα,
4,έλθεις
4,εμένα
4,έμενε
4,έμπηξε
4,έξω,
4,έξω.
4,έπιπλα
4,έραψε
4,έτριψε
4,έτσι!
4,ευτυχώς
4,εχθρούς
4,ζήλιω
4,ζήτησε
4,ζητήσω
4,ζήτω
4,ήμουν
4,ήξεραν
4,ήξερες
4,θάρρος
4,θέλεις;
4,θεός
4,θυμό
4,καθρέφτη
4,κακό
4,καλά.
4,κάμποση
4,κάνει;
4,κανέναν
4,κάνομε
4,κάνω;
4,κάποιον
4,κάποιος
4,καράβια,
4,καταστράφηκε
4,κατέβηκαν
4,κει
4,κίνηση
4,κλάματα.
4,κλέφτη
4,κλέψει
4,κομμάτι
4,κόρη.
4,κορμί
4,κόσμος
4,κούραση
4,κρίμα
4,κυνήγι
4,λαός
4,λαχανικά
4,λες;
4,λεωφορείο
4,λίγη
4,λίγο.
4,λόγο
4,μαζεμένη
4,μαζέψει
4,μάθει
4,μάθεις
4,μάθημα.
4,μάθω
4,μαντίλι
4,μαύρη
4,μεγάλα
4,μείνεις
4,μελαγχολικά
4,μένα.
4,μεταλλείο
4,μιας
4,μικρή
4,μίλησε
4,μούγκρισε
4,μπορείς
4,μυαλό
4,νέα
4,νερό
4,νομίζεις
4,νύχτα
4,νωρίτερα
4,ξανάρχισε
4,ξεσκέπασε
4,οικογένεια
4,ολοένα
4,ολονών
4,ονόματα
4,όπλα,
4,ορμή
4,παιδιά,
4,παλατιανός
4,παλατιού.
4,παν
4,παραγωγής
4,παρακάτω.
4,πάρεις
4,πάρω
4,παρών,
4,πάτησε
4,πατήσει
4,πει.
4,περίμεναν
4,περισσότερα
4,πήγα
4,πήγαινα
4,πήγαινε.
4,πια!
4,πικρόχολη
4,πίσω.
4,πλησίασε
4,πολλές
4,πολλή
4,πού;
4,πρόγραμμα
4,προϊόντα
4,προϊόντων
4,προτείνω
4,πρώτα
4,πώς;
4,ρίζωμα
4,ρίχθηκε
4,σελίδα
4,σηκώθηκαν
4,σημείο
4,σιδερένια
4,σκέφθηκε
4,σοφά.
4,σπιτάκι
4,σπίτια
4,σταμάτησαν
4,στείλω
4,στρατός,
4,συγκινημένος.
4,συγκίνηση
4,συλλογισμένο
4,συλλογισμένος
4,συνετός
4,σύστημα
4,σφενδόνα
4,σχισμένα
4,σχολείο
4,τέτοιους
4,τεχνίτες
4,τοίχο
4,τόνο
4,τόση
4,τότε,
4,τραβώντας
4,τρέχει
4,τρέχει;
4,τρόπο
4,τσάντα
4,τύχη
4,υπερηφάνεια
4,ύπνο
4,ύφος
4,φαίνουνταν
4,φαρδύ
4,φερ'
4,φθάσει
4,φίλησε
4,φίλησε.
4,φλουριά.
4,φοβερίζοντας
4,φρόντιζε
4,φτιάσει
4,φυλακή.
4,φώναζε
4,φώναξαν
4,φωνές.
4,φως
4,χαμόγελο
4,χαρακτήρα
4,χάρη
4,χαρούμενα
4,χαρούμενη
4,χαρούμενος
4,χαρτί
4,χειράμαξα.
4,χέρι.
4,χόρτα
4,χρειαζόταν
4,χρέος
4,χτυπούσε
4,χώθηκε
4,χώμα
4,χωράφια
4,χωρικούς
4,ψηλά
4,ώρα,
5,αγόρι
5,άγρια
5,αίμα
5,ακολούθησε.
5,άλλον
5,άλφα
5,άνθρωποι
5,αποκρίθηκαν
5,αποκρίθηκαν.
5,απότομα
5,άραγε
5,αρπάζοντας
5,αρχικαγκελάριο
5,αυτά;
5,αυτό,
5,αυτό;
5,αυτοί
5,αυτόν
5,αυτός.
5,αφέντη.
5,αφήσεις
5,βαριά
5,βασιλείου
5,βασιλιά!
5,βασιλιάς!
5,βασίλισσα.
5,βασίλισσας
5,βγάλει
5,βέλη
5,βιολογικά
5,βλέπει
5,βοήθεια
5,βουνού
5,βρεθεί
5,βρήκαν
5,βρω
5,γέλασε.
5,γέλιο
5,γη.
5,γιαχνί
5,γίνονται
5,γίνουνταν
5,γιου
5,γράφει
5,γυρεύει
5,γυρίσεις
5,γυρίσω
5,δεύτερη
5,δηλαδή
5,δουλεύει
5,δρόμο.
5,εαυτό
5,έβλεπε
5,εδώ,
5,είδες
5,είπα
5,είπαν
5,ειρηνούλα;
5,έκαναν
5,ενός
5,εξάδελφος
5,έπαιρνε
5,έσπρωξε
5,έτρεχε
5,έτσι,
5,έφερε
5,έχασε
5,εχθροί
5,έχομε
5,ζητώ
5,ήθελε
5,ήξερα
5,ησυχία
5,θέλεις,
5,ίσια
5,καθήκον
5,καιρό,
5,κακομοιρίδη,
5,καμία
5,κάνουμε
5,καρέκλα
5,κατέβαινε
5,κατέβηκε
5,κατώφλι
5,κοιτάζει
5,κόκκινο
5,κρασί
5,κράτους
5,κυρ
5,λαό
5,λίγες
5,λόγχες
5,λοιπόν;
5,μάζεψε
5,μακριά,
5,μακριά;
5,μάτι
5,με!
5,μεγάλες
5,μείνει
5,μερικές
5,μερικοί
5,μία
5,μιαν
5,μονάχος
5,μπήκαν
5,μπορείτε
5,να,
5,νερά
5,ξαπλώθηκε
5,οκτώ
5,όρμησε
5,πανουργάκου
5,παρακάλεσε
5,παρακόρες
5,παράτησε
5,πατρίδα
5,πατριώτη!
5,πάτωμα
5,περάσει
5,περιβολάκι
5,πηγαίνοντας
5,πήδο
5,πιάσει
5,πλάτη
5,πλήθος
5,ποταμό
5,πούλησε
5,πουλιά
5,πρόσταξε.
5,πρόσωπα
5,προφθάσει
5,πρωί
5,πρωτομάστορη
5,σας.
5,σηκωθεί
5,σηκωθεί.
5,σημασία
5,σιγά
5,σίμωσε
5,σκέφτηκε
5,σκέψεις
5,σκότωσε
5,σπαθί
5,σπίτι.
5,σπρώχνοντας
5,στάθηκε
5,στέμμα
5,στιγμιαία
5,στρατιώτες.
5,στρατώνες
5,σχεδόν
5,της,
5,τίποτα!
5,τίποτα;
5,τόπου.
5,τους,
5,τρομάρα
5,τώρα!
5,τώρα;
5,υπασπιστές
5,υπασπιστής.
5,φάγει
5,φανάρι
5,φέρε
5,φέρω
5,φλουριά,
5,φράση
5,φύγει.
5,φωνάζει
5,φώναξε,
5,χαμογέλασε.
5,χιλιάδες
5,χρυσά
5,χτύπησαν
5,ψιθύρισε
5,ώρα.
5,ωρολόγι
5,ωστόσο,
6,αδέλφια.
6,ακόμα.
6,ακούς
6,άλλο.
6,άλογο
6,αντί
6,απλά
6,αρχικαγκελάριος.
6,άρχοντας
6,βασιλιά;
6,βασιλοπούλα
6,βέβαια!
6,βιβλίο
6,βλέπεις
6,βρέθηκε
6,γι’
6,γιατί,
6,γνώση.
6,γόνατα
6,δάσκαλος.
6,δάσος.
6,δεις
6,διηγήθηκε
6,εδώ;
6,είχα
6,είχες
6,εκείνα
6,εκείνο
6,έκοψε
6,έννοια
6,εξακολουθούσε
6,έξαφνα,
6,ζήλιω.
6,κάθισαν
6,καινούριο
6,κάκου
6,καλά,
6,καλή
6,κάμπο
6,καν
6,κάπου
6,κάτω.
6,κεφάλι!
6,κότες
6,κουτσός.
6,κυρ-λαγόκαρδος
6,λαγόκαρδου
6,λέγει
6,λεπτά
6,λες!
6,λες,
6,λίγα
6,μάθημα
6,μάλλον
6,μας,
6,μπορούν
6,μπράτσο
6,μύτη
6,νέος.
6,νευρικά
6,ξέρω,
6,ξέσπασε
6,οθόνη
6,όλος
6,όρεξη
6,όχι!
6,παλιά
6,παντού
6,πάρει
6,πατέρας
6,περισσότερο
6,πλάι
6,πόσο
6,ποτήρια
6,πράγματα
6,προσοχή
6,ρεύμα
6,σέρνοντας
6,σιωπηλά
6,σκούπισε
6,σου!
6,σπαθιά
6,στρατό
6,συ,
6,τέτοιο
6,τι;
6,του;
6,τούτο
6,τραπεζαρία
6,τραχηλιά
6,τρέμοντας
6,υποκλίθηκε
6,φούστα
6,φωτιά
6,χαιρέτησε
6,χρυσή
6,χώρα,
6,ωστόσο
7,αγάπη
7,αδελφές
7,ακόμη
7,άλλοι
7,αναγνώρισε
7,άνθρωπο
7,άντρες
7,απάνω
7,αργά
7,αφεντιά
7,βουνό
7,βρει
7,βρίσκεται
7,βρίσκουνταν
7,γέλια.
7,γενικό
7,γέρος
7,γι'
7,γιε
7,γίνει
7,γυναίκες
7,γύρισαν
7,δέκα
7,δεξιά
7,διάδρομο
7,δική
7,δουλειά.
7,δώσε
7,δώσει
7,ε,
7,εγώ.
7,είναι,
7,έκανα
7,εμείς
7,εξαδέλφου
7,επανέλαβε
7,εσένα
7,έστειλε
7,ήθελα
7,ήλιος
7,ήσυχα
7,θέλει
7,θυμήθηκε
7,κάθουνταν
7,και,
7,καινούρια
7,κάμαρα
7,καμιά
7,κάνετε
7,κελάρι
7,κοιτάξει
7,κόπο
7,λαγόκαρδος
7,μακριά.
7,μας.
7,μάτια.
7,μες
7,μέση
7,μονάχα
7,μουρμούρισε.
7,ξένα
7,όλους
7,όπλα!
7,όπλα.
7,πάγει
7,παλάτι,
7,παρών!
7,πικρόχολη.
7,πλώρη
7,ποταμού
7,πράμα
7,πρώτο
7,πρωτοβεστιάριος.
7,πω
7,ρούχα
7,σακούλι
7,σας,
7,σένα
7,σκοπό
7,στ'
7,σταμάτησε
7,σταυρωμένα
7,στέκουνταν
7,στρατός
7,τηλέφωνο
7,τουλάχιστον
7,υποδοχής
7,φάνηκε
7,φορές
7,χάθηκε
7,χάμω
7,χείλια
7,χέρια.
7,ώμο
8,αδελφό
8,ακούστηκε
8,ανέβηκε
8,ασθενή
8,αυγά
8,βασιλιά,
8,βασιλόπουλου
8,βέβαια
8,βράδυ
8,γνώση
8,γραφείο
8,γωνιά
8,δάκρυα
8,δικαστής
8,δύναμη
8,έγινε
8,έδειξε
8,ειδεμή
8,είμαστε
8,έκανες
8,έκλεισε
8,καθένας
8,κάθεται
8,κάνουν
8,κατάλαβε
8,κοιμούνταν
8,λαιμό
8,νέο
8,ξύπνησε
8,όσα
8,πάνε
8,πανέρι
8,πάρε
8,περίμενε
8,περνώντας
8,πήγαιναν
8,πολλά
8,προσπάθησε
8,πρώτη
8,σήκωσε
8,τίποτα,
8,τίποτε
8,τόπος
8,τραπέζι.
8,τρεις
8,φυλακή
8,χάσει
8,χρειάζεται
8,χτύπησε
9,αλήθεια
9,αναφώνησε
9,άνθρωπος.
9,απ'
9,άρπαξε
9,βήμα
9,βρεις
9,γαϊδουρίσιο
9,γίνεται
9,γράμματα
9,γρήγορα
9,γύρευε
9,είδαν
9,εκεί,
9,έλθει
9,έπρεπε
9,έρθει
9,έφθασε
9,εχθρός
9,θέλησε
9,θες
9,κάνω
9,μανδύα
9,μένα
9,μέτωπο
9,ναι!
9,νόημα
9,όπλα
9,ότι
9,πέρασαν
9,πήδηξε
9,πια.
9,πολύδωρος
9,πράματα
9,πρόφθασε
9,στόμα
9,τελειώσει
9,τελευταίο
9,τέλος
9,τσέπη
9,φθάνει
9,φώναξε.
9,χθες
9,ώστε
10,άκρη
10,άλλος
10,αλυσίδα
10,άπλωσε
10,αποκρίθηκε.
10,βαθιά
10,βουνό.
10,βρούμε
10,γνώση,
10,γυρίσει
10,δυνατά
10,δώρο
10,δώσω
10,έδωσε
10,είναι;
10,εσύ,
10,θείου
10,θέλεις
10,ίδια
10,ίσως
10,κακομοιρίδη.
10,κουλός.
10,μ’
10,μακριά
10,μαλλιά
10,μόνος
10,νέος
10,πάει
10,παράθυρο
10,πέτρες
10,πλάγι
10,πολύδωρος.
10,πότε
10,προχώρησε
10,σταμάτησε.
10,τώρα,
10,φωνές
10,χαμογέλασε
10,χώρα.
11,αδελφός
11,ακούμπησε
11,άνθρωπος
11,αφέντη
11,βασίλειο
11,βασίλισσα
11,βήματα
11,γυρνώντας
11,δάσος
11,δείχνοντας
11,δικό
11,δουλειές
11,εκείνη
11,έλεγε
11,ευθύς
11,ήξερε
11,καλό
11,μαγειριό
11,μέρα
11,μετά
11,μπορώ
11,ξεφώνισε
11,όλες
11,όνομα
11,πήγαν
11,πήραν
11,πόδια
11,σήμερα
11,σκοινί
11,συ
11,τίποτα.
11,τόπο
11,τόσα
12,βγει
12,βλέποντας
12,διέκοψε
12,δω,
12,έμεινε
12,έπεσε
12,έριξε
12,θέση
12,καρδιά
12,λοιπόν,
12,μήπως
12,μπήκε
12,πάντα
12,πόρτα.
12,πρωτομάστορης.
12,τέτοια
12,τρεχάτος
12,ψωμί
12,ωραία
13,άλλες
13,αχ,
13,γράμμα
13,δέντρα
13,δύο
13,έβαλε
13,εμπρός
13,έπιασε
13,έσκυψε
13,κακομοιρίδης.
13,κάνεις
13,καφέ
13,κεφάλι.
13,κοίταζε
13,λες
13,μέρος
13,μπορεί
13,ξέρει
13,όλη
13,πέρα
13,πολύκαρπος
13,σίδερο
13,σου;
13,φωνή.
13,ώσπου
14,αδελφή
14,άκουσε
14,βιαστικά
14,δάσκαλος
14,ειρηνούλα,
14,εξακολούθησε
14,έφθασαν
14,έχουν
14,καιρό
14,μεγάλη
14,μεγάλο
14,μουρμούρισε
14,μπορούσε
14,ναι,
14,όχι
14,παλικάρι
14,πανουργάκος
14,πατέρα,
14,πέρασε
14,πρόσθεσε
14,στιγμή
14,τους.
14,τράβηξε
14,χαρά
14,ώρες
15,ανάγκη
15,βασιλιάς,
15,είσαι
15,ζωή
15,θείος
15,καράβια
15,κοντάρι
15,κορώνα
15,μέρες
15,όπως
15,όσο
15,πάμε
15,πάω
15,ποτάμι.
15,πρόσταξε
15,φελούκες
16,άφησε
16,έβγαλε
16,είμαι
16,κανείς
16,μόλις
16,πει
16,πρόσωπο
16,υπασπιστής
16,φλουριά
17,άλλα
17,γιο
17,έξαφνα
17,έχουμε
17,ίδιο
17,κάθισε
17,παιδιά
17,παλάτι.
17,πήγαινε
17,πρωτομάστορης
17,στου
17,τραπέζι
17,φαγί
17,χρόνια
18,αδέλφια
18,άλλη
18,άρχοντα
18,βασιλόπουλο,
18,δει
18,θέλω
18,κακομοιρίδης
18,κανένα
18,λέει,
18,μερικά
18,μου;
18,πας
18,τίποτα
19,ας
19,είπε,
19,έτρεξε
19,έφυγε
19,ήλθε
19,κοντά
19,ξέρω
19,ό,τι
19,όμως
19,φορά
20,αρχικαγκελάριος
20,γιος
20,είχαν
20,έχεις
20,καλά
20,ποτάμι
20,ποτέ
20,στρατιώτες
20,χώρα
21,αφού
21,δω
21,είδα
21,καθώς
21,κάνει
21,λίγο
21,ρώτησε.
21,της.
21,των
22,βασιλιά.
22,βγήκε
22,εδώ
22,κακομοιρίδη
22,κάτι
22,λόγια
22,όλο
22,παλάτι
22,παρά
22,πολύ
22,πριν
22,στους
23,ενώ
23,έτσι
23,κατά
23,πάνω
24,ανάμεσα
24,άνοιξε
24,αυτά
24,έναν
24,έξω
24,κάτω
24,ξέρεις
24,όχι,
24,πήγε
25,άρχισε
25,βρήκε
25,κανένας
25,μου!
25,προς
25,σου.
25,φωνή
26,ειρηνούλα.
26,πατέρα
26,στις
27,άλλο
27,αφέντη,
27,δουλειά
27,δρόμο
27,έλα
27,όταν
27,πες
27,σηκώθηκε
28,αυτή
28,τότε
29,γύρω
29,είδε
29,κάθε
29,κόρη
29,σας
29,σου,
30,ακόμα
30,αυτός
30,βασιλιά
30,ένας
30,κοίταξε
30,μη
30,του,
31,όλοι
31,πιο
31,χέρι
32,αμέσως
32,πόρτα
32,σ'
32,ύστερα
33,εσύ
34,είπε.
34,κουλός
35,έχω
35,μην
35,πήρε
35,πίσω
36,παιδί
36,τόσο
36,χέρια
37,λοιπόν
37,μπροστά
38,εκεί
38,κεφάλι
38,ν'
40,γύρισε
40,μου.
41,μάτια
42,αλλά
42,όλα
42,ποιος
42,πρέπει
43,βασιλιάς.
43,έκανε
43,μέσα
43,σα
44,αυτό
44,μ'
44,τώρα
46,πια
46,ώρα
47,ειρηνούλα
47,ούτε
47,σπίτι
48,πώς
50,ως
51,ή
51,μαζί
51,χωρίς
52,όπου
53,εγώ
54,τ'
56,μόνο
60,έχει
62,μου,
64,δυο
69,στον
72,πάλι
76,πού
77,φώναξε
81,σαν
95,γιατί
96,αν
98,βασιλιάς
102,βασιλόπουλο.
102,στη
105,πως
106,αποκρίθηκε
106,ρώτησε
115,στην
120,μας
120,τις
129,οι
130,του.
132,είχε
134,δε
135,στα
137,μια
149,ένα
151,ήταν
157,σε
160,βασιλόπουλο
165,σου
176,κι
188,τη
192,τους
193,μα
193,τι
210,για
210,είναι
212,μου
218,της
242,είπε
307,θα
329,η
344,την
352,από
381,τον
389,που
389,στο
395,δεν
475,με
494,τα
740,ο
787,του
996,να
1343,το
1469,και
