1,అందముగను
1,అందమైన
1,అతిథిజనుల
1,అభ్యాగతుల
1,అరుణోదయంబట్లు
1,ఎద్దునెక్కె
1,కన్నతల్లి
1,కరుణశ్రీ
1,కర్మవీరుడే
1,కల్పవల్లిరా
1,కవులవంటి
1,కష్టపెట్టబోకు
1,గట్టించి
1,గణుతి
1,గనదు
1,గాజుపూస
1,గుణము
1,గ్రద్దనెక్కె
1,ఘనులు
1,చదువు
1,చవట
1,చావులేదు
1,చిన్న
1,చెప్పనగు
1,చేటురా
1,జనులకొరకు
1,జీతాల
1,జీవన్మృతుం
1,జెప్పలేడు
1,డని
1,తల్లి
1,తల్లిదండ్రులన్న
1,తినెడివాని
1,తీయందనము
1,తెలుగుదనమువంటి
1,తెలుగుబాల
1,తెలుగుబాల!!
1,దేవతలకు
1,దేవతార్చన
1,దేశసేవకంటె
1,దైవసన్నిభులురా
1,ధరిత్ర
1,ధర్మశాలలు
1,నడువలేడు
1,నష్టపెట్టబోకు
1,నాన్నపనులు
1,నిడక
1,నిద్దుర
1,నెంతొ
1,నెక్కెరా
1,నేటి
1,నేస్తంబురోతరా
1,పత్రి
1,పద్యమప్ప
1,పరమ
1,పాటరా
1,పాఠాలు
1,పాపయ్యశాస్త్రిగారు
1,పూజ
1,పేరుగన్న
1,ఫలములు
1,బకము
1,బడికి
1,బద్దకంపు
1,బల్లపై
1,బాలమానసముల
1,బిడ్డరా
1,బీదసాద
1,బ్రహ్మ
1,భక్తిలేని
1,మంచి
1,మండనమ్ములివ్వి
1,మణుల
1,మనస్సు
1,మాట
1,మృతజీవి
1,మేలుకొల్పు
1,మొద్దు
1,మొరటువానితోడ
1,యాదరించి
1,రక్తిలేనియాట
1,రచించారు
1,రచించినవారు
1,రాజురాజు
1,రాత్రి
1,రెండు
1,రోత
1,లలితసుగుణజాల!
1,లివ్వి
1,లేదురా
1,లేరు
1,వాని
1,విద్యార్థి
1,వినలేడు
1,విషమహీజమునకు
1,విష్ణు
1,వెలయు
1,శతకం
1,శతకంజంధ్యాల
1,శతకమును
1,శివుడు
1,శ్రుతిలేని
1,సరసమాడుట
1,సహజ
1,సాధుజన
1,సానుభూతికంటె
1,సుందరంబు
1,సూక్తి
1,సూక్తిలేని
1,స్వర్గంబు
1,స్వార్థపరతకంటె
1,హంసనెక్కె
1,హంసలందు
1,హాస్యాస్పదంబగు
2,చేటు
2,జంధ్యాల
2,తెనుగు
2,తెలుగుబాల!
2,నీతిలేని
2,పాపయ్య
2,లేదు
2,విద్యార్థికి
2,వీడి
2,శాస్త్రి
