1,abdicau
1,absents
1,absolviu
1,absoventas
1,abstractas
1,academia
1,accentuescha
1,acceptar
1,accessoris
1,accidents
1,accumpignar
1,accumpignau
1,accumpogna
1,accumpognan
1,accusaders
1,ach
1,acquistau
1,act
1,activ
1,activa
1,activas
1,actual
1,acziunari
1,adatg
1,adattadas
1,adattai
1,adattar
1,adempliu
1,administrai
1,administrativas
1,administrativs
1,administratur
1,admirabla
1,admirar
1,admonescha
1,adula
1,adversari
1,affar
1,affonza
1,africa
1,african
1,africans
1,afuns
1,agens
1,aglomeraziuns
1,agradora
1,agradsi
1,agricolas
1,air
1,aissa
1,aissas
1,aita
1,albert
1,albiert
1,albrecht
1,alladministraziun
1,allaga
1,allatgna
1,alleghescha
1,allexposiziun
1,allogi
1,allontanadas
1,allontanaus
1,allorgla
1,allurna
1,alpegiadas
1,alpester
1,alpha
1,altar
1,altendorf
1,alternativas
1,altstätten
1,aluis
1,alva
1,alvas
1,alzada
1,ambassadas
1,amicablas
1,amitga
1,amplificaziuns
1,amurs
1,analisa
1,analisar
1,andermatt
1,andrea
1,anen
1,anetg
1,anim
1,animada
1,animescha
1,anita
1,annagreth
1,annual
1,annuals
1,annunziadas
1,annunzias
1,annunziau
1,anonima
1,antecessura
1,antennas
1,antibiotica
1,antoni
1,apero
1,apocalipsa
1,apparat
1,appartegn
1,appellescha
1,applicau
1,apposta
1,appreziada
1,apprezieschan
1,apprezieschel
1,approbaus
1,ara
1,arar
1,arcada
1,architect
1,architectonics
1,archiv
1,areals
1,argument
1,arguments
1,armauls
1,aromaticas
1,arranschament
1,arriva
1,arrivadas
1,art
1,artau
1,artificiala
1,artificials
1,artist
1,artists
1,arva
1,arviul
1,arviuls
1,ascenda
1,aschiditg
1,aschinumnada
1,asiats
1,asil
1,aspermont
1,assicurai
1,associaziun
1,astgavi
1,astgins
1,atgnamein
1,atgnas
1,atletas
1,attacca
1,attaschada
1,attaschaus
1,attents
1,attenziun
1,attestat
1,attractiva
1,attrappas
1,audan
1,audins
1,auditur
1,audituras
1,augmenti
1,augustin
1,aultas
1,aults
1,aulza
1,aura
1,austriacs
1,autist
1,autodidacta
1,autoritads
1,autramein
1,avantagius
1,avantatg
1,avat
1,avertura
1,aviarts
1,aviun
1,avrel
1,avunda
1,baditschun
1,baghegian
1,baghegiau
1,ballas
1,ballontscha
1,balluns
1,balzer
1,bancar
1,bancas
1,banda
1,bandiera
1,bandli
1,bandunadas
1,bandunau
1,bandunel
1,bar
1,barca
1,barcuns
1,bardigliar
1,bargada
1,bargun
1,barla
1,barschament
1,barschar
1,barschunaus
1,basegna
1,basegnan
1,baselgias
1,baseli
1,bassist
1,battaglia
1,batter
1,batterdegl
1,bättig
1,beadientscha
1,beat
1,beglia
1,beinenquala
1,beinfrequentada
1,beingartegiar
1,beinstontas
1,bellaval
1,benedetg
1,benedictina
1,benedicziun
1,benediu
1,beneventada
1,benjamin
1,benny
1,benz
1,beresina
1,bergaglia
1,berglan
1,berna
1,bernhard
1,berther
1,besclas
1,bess
1,betun
1,biadi
1,biadias
1,bialas
1,bialaura
1,bials
1,bianchi
1,biblioteca
1,biebein
1,bielorussia
1,bienmarcau
1,biestga
1,bilanza
1,bilinguitad
1,bimba
1,biologica
1,birolists
1,biros
1,bitgetta
1,bivac
1,bizaras
1,blau
1,blenio
1,blessada
1,blessuras
1,bloccada
1,blut
1,bobs
1,bogn
1,bondolfi
1,bonolini
1,bons
1,bonsai
1,bragia
1,brandenburger
1,branschas
1,brats
1,bratschs
1,breigia
1,brentas
1,brev
1,brinas
1,bronz
1,brugger
1,brunner
1,bruno
1,bubronda
1,buccal
1,buccalin
1,bucchin
1,buis
1,bulius
1,bullar
1,bumbardai
1,bumerangs
1,bunaura
1,bunaveglia
1,buntadeivels
1,buntganada
1,buoba
1,buobas
1,buola
1,buontad
1,burgheisa
1,bustab
1,butteglia
1,cabalzar
1,cabels
1,cabina
1,cactus
1,cadeinas
1,cadi
1,cadieli
1,cadruvi
1,caduff
1,caffe
1,caglioms
1,cahenzli
1,cajacob
1,cala
1,calan
1,calei
1,caltgera
1,caluster
1,camerieras
1,caminada
1,camona
1,camond
1,camonds
1,camp
1,campagna
1,campester
1,camps
1,canada
1,canaster
1,candeilas
1,candidar
1,candidatas
1,candideis
1,candreia
1,canera
1,canorta
1,cant
1,cantadas
1,cantadura
1,cantond
1,cantunal
1,canu
1,canuns
1,canzlista
1,capavel
1,capavla
1,capeivlamein
1,capeta
1,capientscha
1,capitau
1,capiu
1,caplania
1,caplut
1,capogruppa
1,capricorn
1,capriolas
1,capuns
1,car
1,cara
1,carabiners
1,caracter
1,carezar
1,carezavella
1,carga
1,carigiet
1,carins
1,caritativas
1,carlo
1,carmala
1,carmalan
1,carmalar
1,carplina
1,carplinas
1,carrai
1,carrar
1,carrava
1,carreschien
1,carriera
1,carschius
1,carta
1,cartas
1,cartein
1,carteivladad
1,cartents
1,cartiu
1,cartoons
1,carvardiras
1,casarina
1,caschar
1,caschiel
1,caschuna
1,caschunau
1,casetta
1,casino
1,cassas
1,cassier
1,castings
1,castitg
1,castitgs
1,casuttderungs
1,categorias
1,cathomas
1,catram
1,catschadur
1,catschadura
1,catschadurs
1,catschau
1,catta
1,cattar
1,cattau
1,cattins
1,cau
1,cauld
1,cauma
1,caura
1,causligia
1,cavagl
1,cavar
1,cavelti
1,cavelty
1,cavester
1,caviezel
1,cedel
1,ceder
1,cerchel
1,cerchels
1,ceremonia
1,cert
1,ch
1,chein
1,chellas
1,chemperneivel
1,chenquera
1,chenzatgi
1,chera
1,chindichescha
1,choral
1,christian
1,circa
1,city
1,clamau
1,claramein
1,claras
1,clarglina
1,clärli
1,claustral
1,claustrala
1,clav
1,clavaniev
1,clavau
1,clienta
1,clientella
1,cloma
1,cloman
1,coclas
1,cola
1,collavuratur
1,collavuraturs
1,collavuraziun
1,collegas
1,colligia
1,colligiai
1,colligiaziun
1,colorit
1,coluradas
1,colurar
1,combas
1,commemorar
1,commemorau
1,commemoraus
1,commenbradi
1,commercials
1,commuentaus
1,commuentontas
1,communabla
1,communablas
1,communicau
1,communitad
1,computer
1,conburgheis
1,conburgheisas
1,concarstgaun
1,conceder
1,concentraziun
1,concepescha
1,concepi
1,concerts
1,concessiuns
1,concordat
1,concretas
1,concretisau
1,concurrenzas
1,concurrrenza
1,condolientscha
1,confidar
1,confirmau
1,confirmaus
1,conflict
1,confort
1,confruntaus
1,confus
1,congress
1,conpossessurs
1,conrad
1,consecraziun
1,consequents
1,conservatura
1,considerabels
1,considerablas
1,consorta
1,consorzi
1,constants
1,constanza
1,constar
1,constattescha
1,consultaziun
1,consumar
1,contacts
1,contagius
1,continent
1,contingentar
1,contonschel
1,contonscher
1,contonschi
1,contribuir
1,controlla
1,controllader
1,controllescha
1,conturas
1,convenziun
1,coordinar
1,copiau
1,copieschan
1,corai
1,corea
1,corporalmein
1,correctamein
1,corrispundenta
1,corrispunder
1,costums
1,cotschna
1,cotschnas
1,cozza
1,creanza
1,creativa
1,creaziun
1,credibilitad
1,creigel
1,crer
1,crescher
1,criec
1,crimi
1,cristals
1,cristiandemocrata
1,criteris
1,critics
1,croats
1,croda
1,crunas
1,cua
1,cuarcla
1,cuer
1,cuida
1,culan
1,cullignoranza
1,culminaziuns
1,culponts
1,cultira
1,cultivaziun
1,culturala
1,culturalas
1,culturalmein
1,cumadeivla
1,cumadeivlas
1,cumbatter
1,cumbattidas
1,cumbinada
1,cumbinar
1,cumbinau
1,cumbinaus
1,cumedia
1,cumina
1,cumineivel
1,cuminonzas
1,cumissari
1,cumissiuns
1,cumpacts
1,cumpadials
1,cumpara
1,cumparegliau
1,cumparegliem
1,cumpart
1,cumpatibilitad
1,cumpegli
1,cumpetentas
1,cumpetenza
1,cumpigliaus
1,cumpignia
1,cumpignias
1,cumplein
1,cumpletadas
1,cumpletar
1,cumpleteschan
1,cumplex
1,cumplicadas
1,cumpogns
1,cumponer
1,cumpositoria
1,cumprai
1,cumpras
1,cumpraus
1,cumprovau
1,cunfin
1,cunfinar
1,cunquei
1,cunscienta
1,cunscienzia
1,cuntegns
1,cuntenevan
1,cuntenta
1,cuntentar
1,cuntentas
1,cunterpeisa
1,cuntinuadamein
1,cuntinuau
1,cuntinuaziun
1,cuntrada
1,cuntrast
1,cuntut
1,cunvegn
1,cuorta
1,cuortamein
1,cuortas
1,cuost
1,cuosta
1,cuostan
1,cuoza
1,cuozan
1,cup
1,cupitgada
1,curar
1,curatella
1,curclaus
1,curdada
1,curdar
1,curdaus
1,curdin
1,cureisma
1,curia
1,curios
1,curom
1,curonta
1,currider
1,curridras
1,curtès
1,cusch
1,cuschinier
1,cuschiu
1,cusrins
1,cusseglia
1,cussegls
1,custau
1,custeivel
1,custeivla
1,cusunza
1,cuvegnenta
1,cuviarta
1,cuvretga
1,dabot
1,dacasa
1,dactivitad
1,dactuara
1,dactur
1,dada
1,dadmirar
1,dado
1,dadora
1,daferton
1,daffittar
1,dagitg
1,dagrettas
1,dagricultura
1,dal
1,dalfons
1,dallasia
1,dallaua
1,dallaurax
1,dalleconomia
1,dallecumena
1,dallemoziun
1,dallemprema
1,dallhirundella
1,dalljamna
1,dallopera
1,dalp
1,dama
1,damas
1,damemia
1,damogn
1,damognas
1,damur
1,danceinza
1,dandiast
1,daniev
1,danimals
1,danis
1,dannunzia
1,danson
1,danunder
1,daquarel
1,daritisanadi
1,dastgar
1,datas
1,dattrer
1,datun
1,daug
1,daus
1,dautos
1,davantatg
1,daventan
1,daventass
1,daventavan
1,daventi
1,daviuns
1,davon
1,davontier
1,davosas
1,davostier
1,de
1,decadenta
1,decentralisaziun
1,decidan
1,decisiv
1,decisivs
1,declara
1,declarau
1,decretaus
1,dedicau
1,deduci
1,deducir
1,definescha
1,defineschan
1,definida
1,definitiva
1,definitivamein
1,definitivas
1,definiu
1,degenvignogn
1,dei
1,dein
1,deivet
1,delectricitad
1,delecziuns
1,delegada
1,delegadas
1,demagogia
1,dembuttegliar
1,demissiuns
1,demonstrar
1,demonstrau
1,demont
1,demprender
1,demuossa
1,demuossan
1,dencurir
1,dentgins
1,dents
1,dentscheiva
1,dependa
1,dependent
1,dependenta
1,dependents
1,deplorablamein
1,deplorablas
1,deponi
1,depopulaziun
1,deposits
1,deputada
1,deputai
1,dergoterapia
1,derivan
1,derivava
1,dermon
1,derscher
1,descargaus
1,descendan
1,descensur
1,desertina
1,desideri
1,desperada
1,dess
1,dessignader
1,destin
1,detagl
1,detagliadamein
1,detagliadas
1,detagliai
1,detschartamein
1,detta
1,devei
1,devoziun
1,dexaminar
1,dhonur
1,dian
1,diaris
1,dies
1,dieta
1,dietrich
1,differenta
1,differentamein
1,difficila
1,dignitad
1,digns
1,dilletants
1,diltut
1,dimora
1,dimpurtonza
1,dinamica
1,diniziativa
1,dinstrucziun
1,dinstruir
1,dinteress
1,diplom
1,diplomats
1,diras
1,directamein
1,directivas
1,direger
1,dirigentas
1,dirigents
1,dirs
1,disas
1,disaus
1,disavantatgs
1,discargai
1,disciplinars
1,discount
1,discuorer
1,discuorins
1,discussiunar
1,discutein
1,disgiu
1,disgrazias
1,dislocar
1,dislocaziun
1,dismessa
1,dismetter
1,disoccupaziun
1,dispensabels
1,dispiteivla
1,disproporziun
1,disputau
1,disputaziun
1,distanzas
1,distincziun
1,distinguer
1,distracziun
1,district
1,disturbar
1,disturbi
1,ditgel
1,diu
1,divergents
1,divertent
1,divertentas
1,dobservar
1,doccupar
1,doccurrenzas
1,docter
1,document
1,documentada
1,documentadas
1,documentescha
1,domena
1,dominau
1,domineschi
1,dominonta
1,donnun
1,doperas
1,dora
1,dorganisaziun
1,dorsala
1,dragun
1,dretga
1,droga
1,drovei
1,drovins
1,dubel
1,dubi
1,ductrina
1,dudischavla
1,duegi
1,duer
1,duessi
1,duessien
1,dueva
1,duffeci
1,duiara
1,dulenta
1,dumignar
1,dumignau
1,dun
1,dundel
1,dunfrir
1,durabladad
1,durana
1,durisch
1,durmir
1,dursera
1,dustada
1,duvrass
1,duvraus
1,duvravien
1,ebner
1,eco
1,ecologica
1,econom
1,ecumen
1,editurs
1,ediu
1,educaturs
1,educaziun
1,effectivamein
1,effectivs
1,efraim
1,egliada
1,elans
1,elavurescha
1,electric
1,electrica
1,electricas
1,eleger
1,elegida
1,ellalp
1,ellamerica
1,ellapoteca
1,ellarrivada
1,ellaua
1,ellaustria
1,ellengiadina
1,elleuropa
1,ellirlanda
1,ellitalia
1,ellumbriva
1,elvedi
1,embellida
1,emblidadas
1,emblidaus
1,emblidavel
1,embratschass
1,emettan
1,emoziunala
1,emoziuns
1,empaglia
1,empalont
1,empermischuns
1,emperneivel
1,emperneivla
1,emplenida
1,emploiai
1,emploiau
1,emposta
1,empren
1,emprendi
1,emprendissadi
1,emprendista
1,emprendists
1,emprovas
1,empruar
1,enconuschan
1,enconuschel
1,enconuscheva
1,enconuschevan
1,enconuschins
1,encuretg
1,endisau
1,endisaus
1,endriescher
1,endrizzar
1,engarta
1,engartel
1,engartond
1,engaschaus
1,englesas
1,engraziar
1,engraziau
1,engrazieivels
1,engrazieivla
1,engraziel
1,engreviada
1,engrondir
1,enorm
1,enqualga
1,enqualin
1,ensi
1,entaupa
1,entaupan
1,entelgeivla
1,enten
1,entschatta
1,entschevin
1,entupau
1,enumeraziun
1,enumerescha
1,envidai
1,enzanua
1,epi
1,equiliber
1,equivalent
1,erella
1,erigiu
1,erika
1,ernst
1,erotica
1,ers
1,eruidas
1,eruir
1,ervin
1,esch
1,essend
1,essenzial
1,esteticas
1,esther
1,eurasia
1,europeica
1,evaluadas
1,evangelica
1,eveniments
1,evidents
1,evidenza
1,evitaus
1,exactadad
1,exacts
1,exagerau
1,examinada
1,examinadas
1,excellentas
1,excellenza
1,excepziuns
1,exclusiv
1,exclusiva
1,exclusivamein
1,executivas
1,exemplarica
1,exemplaricamein
1,exequidas
1,exercezis
1,existan
1,existent
1,existentas
1,experientschas
1,experienza
1,experimentar
1,expert
1,explicau
1,explicaziun
1,explicheschan
1,explotau
1,expona
1,exposiziuns
1,expressiun
1,expressiuns
1,expressivas
1,exprimel
1,extendius
1,externs
1,extraordinari
1,extraordinaris
1,fabian
1,fabio
1,fabrizio
1,fadigiau
1,fagein
1,fagend
1,fagess
1,fagevella
1,fai
1,falera
1,fallida
1,familiar
1,familiara
1,familiaras
1,fanatica
1,fanatichers
1,fanatissem
1,fans
1,fantasia
1,fargliuns
1,fasas
1,fascinau
1,fascinava
1,fascineschan
1,fascinonts
1,fassadas
1,fastedis
1,fastitgs
1,fatschas
1,fatschenta
1,fatschentadas
1,fauturs
1,favoreivels
1,favoreivlas
1,favugn
1,fazalets
1,federal
1,fegls
1,fei
1,fem
1,femna
1,ferdava
1,fermamein
1,fermezia
1,fers
1,ferton
1,fervents
1,festiv
1,fetsch
1,fiastetta
1,fideivels
1,fidel
1,fidonza
1,fiffas
1,figura
1,figurar
1,fil
1,fildirom
1,filets
1,filialas
1,films
1,filosofau
1,fimar
1,finals
1,finanzialmein
1,finistrel
1,finiu
1,finius
1,firma
1,fischbacher
1,fixas
1,fixau
1,flad
1,flausas
1,flauta
1,fleivels
1,fleivla
1,fleivlas
1,fleivlezia
1,fleivlezias
1,flessegia
1,flexibladad
1,flezzer
1,florin
1,florista
1,flums
1,flurescha
1,fluri
1,flurina
1,fol
1,fontanivas
1,forestal
1,forestala
1,forestalesser
1,forestals
1,formau
1,formaziuns
1,formescha
1,formeschan
1,formulau
1,formulaziun
1,forrer
1,forstal
1,forte
1,fortissimo
1,forum
1,forzas
1,foss
1,fossa
1,fotografada
1,fotografias
1,fracziuns
1,franc
1,francada
1,francau
1,frauenfeld
1,fravis
1,freida
1,frequentaus
1,frestga
1,fretgs
1,friads
1,friaul
1,frida
1,fried
1,frischknecht
1,fritgeivladad
1,fritz
1,frontscha
1,fructificar
1,fructificau
1,fruntan
1,fruntaus
1,fuffergnadis
1,fugir
1,fugitivs
1,fumeglia
1,funcziunalitad
1,funcziunar
1,fundamental
1,fundamentals
1,fundau
1,funsil
1,fuormas
1,fuormla
1,furger
1,furnescha
1,furneschan
1,furniturs
1,furniu
1,furschalas
1,fussi
1,fuvan
1,gagliardas
1,gaglina
1,gaglinas
1,gallus
1,garantida
1,garantidas
1,garantir
1,gardists
1,garnezi
1,gartegi
1,gartegia
1,gartegiar
1,gasettas
1,gastro
1,gastronomia
1,gedius
1,generala
1,geners
1,generus
1,genneretsch
1,gentar
1,geraus
1,germania
1,gesticulaziuns
1,getg
1,ghegnas
1,giachen
1,giacun
1,giavel
1,giavisch
1,giavischa
1,giavischassien
1,giavischel
1,giavischi
1,giavischs
1,gidan
1,gidonters
1,gigant
1,giganticas
1,gimnasi
1,giogan
1,girada
1,giuanin
1,giubilara
1,giubileum
1,giudem
1,giudicheis
1,giuridicas
1,giuseppa
1,giuven
1,giuvenotter
1,giuvnal
1,giuvnals
1,giuvnas
1,glavegnir
1,gleiti
1,glemprem
1,glera
1,gliendisgis
1,gliesta
1,gliestas
1,gliet
1,glina
1,glischont
1,glischontas
1,globala
1,gloria
1,gnanc
1,gols
1,goms
1,gottard
1,grafica
1,grassa
1,gratuit
1,graun
1,graus
1,greppa
1,grevas
1,grevezia
1,grevs
1,gries
1,grisch
1,grischuns
1,grondius
1,groppa
1,grossa
1,grossezia
1,gruppaziun
1,guder
1,gudignai
1,gudogna
1,gudogni
1,gudognien
1,guetg
1,guido
1,guila
1,gusta
1,gusts
1,gustus
1,habels
1,habitaziun
1,habitaziuns
1,habiteis
1,habitonts
1,hallas
1,halter
1,hanletg
1,harmonia
1,harmonicas
1,hasper
1,hauser
1,havessen
1,havessien
1,havevien
1,hazra
1,hendri
1,hendry
1,hercli
1,herox
1,hierarchia
1,hilarica
1,hipotesa
1,hisli
1,historias
1,historic
1,historica
1,historicamein
1,historicas
1,hobi
1,hobis
1,holderegger
1,honorau
1,honur
1,honzeli
1,hormons
1,hospitalitad
1,hospitont
1,hossmann
1,hoteliers
1,hotels
1,hui
1,human
1,humilitad
1,huslia
1,ida
1,idas
1,ideala
1,idealissem
1,identificaziun
1,idols
1,iert
1,iev
1,igniv
1,ignorada
1,ignoradas
1,ignoraus
1,ilario
1,illustrada
1,illustrader
1,impedeschan
1,impediu
1,imperi
1,importar
1,imposantas
1,impressari
1,impressiunau
1,impressiunonta
1,impressiuns
1,impundiu
1,impundius
1,impurtonza
1,inamurada
1,incalculabel
1,incalculabla
1,incarica
1,incendis
1,incumbensa
1,independenza
1,indicaturs
1,indigen
1,indigena
1,indispensabels
1,indispensabla
1,individualas
1,individualitad
1,individualmein
1,indoor
1,industriala
1,industrials
1,inentira
1,inexistenza
1,inexposiziun
1,infectaus
1,infectescha
1,inflammada
1,influenzas
1,influenzau
1,influenzescha
1,informar
1,informaziuns
1,inidea
1,ininstituziun
1,iniziala
1,iniziants
1,iniziativa
1,innovativas
1,inoccurrenza
1,inolma
1,inoltrada
1,inoltradas
1,inoltrar
1,insects
1,insistiu
1,inspirau
1,instituziun
1,instituziuns
1,instradada
1,instradau
1,instroduciu
1,instruir
1,instruiu
1,instrumental
1,instrumentalists
1,instrumentaris
1,instruments
1,intacta
1,intarsias
1,integrada
1,integrai
1,integraus
1,integritad
1,intents
1,intercantunal
1,interdisciplinaras
1,interessadas
1,interessant
1,interessanta
1,interessantamein
1,interessants
1,interessescha
1,intermediar
1,intermediara
1,intermezzo
1,internaziunalas
1,interns
1,interprendider
1,interpretader
1,interrumpa
1,interruts
1,interval
1,intervenziuns
1,introducir
1,introducziun
1,intschess
1,inundeschan
1,invenziun
1,investau
1,investiziuns
1,involvi
1,irrelevants
1,irreparabla
1,irritau
1,isa
1,isai
1,isegls
1,isidor
1,iso
1,isolada
1,isolaturs
1,ivan
1,izun
1,jamaika
1,jamnila
1,jester
1,johann
1,josef
1,joseph
1,josias
1,jürg
1,kino
1,klingler
1,kloten
1,kreiliger
1,labirint
1,lacladavon
1,lactuara
1,ladministraziun
1,laghegiar
1,lagricultura
1,lags
1,lai
1,laian
1,lake
1,lalp
1,laltezia
1,lanalisa
1,lapicultura
1,larca
1,largias
1,larma
1,larsira
1,lartista
1,lassociaziun
1,lateralas
1,latgna
1,latiarna
1,latmosfera
1,lattascurter
1,lattenziun
1,laus
1,lautura
1,lavura
1,lavuruna
1,leander
1,lechmann
1,lectura
1,lecturs
1,legenda
1,leghers
1,legislativa
1,legiu
1,legreivla
1,legria
1,legualitad
1,legums
1,lehmannbernasconi
1,lenergia
1,lengiadina
1,lenn
1,lennariviandont
1,leonie
1,lessel
1,lessen
1,lesses
1,letargic
1,letg
1,letgs
1,letizia
1,levada
1,level
1,leveline
1,levgiament
1,levgiau
1,levs
1,levzas
1,lexpensa
1,lexposiziun
1,lexpressiun
1,liberalisassi
1,libramein
1,lidea
1,lidentitad
1,lieunga
1,ligian
1,ligiaus
1,ligionts
1,limitai
1,limpressiun
1,lina
1,linfrastructura
1,linga
1,linguistica
1,linquisiziun
1,lintegraziun
1,lintenziun
1,linterpresa
1,lintroducziun
1,liquidau
1,lironia
1,lisieux
1,listrida
1,liung
1,liungs
1,live
1,livers
1,lobedientscha
1,localitad
1,localitads
1,lolma
1,lombris
1,lombriser
1,lombrismanetsch
1,lontan
1,lontscha
1,loraziun
1,lorganisaziun
1,lorganista
1,losanna
1,lotto
1,lovra
1,lubir
1,lucraina
1,ludotecas
1,lufmagliadrun
1,luftscherver
1,lugau
1,luiara
1,lumneziadado
1,lunghezia
1,luolp
1,lura
1,luregn
1,lustria
1,luvravien
1,luvrer
1,luvrers
1,macumba
1,madleina
1,magazin
1,magda
1,maghers
1,magliar
1,magliaus
1,maguol
1,maina
1,maioritad
1,maisudiu
1,majestusas
1,malaura
1,malauras
1,malaveglia
1,malcuntents
1,maldiever
1,malegiai
1,malegiar
1,malemperneivels
1,malguessa
1,malguessadad
1,malpazienzia
1,malsaun
1,management
1,managers
1,mandats
1,manegian
1,maneivel
1,manevrar
1,mania
1,manifests
1,manischader
1,manischunzs
1,mantenida
1,manutta
1,mar
1,marc
1,marcadas
1,marcadonts
1,marcantamein
1,marcel
1,marchescha
1,marco
1,marginalisada
1,marginals
1,margis
1,margreta
1,margrita
1,marianne
1,mariano
1,maridaglias
1,marighel
1,marionna
1,marisa
1,marlboro
1,marmorera
1,mars
1,marschar
1,marschs
1,marviglius
1,maschinas
1,mass
1,massi
1,massiv
1,matei
1,matematica
1,material
1,maternitad
1,mattas
1,mattatscha
1,mattei
1,mattias
1,mattli
1,matura
1,maturitad
1,mavins
1,mazza
1,mazzau
1,medegai
1,medellins
1,meditonta
1,megliera
1,megliers
1,mein
1,meinagestiun
1,meinascola
1,meinis
1,meinrad
1,meisas
1,melodius
1,melodiusa
1,membra
1,menader
1,menaders
1,menadra
1,mengia
1,menziunadas
1,menziunescha
1,menzli
1,mercantila
1,mereta
1,mesas
1,mesiras
1,messa
1,mesura
1,meters
1,metoda
1,mettei
1,michel
1,microfon
1,microsoft
1,mida
1,miedi
1,miera
1,migeivlas
1,migliac
1,milissa
1,militar
1,militer
1,miller
1,milliun
1,mineralisada
1,minoritads
1,mintgamai
1,mintguniun
1,minuta
1,minutas
1,mir
1,miracla
1,miran
1,mirau
1,mirel
1,mischlos
1,misericordia
1,missiuns
1,mistergner
1,misteris
1,misterius
1,mistrala
1,mitic
1,mitigar
1,mitigau
1,mitschaus
1,miurun
1,mobilias
1,mobilitad
1,modificar
1,modificaus
1,momentana
1,mompé
1,mondura
1,monegovenzin
1,mongolia
1,monn
1,montai
1,montascha
1,moral
1,mortoris
1,motivadas
1,motivai
1,motociclist
1,motocross
1,mozart
1,mudest
1,mudests
1,multas
1,multicultural
1,multilinguistic
1,muments
1,mummas
1,muncava
1,munchentar
1,munchentau
1,munconza
1,munglavin
1,munta
1,muntagnard
1,munts
1,muort
1,muossien
1,murir
1,museums
1,musicala
1,musicalas
1,musicantas
1,musicants
1,musicist
1,musicists
1,muster
1,mustéracletta
1,mutteins
1,myriam
1,nadels
1,nadia
1,nadja
1,naschi
1,naschientschas
1,nausch
1,nauscha
1,nay
1,naziunal
1,naziunala
1,nebliu
1,necessaris
1,negativ
1,negativas
1,negaus
1,neginas
1,negins
1,negliu
1,nelly
1,neras
1,nescha
1,nevadas
1,nez
1,nezegiada
1,nezegiar
1,nezegiau
1,nicolay
1,nischas
1,nominaziun
1,nord
1,nordic
1,nordvest
1,normalmein
1,nostalgics
1,nota
1,notas
1,notizia
1,novaziuns
1,novitad
1,novitads
1,nucleara
1,nudar
1,nuidis
1,numerus
1,numerusa
1,numna
1,numnar
1,numnavan
1,nunconvenziunal
1,nuncumplicau
1,nundecidius
1,nundumbreivlas
1,nunenconuschents
1,nungetg
1,nungiustificadas
1,nuvs
1,objectiva
1,obligaziun
1,oblighescha
1,observader
1,obteniu
1,occupadas
1,occupai
1,occupau
1,occupaus
1,occurrenza
1,odi
1,olimpic
1,olimpica
1,olimpics
1,olinda
1,omisduas
1,omnipresenta
1,on
1,onda
1,onz
1,open
1,optica
1,optimala
1,optimalas
1,optimals
1,orasum
1,oraziun
1,orchester
1,orda
1,ordaviert
1,ordinari
1,ordinatur
1,ordlunder
1,organisatur
1,organisatura
1,organisaturas
1,organista
1,orientada
1,orientadas
1,orientala
1,orientar
1,original
1,originala
1,oriunda
1,ornitologs
1,ortopedic
1,ost
1,osum
1,ovra
1,oxigen
1,oxytocin
1,ozildi
1,pader
1,padrinadi
1,paga
1,pagada
1,pagar
1,pagina
1,pajarola
1,pala
1,paleis
1,palesau
1,paletta
1,pals
1,panica
1,pantun
1,papals
1,parallelas
1,parcadis
1,parcai
1,parcella
1,parchescha
1,parents
1,pareri
1,parlamentaras
1,parola
1,parolas
1,parsura
1,partenari
1,participont
1,particlas
1,particular
1,partidas
1,partiu
1,partiziun
1,parts
1,parturir
1,parziala
1,parzialmein
1,passada
1,passatemps
1,passentavel
1,passiunau
1,pastiras
1,pastorala
1,pastoraziun
1,paterlieras
1,patinunza
1,patratg
1,patratgel
1,patratgs
1,patria
1,patrimoni
1,patruncasa
1,paul
1,paula
1,paupra
1,pauschala
1,pazienzia
1,peder
1,pégns
1,peiden
1,pellets
1,pender
1,pendular
1,penetienzia
1,penetronta
1,pensivs
1,pér
1,perda
1,perdan
1,perdanonza
1,perdavons
1,perdetga
1,perdita
1,perfecziunament
1,perfecziunaus
1,perfetga
1,perfetgas
1,perfin
1,periclitai
1,periferia
1,permanenta
1,permanentamein
1,permiez
1,perpetna
1,perschuadents
1,perschuader
1,perschuadi
1,perschuadida
1,perschuadiu
1,persequitada
1,persequitau
1,persequiteschi
1,perseveronza
1,persistent
1,perspectiv
1,perspectiva
1,perspectivas
1,persula
1,persuls
1,persunala
1,persunalas
1,persunificaziun
1,pertgirader
1,pertgiri
1,pertscharts
1,pertuccada
1,pertuccadas
1,pertuccan
1,pertuccaus
1,pesar
1,pescadurs
1,pescar
1,pèschs
1,petgs
1,péz
1,pézs
1,pfister
1,pialselvaschina
1,piarda
1,piardan
1,piarsa
1,piclar
1,picturescha
1,pieder
1,pievels
1,pignets
1,pigniel
1,pigo
1,pilpli
1,pinau
1,pista
1,pistas
1,pitescha
1,pitgond
1,pitir
1,pius
1,placats
1,plaga
1,planisadas
1,planisaus
1,planisaziun
1,planiv
1,plantschius
1,plasch
1,plaschers
1,plat
1,platta
1,plattafuorma
1,plattas
1,plaunca
1,plaunet
1,plaunsiu
1,plazzas
1,plidader
1,plidadras
1,plidentar
1,plidentau
1,plievgia
1,plonta
1,plontinas
1,plueva
1,pluralitad
1,poker
1,politicamein
1,politichers
1,politics
1,polizia
1,pomai
1,pomologia
1,pompus
1,pompusas
1,pon
1,ponderaziun
1,ponderaziuns
1,ponderein
1,ponderescha
1,pop
1,popular
1,populara
1,popularitad
1,populars
1,pors
1,porscha
1,portan
1,porti
1,posauna
1,positiv
1,posiziunar
1,possedan
1,posseder
1,possessurs
1,possibilitar
1,postala
1,potenzial
1,pratic
1,praticamein
1,praticar
1,praticas
1,praula
1,precauziun
1,precipitaziuns
1,predas
1,predicant
1,preferenzas
1,preferir
1,preferiu
1,preits
1,prelegia
1,premiadas
1,premurau
1,prendan
1,prendess
1,prendi
1,preparada
1,preparadas
1,preparar
1,preparativa
1,preparativas
1,preparaziun
1,preschientscha
1,prescret
1,present
1,presenta
1,presentai
1,presentan
1,presentar
1,presentaus
1,presidi
1,presidiar
1,presidiau
1,presidiescha
1,pressa
1,prestudis
1,pretender
1,pretendi
1,pretendien
1,pretendiu
1,preveda
1,preventiv
1,previ
1,previu
1,prezis
1,pri
1,prighel
1,prima
1,principala
1,principalas
1,principalmein
1,principis
1,prioritad
1,prioritads
1,prius
1,privat
1,privatas
1,pro
1,probabels
1,probabla
1,problematica
1,proceder
1,proceduras
1,process
1,processiun
1,processiuns
1,procurar
1,procurava
1,produceva
1,producida
1,producidas
1,producius
1,productivs
1,professer
1,professiunal
1,professiunalisar
1,professiunalmein
1,profets
1,profitar
1,profundamein
1,programs
1,progress
1,projectau
1,prolactin
1,prominenza
1,promova
1,promovida
1,promtas
1,pronunzias
1,propaghescha
1,propona
1,propostas
1,prospect
1,protagonists
1,proteger
1,protegius
1,protestau
1,provediment
1,provisoris
1,proximamein
1,proximas
1,prudenta
1,psalms
1,psicologia
1,publica
1,publicadas
1,publicas
1,publicau
1,publichescha
1,publicheschan
1,publicistic
1,puccau
1,puder
1,pudeva
1,pulenta
1,pulit
1,pulpiu
1,pults
1,pum
1,punts
1,puntuescha
1,puorla
1,pupialamenta
1,pupilla
1,puppergnava
1,puraria
1,puresser
1,purificaziun
1,purscheva
1,purschiu
1,purtaders
1,purtava
1,puschlav
1,pusseivels
1,quac
1,quacras
1,qual
1,qualificaziuns
1,quals
1,quart
1,quartet
1,queida
1,quellacziun
1,quellidea
1,quellinstituziun
1,quellorganisaziun
1,quelluriala
1,quentan
1,quescher
1,questiun
1,questiunaris
1,questjamna
1,quintet
1,quitava
1,rabaizas
1,rabitschar
1,raccolta
1,raccoltau
1,rachetas
1,radicalas
1,radiotelefonia
1,rageth
1,ragischar
1,raimund
1,rapina
1,raquenta
1,raquintar
1,raquintava
1,raras
1,rauba
1,razén
1,raziunal
1,reagar
1,realisabels
1,realisabladad
1,realisadas
1,realisai
1,realisar
1,realisau
1,realiseschi
1,realitad
1,reals
1,recent
1,recepida
1,recepius
1,recicladi
1,reclama
1,reclamaziuns
1,reconciliaziun
1,reconstrucziun
1,reconstruida
1,reconuschiu
1,recrut
1,recuors
1,redimensiunada
1,reducziun
1,refar
1,referats
1,referendum
1,referents
1,refinanziaziun
1,reflecteschan
1,reformadas
1,refrestg
1,refusada
1,regal
1,regalan
1,regalau
1,regals
1,regenzas
1,registrau
1,registreschins
1,reglada
1,reglai
1,reglament
1,reglamentaziuns
1,reglescha
1,regorda
1,regress
1,regular
1,regularmein
1,regulativ
1,regurdientschas
1,reh
1,rehas
1,reintroducius
1,reits
1,reka
1,relaschaus
1,relaziuns
1,relicts
1,religiun
1,religiusa
1,religiusamein
1,remarca
1,remarcabel
1,remarcabels
1,remarcabla
1,remplazza
1,renda
1,rendita
1,renomadas
1,renovaziun
1,renta
1,renum
1,renunzia
1,renunziau
1,reparaturas
1,repartgius
1,reparti
1,repartiziun
1,repassar
1,repertuar
1,reponderar
1,reponderaziuns
1,representant
1,representanza
1,representaziuns
1,reschia
1,resentiments
1,reserva
1,reservada
1,resgia
1,resgiader
1,resignau
1,resignaziun
1,resigneschan
1,respectivamein
1,responsabel
1,responsablas
1,rest
1,restada
1,restadas
1,restauradas
1,restauratura
1,restel
1,restrenscha
1,restrenscher
1,restrenschida
1,restrenschiu
1,restricziuns
1,resun
1,reteni
1,retica
1,retschas
1,retscheiva
1,retscheivi
1,retscherca
1,retuorn
1,returnai
1,returnaus
1,reunir
1,revanscha
1,revegni
1,revier
1,revitalisar
1,revius
1,reviver
1,revoluziunau
1,revolver
1,rezia
1,ri
1,richard
1,rico
1,rihezia
1,rimna
1,rimnadas
1,rimnau
1,rinforza
1,rinforzar
1,ris
1,risadas
1,risguardar
1,risguardau
1,risposta
1,rita
1,riva
1,roc
1,rodunda
1,roghi
1,romana
1,romania
1,romantic
1,romantica
1,romontschs
1,roms
1,rosina
1,ruasseivladad
1,ruclada
1,ruclas
1,rudi
1,rudolf
1,rueida
1,rugalau
1,ruiders
1,rumida
1,rumien
1,rundas
1,ruosnas
1,russ
1,ruta
1,rutta
1,rutz
1,s
1,sabsenta
1,saccordai
1,saccordien
1,sadialas
1,sadressan
1,sagognschluein
1,sai
1,salada
1,salarisaziun
1,saldo
1,salid
1,salida
1,salinas
1,salt
1,salvadas
1,salvament
1,salvas
1,salvi
1,samuel
1,sanadad
1,sanaziun
1,sanctuari
1,sancziun
1,sancziunai
1,sandra
1,sanitad
1,sannunziar
1,sappropriescha
1,sas
1,satel
1,satels
1,satisfacziun
1,saudan
1,saul
1,saulzas
1,savida
1,savonzien
1,savurus
1,sax
1,sbagl
1,sbatter
1,sbrenzla
1,sbursau
1,scadenada
1,scaffir
1,scala
1,scaldaments
1,scaldar
1,scalems
1,scalina
1,scamond
1,scamonda
1,scandinavia
1,scappar
1,scarnuz
1,scarpetsch
1,scarpont
1,scauldan
1,scazis
1,scenari
1,scenas
1,sceptica
1,schabegian
1,schäli
1,schanegia
1,schanuglia
1,schanuglias
1,scharmant
1,schaub
1,schazegia
1,schazegiava
1,schebi
1,schef
1,schegie
1,schel
1,schels
1,schema
1,schenada
1,schenghegiau
1,schetg
1,schetga
1,schia
1,schibettas
1,schil
1,schils
1,schin
1,schlappa
1,schliattas
1,schmutz
1,schneller
1,schnoz
1,schocher
1,schubergiada
1,schubergiaus
1,schul
1,schuldai
1,schumbraders
1,schurmegiadas
1,schurmetgs
1,schurnalissem
1,sclaridas
1,scolar
1,scolaras
1,scolaret
1,scolas
1,scoletta
1,scomi
1,scomis
1,scopimedel
1,scops
1,scotga
1,scretta
1,scrinari
1,scrivan
1,scrivins
1,scuet
1,scuidus
1,scumandaus
1,scumpentar
1,scuntrada
1,scuol
1,scursalar
1,scursanida
1,scuvierer
1,scuviertas
1,scuvretg
1,sdrema
1,sdremas
1,sebasa
1,sebasond
1,sebrattan
1,secapeschan
1,secapir
1,secasada
1,secatta
1,secaveglia
1,seconcentrar
1,seconfunder
1,secretariat
1,sectas
1,secturs
1,secuglienada
1,secumblidar
1,secumprovadas
1,secumprovaus
1,secundara
1,secundars
1,secundas
1,secusseglian
1,secziun
1,sedadas
1,sedamonda
1,sedar
1,sedeclaradas
1,sedeclaraus
1,sedefender
1,sedepurtar
1,sederasa
1,sederasaus
1,sedestadada
1,sedia
1,sedistanziescha
1,sedrezzan
1,sedumandai
1,sedustar
1,seduta
1,seelibertschi
1,sefar
1,seferma
1,seformada
1,sefuormi
1,segida
1,segidada
1,segidadas
1,segidan
1,segidel
1,segidi
1,segira
1,segiradas
1,segirai
1,segirar
1,segirezia
1,segls
1,segna
1,segnas
1,sei
1,seigies
1,seismograf
1,selavaus
1,selecziunar
1,selegran
1,selegrar
1,seludar
1,selva
1,selvadi
1,semadirar
1,semanifesteschien
1,semblidar
1,sembratschan
1,semeglia
1,semeglionta
1,semenaus
1,semess
1,semesters
1,semettel
1,semida
1,semidai
1,semidei
1,seminaris
1,semnau
1,semotivar
1,sempels
1,sempitschar
1,sempladad
1,semplas
1,semplunai
1,semuentada
1,semuentava
1,semussai
1,semussar
1,sencorschien
1,senectute
1,sengaschassen
1,senioras
1,senoda
1,sensibel
1,sentaupan
1,sentimentala
1,sentir
1,sentupar
1,sep
1,separticipescha
1,separticipeschel
1,separticipeschins
1,sepatrunar
1,seperfecziunar
1,seperschuader
1,seperschuadins
1,seplaccai
1,sepreparai
1,sepresentada
1,sepresentai
1,seprofundar
1,sequalificada
1,serada
1,serecamondan
1,sereducescha
1,sereferescha
1,seregurdar
1,serenda
1,serendan
1,serendi
1,serendida
1,serepeter
1,serevegnida
1,serevegnir
1,sergio
1,seria
1,serias
1,serimnada
1,serimnar
1,seriscuda
1,serius
1,serrada
1,serrai
1,serrar
1,serva
1,sesarver
1,seschau
1,sescuntrada
1,sescuntradas
1,sesenta
1,sesentan
1,sesentien
1,sesezza
1,sesezzas
1,sesida
1,sesin
1,sesminuidas
1,sespleiga
1,sespruau
1,sessiun
1,sestgirenta
1,set
1,setener
1,seteni
1,seturpegiar
1,severificau
1,severificaus
1,seveser
1,sexprimidas
1,sexprimius
1,sextenda
1,sexualitad
1,sezuppa
1,sferdur
1,sfida
1,sforzs
1,sfurzar
1,sgolan
1,sgrata
1,sgrema
1,sgular
1,sgurtegia
1,show
1,siado
1,siaffonza
1,sialp
1,siara
1,siatavla
1,sicilia
1,siemi
1,siemia
1,siet
1,siets
1,sigis
1,sigisbert
1,siglientar
1,signar
1,signuria
1,signurs
1,sillentschatta
1,silo
1,silpli
1,sils
1,silsuc
1,silvia
1,simaginein
1,simbol
1,simbols
1,simon
1,simonett
1,simpatic
1,sinaquei
1,sincera
1,sinceras
1,sinergia
1,singrondir
1,singular
1,sinquei
1,sinzur
1,sisavla
1,sistematicamein
1,sisura
1,situaus
1,skiunza
1,slargaus
1,slargiada
1,sligiar
1,slondas
1,smaccau
1,smaledicziun
1,smanatschadas
1,smanatschas
1,sminuaziun
1,sminuent
1,soccupar
1,soccupaus
1,socialdiaconic
1,socials
1,solara
1,solemn
1,solèr
1,solitari
1,solver
1,sonatas
1,sontgadad
1,sopran
1,sora
1,sorteschi
1,spagat
1,spanegiaus
1,spargn
1,spargnassen
1,sparta
1,spartas
1,spartel
1,spartida
1,spassegiaders
1,spassegiar
1,spatitschaus
1,spazzatgamin
1,specialas
1,specialisadas
1,specialist
1,specialists
1,specials
1,specias
1,specificas
1,spectaculara
1,speculau
1,spendi
1,speran
1,sperdiders
1,speronzas
1,spetachel
1,spetga
1,spetgar
1,spetgas
1,spetgel
1,spetgien
1,spidar
1,spina
1,spinusa
1,spir
1,spisa
1,spitals
1,spitex
1,spitgava
1,spligia
1,spontanamein
1,sportivas
1,sportivs
1,spurtegl
1,spusa
1,squadra
1,squadras
1,stabila
1,stabilisaziun
1,stadivas
1,stagnaziun
1,stagnescha
1,stalla
1,stans
1,stargelcamutsch
1,starler
1,stattan
1,statura
1,status
1,stauncla
1,staziunai
1,staziunar
1,stedi
1,stedia
1,stedias
1,steilalva
1,stellida
1,stema
1,stendi
1,stentusa
1,sterment
1,stetti
1,stgir
1,stil
1,stina
1,stipulau
1,stipulescha
1,stizzada
1,stizzadas
1,stoffel
1,stop
1,storta
1,streglias
1,strentga
1,strer
1,stria
1,strictamein
1,strihada
1,strocla
1,studegia
1,studegian
1,studegiar
1,studis
1,stueva
1,stuffi
1,stun
1,stunclentus
1,stuorns
1,stupenta
1,stuschada
1,suadetsch
1,suandont
1,suau
1,sublim
1,substanzas
1,substitut
1,succedan
1,succediu
1,successivamein
1,successura
1,sudevan
1,suentermiezgi
1,suflar
1,sufleltgil
1,sugas
1,suicids
1,suisse
1,sulegliv
1,sulegliva
1,summa
1,sumvitg
1,sunau
1,suorda
1,suosta
1,superificial
1,suppleant
1,suppleants
1,supponer
1,supprimi
1,surcargadas
1,surcargar
1,surcarschi
1,surcombras
1,surcuolm
1,surcusi
1,surdada
1,surdai
1,surdar
1,surdaus
1,surfatschas
1,surmeir
1,surmuntaus
1,surnotgs
1,surpren
1,surprendan
1,surprendent
1,surprendents
1,surrein
1,surschau
1,surses
1,sursilvana
1,sursilvanas
1,surura
1,survegneva
1,survescha
1,survesta
1,survigilada
1,survir
1,surviu
1,surviver
1,suspectusa
1,sustegnan
1,sustener
1,susteniu
1,sutga
1,sutgas
1,sutgera
1,sutschazegiar
1,sutsilvan
1,suttamessas
1,suttetel
1,suveran
1,sveglian
1,svegliarin
1,svegliau
1,sviament
1,sviluppein
1,sviluppescha
1,sviluppeschan
1,svizras
1,syna
1,tablas
1,taccan
1,tagliavan
1,talentada
1,talmein
1,tambornino
1,tancar
1,targlinar
1,targlinien
1,tarlischa
1,tarmess
1,tatta
1,taxa
1,taxas
1,team
1,teateret
1,tecnicarchitectonica
1,tedlar
1,tedlond
1,tegia
1,tegnan
1,teidla
1,teidlel
1,teissa
1,telefon
1,telefons
1,teman
1,tematica
1,tematisescha
1,temevan
1,temperament
1,temperaturas
1,tenda
1,tenend
1,tener
1,tenercasa
1,tenevan
1,teniu
1,teodor
1,teoria
1,teppi
1,teresa
1,terminada
1,terminadas
1,terminaus
1,termins
1,terrester
1,tessaglia
1,tessines
1,testas
1,tetg
1,texts
1,tgalandamars
1,tgamunadas
1,tgamunau
1,tgauns
1,tgeinin
1,tgeuadad
1,tgietschen
1,tgil
1,tgiran
1,tgiraus
1,tgisa
1,tgisà
1,tgunschamein
1,theo
1,thomas
1,tiba
1,tibas
1,tiels
1,tiers
1,tin
1,tiraduras
1,tiri
1,tolerau
1,tomül
1,tonpli
1,tons
1,tonscha
1,tonschan
1,tonta
1,tönz
1,top
1,toscana
1,tozzel
1,tractandas
1,tractandum
1,tractura
1,tradescha
1,tradir
1,tradiziunal
1,tralaschau
1,transfiguraziun
1,transit
1,transitoria
1,translocada
1,transports
1,transsibirica
1,tratga
1,tratgan
1,tratgs
1,treglia
1,trembla
1,trenader
1,trenai
1,trend
1,trenein
1,treneschan
1,trentonns
1,tresa
1,tresta
1,trests
1,tric
1,triling
1,tromba
1,tropic
1,trot
1,trubadurs
1,trubistgada
1,truchet
1,truffels
1,truppa
1,trutgs
1,tschaffada
1,tschaffar
1,tschaffau
1,tschaffaus
1,tschaler
1,tscharnida
1,tscharva
1,tschei
1,tscheins
1,tscheiver
1,tscheivers
1,tschellas
1,tschenein
1,tschentada
1,tschentadas
1,tschercadas
1,tschercan
1,tscherchi
1,tschernobyl
1,tschessada
1,tschiec
1,tschien
1,tschintschau
1,tschintschem
1,tschocca
1,tschontscha
1,tschuat
1,tschuf
1,tschunavla
1,tschuor
1,tschupials
1,tschuppels
1,tschurvi
1,tshirts
1,tualetta
1,tualettas
1,tuatschin
1,tuatschina
1,tuc
1,tuccar
1,tuccau
1,tun
1,tunau
1,tunava
1,tunnel
1,tuns
1,tunschiu
1,tuorbel
1,tuornan
1,tuornins
1,tuppadads
1,tups
1,turbulenzas
1,turistic
1,turitges
1,turitgesa
1,turnada
1,turnai
1,turnar
1,turnaus
1,turnava
1,turnea
1,turniers
1,tusaun
1,tuschau
1,u
1,ualvess
1,udend
1,udida
1,udiu
1,uettas
1,ufficialas
1,ufficialmein
1,ufficials
1,ughegiar
1,ulber
1,ulteriura
1,ulteriuras
1,ultra
1,unanim
1,unanimamein
1,undreivla
1,unescha
1,unfrenda
1,unic
1,unitad
1,untgida
1,uoppen
1,uors
1,uorset
1,uost
1,urban
1,urgent
1,urs
1,ursera
1,ustiers
1,vad
1,vai
1,valan
1,valata
1,valendau
1,valentina
1,valer
1,valetada
1,valetaziun
1,vali
1,valischa
1,vallada
1,valladas
1,vargadas
1,vargai
1,variantas
1,vast
1,vasts
1,vau
1,veglian
1,veglien
1,vegls
1,vegnas
1,vegnel
1,vegnentsuenter
1,vegness
1,vegnevin
1,vegnin
1,vegnins
1,vegns
1,vehementa
1,vehemenza
1,velo
1,velocipedists
1,vender
1,vendiu
1,vendius
1,veneraus
1,venter
1,ventilaus
1,vents
1,verd
1,verdegia
1,veritabel
1,veritabla
1,vernissascha
1,vers
1,versiun
1,vertentas
1,vertid
1,vesein
1,veseivla
1,vesel
1,vesessen
1,vesesses
1,veseva
1,vesi
1,vestas
1,vestgiu
1,vestgius
1,veterinari
1,vev
1,vevan
1,viaden
1,viagiar
1,viagra
1,vial
1,viandonts
1,viarms
1,viarva
1,vicendeivel
1,vicepresident
1,vicepresidi
1,victur
1,victura
1,victuras
1,vier
1,vierm
1,vies
1,vieua
1,vigeli
1,vigur
1,vilaus
1,vincent
1,vincenz
1,viril
1,virola
1,virolar
1,visar
1,vischala
1,vischinadi
1,vischinonza
1,visetan
1,visitaders
1,visitau
1,visitava
1,visitavan
1,visiuns
1,vita
1,vitgira
1,viult
1,vivas
1,vivevan
1,viviu
1,vivius
1,vivonda
1,vivs
1,voluntad
1,vons
1,vossas
1,votantas
1,votar
1,votaziuns
1,vrin
1,wegmann
1,widmer
1,widmerschlumpf
1,wildhaber
1,wiss
1,worb
1,workshops
1,xilofons
1,zacontas
1,zacu
1,zaffermust
1,zanur
1,zappas
1,zar
1,zegg
1,zercladur
1,zerclem
1,zona
1,zonas
1,zuppau
1,zuppentar
2,abundonza
2,accident
2,accumpignament
2,activitad
2,activitads
2,acziun
2,acziuns
2,adattau
2,adherents
2,affon
2,agir
2,allentschatta
2,allura
2,alpin
2,alpina
2,alps
2,alternativa
2,alvs
2,amogna
2,andreas
2,anfla
2,anflan
2,angela
2,ano
2,anticipada
2,aria
2,arisguard
2,arpagaus
2,aspect
2,astgan
2,astgau
2,astgi
2,atlets
2,auda
2,aulta
2,autruisa
2,avantatgs
2,babs
2,badelada
2,banca
2,bands
2,bandunan
2,bargir
2,bass
2,basta
2,batten
2,baun
2,beinstar
2,beneventau
2,biabein
2,bilingua
2,bratscha
2,bucca
2,buchs
2,bugnar
2,buns
2,buob
2,buorsa
2,burgheis
2,bus
2,cader
2,cadonau
2,calira
2,calzers
2,cameriers
2,candidat
2,candinas
2,cantar
2,cantica
2,cantunalas
2,capeschan
2,capir
2,capital
2,cargau
2,carschida
2,carstgaun
2,carteivel
2,casutt
2,categoria
2,cathomen
2,caultschas
2,cavegn
2,centers
2,certa
2,certas
2,cheutras
2,chjeu
2,chors
2,clamada
2,clara
2,claudia
2,cletg
2,clima
2,collaborar
2,colur
2,combra
2,comite
2,comma
2,commember
2,commerci
2,communablamein
2,communicar
2,computers
2,con
2,conclusiun
2,concret
2,concretamein
2,confirma
2,cons
2,consequentamein
2,consista
2,construcziun
2,contan
2,contemporana
2,contingents
2,contribuziun
2,contribuziuns
2,controllas
2,cooperescha
2,coordinaziun
2,coray
2,corp
2,corporaziun
2,corrispunda
2,cotschens
2,crappa
2,crear
2,creativitad
2,credit
2,crei
2,crescha
2,crisa
2,cristallina
2,criua
2,cudischs
2,cugl
2,cumandant
2,cumin
2,cumissiun
2,cumparius
2,cumpogn
2,cungir
2,cuntentientscha
2,cuntents
2,cuntinuar
2,cuolm
2,cuoran
2,curaglia
2,curdai
2,curriders
2,cuschina
2,cussegliader
2,cussegliaziun
2,dacceptar
2,dacheu
2,dacquistar
2,dadas
2,dadens
2,daditg
2,dadministraziun
2,dai
2,dalladministraziun
2,dallagricultura
2,dallaura
2,dalluniun
2,dameins
2,daniel
2,daniela
2,danistavanasa
2,dapresent
2,dasperas
2,datum
2,daventaus
2,december
2,decennis
2,decida
2,defuncta
2,delegai
2,deleger
2,deletg
2,demissiunau
2,departament
2,deplazes
2,deplorar
2,deputau
2,derasaus
2,deriva
2,detagls
2,deva
2,dexister
2,diesch
2,dieus
2,different
2,differenziada
2,difficultads
2,dimensiun
2,dinformaziun
2,dinstituziuns
2,dira
2,directur
2,dirigent
2,dirigius
2,disavantatg
2,disciplina
2,discret
2,discriminai
2,discutau
2,disentiserhof
2,distanza
2,divin
2,dominar
2,dordeifer
2,drovi
2,dueigien
2,duessen
2,duin
2,duiu
2,economia
2,economica
2,edifeci
2,efficienta
2,egliers
2,elavurau
2,electoral
2,electronica
2,elecziun
2,elegia
2,elegiu
2,eligiu
2,eligius
2,ellentira
2,empriu
2,emprova
2,enamiez
2,enconuscha
2,encurir
2,energia
2,engaschai
2,engaschau
2,engler
2,engles
2,engraziein
2,engrondida
2,enneu
2,enramada
2,ensemble
2,entgina
2,entira
2,entra
2,envida
2,eventualmein
2,examens
2,excellenta
2,exista
2,existenza
2,exnum
2,experiment
2,facticamein
2,fadigia
2,fascinada
2,fatga
2,fatscha
2,fatschentas
2,favoreivel
2,favorit
2,federalas
2,femnas
2,ferm
2,fermezias
2,festival
2,fetschel
2,fina
2,finalmein
2,finanzas
2,finanziala
2,finida
2,fiug
2,fixescha
2,fluras
2,fontauna
2,foppa
2,forza
2,freid
2,frenar
2,frequentan
2,frequentar
2,friburg
2,frina
2,fritgeivla
2,fumegl
2,fumegls
2,funcziunau
2,fundament
2,fundar
2,fundaziun
2,funs
2,futura
2,gener
2,generaziun
2,giap
2,giavischau
2,gidar
2,gidau
2,gioga
2,gir
2,giudicar
2,giugar
2,giugau
2,giuvenila
2,giuventetgna
2,gliendisdis
2,globalisaziun
2,golf
2,gratuita
2,grau
2,grazia
2,grischunas
2,grondezia
2,gruppas
2,gudignau
2,guvernativ
2,habilitads
2,haveis
2,havevi
2,hosp
2,hug
2,hunger
2,huonder
2,ideal
2,identitad
2,ieli
2,immens
2,impedi
2,impedir
2,impuls
2,impurtontas
2,impurtonts
2,indigenas
2,indigens
2,individuala
2,individuals
2,informau
2,infrastructura
2,inschign
2,instanzas
2,intensivamein
2,intent
2,interessents
2,internaziunal
2,internaziunala
2,internet
2,intervegnir
2,investa
2,iris
2,iu
2,jacomet
2,jasters
2,lantschau
2,lardi
2,larisch
2,larmada
2,larmas
2,latg
2,laura
2,leconomia
2,lecziuns
2,legher
2,legliada
2,legreivel
2,leo
2,leschas
2,levet
2,lez
2,lezs
2,lezzas
2,libers
2,libertad
2,lidinuot
2,lingias
2,linizianta
2,liniziativa
2,litterara
2,liungas
2,livels
2,locals
2,lubiu
2,lumbrein
2,lumnezian
2,luntgida
2,luschezia
2,magun
2,malencurada
2,maletgs
2,malgrad
2,malsauns
2,malsogna
2,manedels
2,manegia
2,maniera
2,manual
2,marca
2,mardis
2,maschina
2,materia
2,matg
2,maximal
2,medema
2,meglieras
2,meinan
2,meini
2,mèl
2,melli
2,melodia
2,menaus
2,mender
2,menziunau
2,mias
2,midar
2,mied
2,mieds
2,migeivel
2,migliurar
2,minoritar
2,mintgagi
2,mirar
2,mischedau
2,mises
2,mistregn
2,moderatura
2,momentan
2,morissen
2,mort
2,motivescha
2,motor
2,mulin
2,mumpé
2,muncar
2,mundaun
2,mundiala
2,na
2,necessarias
2,nossadunna
2,nossas
2,novaziun
2,nums
2,o
2,objects
2,obligaziuns
2,occupaziun
2,ordeifer
2,oreifer
2,organisau
2,organisaus
2,organisaziun
2,otg
2,pacs
2,pagau
2,panaduz
2,papa
2,parada
2,parc
2,partenaris
2,participaziun
2,participonts
2,passa
2,passau
2,patertgar
2,patric
2,pauca
2,paucs
2,pauper
2,pavel
2,pazients
2,pegna
2,peina
2,peiver
2,pensums
2,perfetg
2,perinagada
2,perioda
2,perschuadius
2,persunal
2,persunalitads
2,persunalmein
2,pertgirar
2,philipp
2,pigl
2,pigniu
2,pilver
2,pinar
2,pissiun
2,pistola
2,pitasch
2,piteschan
2,pitiu
2,plan
2,plans
2,plauncas
2,plidava
2,podi
2,poesia
2,politic
2,politicas
2,porscher
2,possess
2,possibilitescha
2,posts
2,prau
2,prefereschi
2,prelecziun
2,premi
2,premias
2,premis
2,premissa
2,premissas
2,prescripziuns
2,pressiun
2,prestaziuns
2,previda
2,prighels
2,primarmein
2,principal
2,privata
2,privats
2,procedura
2,procura
2,procuran
2,produceschan
2,producir
2,products
2,producziuns
2,professiun
2,profis
2,profunda
2,proposta
2,publicitad
2,pulitamein
2,pumera
2,pumpiers
2,puntuau
2,pupi
2,puril
2,purschidas
2,purtau
2,qualificaziun
2,radunonzas
2,ragischs
2,rapport
2,raps
2,raquentan
2,raschun
2,raspada
2,reacziun
2,reala
2,realisada
2,recaltgar
2,reeligius
2,registers
2,registrar
2,regla
2,reglas
2,rehs
2,reit
2,relaziun
2,remplazzar
2,renania
2,renconuschientscha
2,renunziar
2,reorganisaziun
2,reproschas
2,reputaziun
2,resorta
2,responsabla
2,ressort
2,restar
2,restauraziun
2,restaus
2,resti
2,resultats
2,retscha
2,retscheiver
2,rispostas
2,ritmica
2,rom
2,roman
2,romontschia
2,ruasseivel
2,ruasseivels
2,ruaus
2,ruchegia
2,ruinaulta
2,ruschein
2,sal
2,salvau
2,sanada
2,santeri
2,sappien
2,satisfatgs
2,satrada
2,sauda
2,savein
2,savessen
2,savessi
2,savevan
2,sbagls
2,sboz
2,scarpau
2,scena
2,schabetg
2,schellas
2,schiglioc
2,schinumnau
2,schjeu
2,schlatteina
2,schliata
2,schliatas
2,schnaus
2,schon
2,schuoler
2,schurmegiar
2,schwarz
2,scin
2,scina
2,scolasts
2,scopi
2,scret
2,scribent
2,secuntener
2,sedecider
2,sefatschentar
2,sefatschentaus
2,segirada
2,segiramein
2,segirs
2,segner
2,segreschan
2,seiv
2,selvaschinas
2,semegliont
2,semettan
2,semidar
2,semidau
2,sempel
2,semplamein
2,semuossa
2,senda
2,sengaschaus
2,seniors
2,senta
2,sentiment
2,sentupadas
2,senumna
2,separticipar
2,sepresentar
2,seregorda
2,seretrer
2,serraus
2,sesa
2,sesanfla
2,sesidas
2,setenida
2,setracti
2,sevilan
2,sexprimer
2,sgnocca
2,sigl
2,signur
2,sillas
2,silvio
2,simonet
2,simpatia
2,simpaticamein
2,sina
2,sincerescha
2,singuls
2,siovra
2,skiunzs
2,sligiaziun
2,sligiaziuns
2,sluccar
2,snowboard
2,solists
2,soluziun
2,sort
2,sorts
2,spargnau
2,special
2,sperar
2,sperdita
2,spért
2,spetgan
2,spiars
2,sponsurs
2,stadera
2,stads
2,stanza
2,stenda
2,stender
2,stentas
2,stizuns
2,stoppien
2,strategia
2,structuras
2,struha
2,studi
2,stuer
2,stuevan
2,stuors
2,stupent
2,suandonts
2,succeder
2,successiun
2,successur
2,suentermiezdi
2,suga
2,suonda
2,suondan
2,sura
2,surcasti
2,surengiu
2,surmuntar
2,surpresas
2,surrir
2,surstar
2,surtut
2,survegnan
2,surveser
2,survigilader
2,survigilonza
2,sutsura
2,suttetg
2,swiss
2,tabella
2,talians
2,teater
2,tegias
2,tegn
2,teilas
2,televisiun
2,temas
2,termin
2,terrada
2,tertgau
2,test
2,tgaun
2,tgierp
2,tia
2,tiel
2,til
2,tils
2,tipic
2,tonaton
2,total
2,tractament
2,tradiziunals
2,translatada
2,tratg
2,trenar
2,trenau
2,trenescha
2,trer
2,tribuna
2,tschancun
2,tscheina
2,tschels
2,tschentaners
2,tschentau
2,tschercau
2,tschiel
2,tschittas
2,tschuetta
2,tudestga
2,turnier
2,tuttenina
2,uclauns
2,uffeci
2,uffecis
2,ughegiau
2,ulteriur
2,uniun
2,usitau
2,ustria
2,utschals
2,vaccas
2,valur
2,van
2,varga
2,varts
2,vasta
2,veglias
2,vegnent
2,vegnevan
2,vegnien
2,vesan
2,vestgadira
2,vi
2,viafier
2,viandar
2,vida
2,viers
2,vinzens
2,virus
2,vischinadis
2,vischinonta
2,vischins
2,viu
2,viulta
2,viva
2,vivida
2,voluntariamein
2,vos
2,votaziun
2,vusch
2,walter
2,zacons
2,zambergiar
2,zanua
2,zug
3,actuala
3,adattaus
3,agl
3,amiez
3,amitgs
3,anflar
3,angelina
3,animal
3,aschi
3,atun
3,aua
3,aunghel
3,autra
3,aviartas
3,baghetgs
3,basa
3,beinenqual
3,beinvegni
3,bienton
3,biro
3,bunamein
3,bundi
3,calender
3,campiunadi
3,candidats
3,cantaduras
3,capeivel
3,carn
3,casanova
3,caschun
3,cavacristallas
3,chigl
3,ciclists
3,clar
3,communalas
3,connex
3,constatau
3,constataziun
3,constituziun
3,contonschiu
3,contract
3,contuorn
3,creschan
3,cuera
3,cullas
3,culminont
3,cumparegliar
3,cumpra
3,cuntradas
3,cuntrari
3,cuorer
3,cuosts
3,cura
3,cussegliar
3,cusseglier
3,daners
3,danflar
3,datti
3,daventar
3,decider
3,decisiun
3,defender
3,detg
3,dialog
3,digren
3,dirigenta
3,discuors
3,discussiuns
3,disposiziun
3,diversas
3,divertiment
3,domat
3,dretg
3,dretgs
3,drova
3,drovan
3,dunna
3,duvrau
3,egls
3,elements
3,ellaria
3,empremas
3,enconuschenta
3,endamen
3,enstagl
3,enta
3,enteifer
3,entradas
3,eveniment
3,experientscha
3,exteriur
3,extraordinaria
3,factur
3,fageva
3,falliu
3,fatgas
3,favur
3,federala
3,fegl
3,fein
3,ferdaglia
3,ferma
3,fiastas
3,film
3,finanzial
3,flurin
3,formaziun
3,francs
3,frequenzas
3,fretg
3,funcziun
3,funcziuna
3,fuorma
3,fusiun
3,gadas
3,gasetta
3,gauda
3,gida
3,gieri
3,gitg
3,giubilar
3,giugadurs
3,giugs
3,giusep
3,giustificada
3,giuvna
3,glisch
3,gol
3,grev
3,grischuna
3,gudignar
3,haiel
3,hosang
3,ideas
3,idiom
3,immediat
3,impurtonta
3,inaga
3,inautra
3,ius
3,laua
3,lavuran
3,leds
3,leger
3,lenna
3,lentschatta
3,leva
3,lezza
3,liber
3,linard
3,linguisticas
3,linstrucziun
3,litteratura
3,locala
3,luf
3,lumnezians
3,lungatgs
3,lunsch
3,luvratori
3,luvrau
3,magari
3,manegiau
3,mantener
3,maria
3,mario
3,marketing
3,medel
3,medischina
3,meinsvart
3,memoria
3,menada
3,menar
3,menau
3,mesira
3,metta
3,metter
3,mi
3,midada
3,midadas
3,miedis
3,miezdi
3,mintgaton
3,mintgonn
3,mira
3,mirava
3,moderna
3,mondi
3,morts
3,motto
3,moviment
3,muncau
3,muntada
3,munti
3,muntogna
3,musical
3,mussar
3,naturalmein
3,neutier
3,nov
3,novas
3,nuegl
3,numerusas
3,numnau
3,october
3,ordvart
3,organisar
3,organisaziuns
3,ozilgi
3,paran
3,parlament
3,partenent
3,partenza
3,passentau
3,pastgas
3,paucas
3,paun
3,pei
3,peis
3,pendicularas
3,pensiun
3,pèr
3,perencunter
3,pertucca
3,pertuccau
3,pervia
3,piarder
3,plai
3,plaids
3,plazs
3,pleins
3,pleiv
3,plevon
3,plirs
3,plontas
3,populaziun
3,porta
3,portas
3,posiziun
3,pratica
3,premiera
3,presentau
3,presents
3,presidenta
3,prest
3,pretendan
3,pretensiuns
3,principi
3,probabel
3,professiunala
3,program
3,promts
3,protecziun
3,publicum
3,pudess
3,pudiu
3,purtar
3,quarta
3,quasi
3,quest
3,quintar
3,radio
3,rang
3,redacziun
3,regiunal
3,regiunala
3,regiuns
3,respect
3,responsabladad
3,restan
3,retschiert
3,rodund
3,rolla
3,rueun
3,runda
3,saiel
3,saveva
3,scadin
3,schanzas
3,schei
3,schientscha
3,schins
3,schurmetg
3,scolast
3,segir
3,segirtad
3,selegra
3,semetter
3,senn
3,sepresenta
3,seras
3,sesentir
3,setracta
3,settember
3,sevgein
3,siatavel
3,silmeins
3,sittar
3,ski
3,sontgaclau
3,spargnar
3,specialmein
3,spescha
3,spital
3,spitgar
3,spitgau
3,squetsch
3,stabiliments
3,stadas
3,stadi
3,staziun
3,stefan
3,stiva
3,succeda
3,succedida
3,suletta
3,suprastonzas
3,surfatscha
3,sursilvan
3,sustenius
3,suttascripziuns
3,svizzers
3,taglia
3,tal
3,tavanasa
3,tavau
3,tecnicas
3,tendenza
3,tenuta
3,terren
3,testa
3,tetel
3,tgira
3,tila
3,tiradurs
3,tiu
3,tocs
3,traffic
3,trai
3,transport
3,tschel
3,tudestg
3,tujetsch
3,tuor
3,tura
3,turistica
3,turitg
3,tuttavia
3,ual
3,udir
3,vehichels
3,veis
3,vendergis
3,vendita
3,vera
3,vessen
3,victurs
3,vidlunder
3,vignogn
3,vin
3,vit
3,vitier
3,voluntaris
3,votants
3,zuler
4,access
4,agen
4,animals
4,anora
4,approbau
4,astga
4,atgna
4,atras
4,auditori
4,autos
4,basegns
4,battesta
4,bellezia
4,biala
4,cantuns
4,cardientscha
4,carschi
4,cassa
4,centrala
4,chels
4,classa
4,claudio
4,collaboraziun
4,commembers
4,communabel
4,communicaziun
4,confederaziun
4,consequenza
4,consequenzas
4,contact
4,crap
4,critica
4,crusch
4,cudisch
4,cultural
4,cumprar
4,cuorsa
4,cuorsas
4,daco
4,dacuort
4,damaun
4,damondas
4,davosa
4,decidiu
4,decurtins
4,dertgira
4,derungs
4,desser
4,dir
4,ditg
4,donn
4,donns
4,elecziuns
4,emprems
4,emprender
4,empruau
4,enconuschents
4,endretg
4,engaschi
4,entginas
4,entscheiva
4,entscheiver
4,entuorn
4,envidau
4,enzatgi
4,equipas
4,eri
4,exact
4,feglia
4,fetschi
4,final
4,finala
4,fom
4,futur
4,gievgia
4,greva
4,grischa
4,humor
4,inagada
4,insumma
4,interpresas
4,jamna
4,jamnas
4,jesus
4,laax
4,lingia
4,local
4,lutga
4,luvrar
4,mal
4,martin
4,marveglias
4,mauns
4,meina
4,menaschis
4,mes
4,mesjamna
4,miez
4,mistergners
4,necessaria
4,norbert
4,ovras
4,peda
4,pensum
4,pial
4,piars
4,pintgas
4,plaid
4,po
4,positiva
4,post
4,pren
4,primavera
4,priu
4,problem
4,procurau
4,producziun
4,projects
4,proxim
4,public
4,puncts
4,pur
4,pusseivel
4,pusseivladads
4,quen
4,questa
4,quitaus
4,rabius
4,resta
4,reussiu
4,rimnar
4,robert
4,rumantsch
4,sagogn
4,sala
4,schanza
4,scolaziun
4,sectur
4,sedrezza
4,sedrun
4,selvicultur
4,sentiments
4,sentupada
4,separticipeschan
4,sesanflan
4,sesiun
4,sezza
4,simaginar
4,sittau
4,social
4,sogn
4,solidaritad
4,speciala
4,stretga
4,stuein
4,stuess
4,sulegl
4,sundel
4,supplementara
4,surprender
4,sursaissa
4,talas
4,tecnica
4,tei
4,territori
4,tgunsch
4,tir
4,toc
4,tscherca
4,tutta
4,tuttafatg
4,ualti
4,uniuns
4,uras
4,vegl
4,vegneva
4,vein
4,verdad
4,veser
4,vitgs
4,zun
5,anflau
5,ballapei
5,bassa
5,branscha
5,cantadurs
5,carezia
5,castrisch
5,cefras
5,chella
5,china
5,colurs
5,cumbat
5,cundiziuns
5,cuntegn
5,cuolms
5,cussegl
5,dallentschatta
5,danovamein
5,dapertut
5,detti
5,diever
5,dis
5,discurriu
5,duess
5,emprema
5,entras
5,enzatgei
5,equipa
5,fasa
5,fatgs
5,funcziunescha
5,geniturs
5,gion
5,gis
5,hai
5,has
5,havevan
5,impurtont
5,lein
5,lentira
5,lumnezia
5,massa
5,medemamein
5,meisa
5,milliuns
5,mobein
5,mussau
5,nadal
5,neiv
5,nos
5,numnadamein
5,partida
5,persuenter
5,persuna
5,pievel
5,pigns
5,plaz
5,plazza
5,posseda
5,prender
5,prestaziun
5,problems
5,product
5,propi
5,proxima
5,proxims
5,punt
5,quitau
5,realisaziun
5,regenza
5,responsabels
5,revisiun
5,romontschas
5,schau
5,secund
5,sez
5,sezs
5,sontga
5,stizun
5,sursilvans
5,survetsch
5,ulteriurs
5,umens
5,unviern
5,uorden
5,uss
5,vart
5,veva
5,vossa
6,baghetg
6,baselgia
6,cantunala
6,canzun
6,canzuns
6,carstgauns
6,catscha
6,concept
6,cu
6,cul
6,cuminonza
6,cuors
6,cuort
6,daventa
6,decuors
6,diember
6,direcziun
6,discussiun
6,dumengia
6,dunnas
6,effect
6,enqual
6,entgins
6,entir
6,exempel
6,finamiras
6,forsa
6,grondas
6,hagien
6,leutier
6,lungatg
6,maletg
6,medem
6,meins
6,menaschi
6,motiv
6,motivs
6,mund
6,muossa
6,museum
6,nuorsas
6,nuota
6,organisaturs
6,para
6,peisa
6,pertuccont
6,pintga
6,plein
6,posta
6,promover
6,pusseivladad
6,qualitad
6,quater
6,quotidiana
6,resultat
6,savess
6,schai
6,schar
6,schi
6,si
6,silsuenter
6,sis
6,skis
6,stoppi
6,sulet
6,surpriu
6,sustegn
6,svizzer
6,tard
6,tgau
6,tradiziun
6,trin
6,tschun
6,vegli
6,vegliadetgna
6,venderdis
6,veramein
6,vesa
6,vuliu
6,zatgei
7,als
7,auto
7,bab
7,bi
7,breil
7,bugen
7,chin
7,claustra
7,communal
7,cor
7,cuolpa
7,damonda
7,enviers
7,famiglia
7,famiglias
7,fiasta
7,finamira
7,ga
7,hosps
7,hotel
7,ligia
7,loghens
7,maun
7,omisdus
7,pertgei
7,pliras
7,pretenda
7,prezi
7,sappi
7,saver
7,siat
7,silla
7,sistem
7,spert
7,star
7,surpresa
7,survegniu
7,sut
7,tiara
7,toni
7,trun
7,uaul
7,ver
7,vesta
7,viseta
7,vulan
8,actualmein
8,anavos
8,autras
8,avegnir
8,baghegiar
8,center
8,chils
8,cunzun
8,dattan
8,din
8,duein
8,eisi
8,fiera
8,giuvens
8,haver
8,havess
8,historia
8,lauter
8,lautra
8,liunga
8,mai
8,marcau
8,maunca
8,mia
8,mintgin
8,mumma
8,natira
8,novs
8,pass
8,pils
8,plaun
8,punct
8,reminent
8,romontscha
8,savens
8,schluein
8,societad
8,svilup
8,tema
8,tiarza
8,vala
8,veglia
8,vegniu
8,vess
8,viadi
8,vias
8,viver
9,agid
9,allas
9,baul
9,bunas
9,chil
9,dabia
9,emprem
9,ensemen
9,flem
9,fuva
9,gie
9,gliez
9,ier
9,interess
9,negina
9,nies
9,notg
9,pauc
9,pign
9,situaziun
9,stai
9,stat
9,strusch
9,suprastonza
9,tensiun
9,uonn
9,val
9,vargada
9,vegnidas
9,vella
10,bien
10,culs
10,cultura
10,encunter
10,entschiet
10,gada
10,giug
10,gronds
10,lescha
10,luniun
10,meglier
10,memia
10,miu
10,moda
10,musica
10,oravontut
10,plascher
10,plitost
10,purschida
10,schizun
10,scolars
10,sias
10,sil
10,sur
10,tala
10,tals
10,tochen
10,tras
10,tuttina
10,vargau
10,vinavon
10,vitg
11,buna
11,communala
11,concurrenza
11,dau
11,differentas
11,differents
11,duas
11,entochen
11,giuvenils
11,haveva
11,naven
11,persunas
11,pia
11,plinavon
11,regiun
11,secunda
11,ses
11,sesez
11,sonda
11,sper
11,sport
11,ston
11,stuiu
11,sulettamein
11,sun
11,ton
11,tuttas
11,vacanzas
11,vischnauncas
11,vus
12,auters
12,cantun
12,caussas
12,denter
12,eran
12,fan
12,gi
12,gruppa
12,ir
12,lavurs
12,nossa
12,nua
12,ord
12,purs
12,saviu
12,stada
12,ti
13,biaras
13,chins
13,concert
13,davart
13,essan
13,mument
13,politica
13,president
13,sera
13,stad
13,tenor
13,turissem
13,um
14,caussa
14,havein
14,lemprema
14,num
14,radunonza
14,romontsch
14,via
15,cheu
15,dar
15,fin
15,grond
15,leu
15,seigien
15,tgi
15,tuts
15,vegni
16,casa
16,chel
16,co
16,dina
16,gest
16,mei
16,mustér
16,perquei
16,san
17,cass
17,duei
17,duront
17,fuss
17,glieud
17,nuot
17,oz
17,puspei
17,vegnida
18,chei
18,chor
18,staus
18,sto
18,vegnius
18,vid
18,vischnaunca
18,vul
19,bein
19,grischun
19,lur
19,negin
19,secapescha
19,success
20,culla
20,dapi
20,egl
20,empau
20,fa
20,mintga
20,sche
20,scola
21,dus
21,ellas
21,niev
21,ora
21,ussa
21,veta
22,auter
22,digl
22,liug
23,davos
23,onn
23,svizra
23,va
24,dat
24,stau
25,al
25,gia
25,glion
25,nova
25,part
25,sa
25,siu
26,biars
26,dapli
26,di
27,affons
27,hagi
27,tgei
27,treis
28,bia
28,eis
28,project
28,temps
29,esser
29,suenter
29,vegnan
30,quellas
30,surselva
31,gronda
31,lavur
31,senza
32,pil
32,quels
33,avon
34,fatg
34,vegnir
35,ad
35,ni
36,dad
36,dallas
36,onns
37,giu
38,lu
39,adina
39,aschia
39,fetg
39,quel
41,buc
41,far
42,alla
42,sin
43,tier
48,sia
49,jeu
52,seigi
58,tut
61,aunc
62,dils
72,sco
77,mo
78,ed
79,els
81,ins
81,pli
82,denton
84,nus
94,igl
96,quella
96,vegn
106,han
116,ein
124,ella
135,las
137,dalla
140,che
142,buca
144,dil
162,cun
181,era
193,a
200,ils
207,el
210,quei
211,ina
221,en
222,per
230,in
241,ha
379,e
379,il
475,ei
535,la
635,da
