1,14
1,2
1,20
1,24
1,2562
1,29
1,3
1,99
1,common
1,toyota
1,voice
1,เก่งทำงานบ้านและร้องเพลงเบา
1,เกรดออกยัง
1,เกลือกรด
1,เกลือกลาง
1,เกลือมี
1,เกิดเหตุการณ์อะไรขึ้น
1,เกิดแผ่นดินไหวที่ประเทศญี่ปุ่น
1,เกิดจากกลุ่มนับถือคริสต์กับอิสลาม
1,เกิดจากความขัดแย้งภายในของเขมร
1,เกิดสุริยุปราคาเต็มดวง
1,เกิดอะไรขึ้น
1,เกิดอุทุกภัยขึ้นที่ทางจังหวัดภาคใต้
1,เข็มแดงมีเขตการกระจายพันธุ์ในประเทศไทยทางภาคใต้
1,เขมรอีกกลุ่มต้องการเข้ากับเวียดนาม
1,เขาเก่งหรือใครเก่ง
1,เขาเข้านอนหลังจากทำการบ้านเสร็จเรียบร้อยแล้ว
1,เขาเข้ามาอยู่เมืองไทย
1,เขาเข้าห้องน้ำอยู่
1,เขาเขียนบทความลงหนังสือพิมพ์มาหลายฉบับ
1,เขาเดินเล่นในสวนสาธารณะประจำจังหวัด
1,เขาเดินไปเดินมาหลายเที่ยวแล้ว
1,เขาเดินทางไปต่างประเทศ
1,เขาเดินลัดเลาะไปตามซอกหินผา
1,เขาเป็นคนปอกเปลือกส้มโอ
1,เขาเป็นคนมีชื่อเสียงดี
1,เขาเป็นคนสูงศักดิ์
1,เขาเป็นญาติกับตุ้ม
1,เขาเป็นนักเรียน
1,เขาเป็นนักฟุตบอลทีมชาติ
1,เขาเป็นบุตรชายคนโตของฉัน
1,เขาเป็นผู้เรียบเรียงเนื้อหาในหนังสือ
1,เขาเพิ่งกลับจากโรงเรียน
1,เขาเพิ่งตื่นนอนเมื่อกี้
1,เขาเรียนที่จุฬาลงกรณ์มหาวิทยาลัย
1,เขาเรียนที่มหาวิทยาลัยขอนแก่น
1,เขาเล่นกีฬาทุกเช้า
1,เขาเล่นลูกข่าง
1,เขาเห็นนากคาบปลาว่ายน้ำไปตามลำธารอย่างรวดเร็ว
1,เขาเหมือนฉัน
1,เขาเหยียดเท้ามาถูกฉัน
1,เขาเหลวไหลแม้ว่าครูตักเตือนเขาแล้ว
1,เขาเหลือบมองดูฉัน
1,เขาและสุนัขต่างวิ่งไล่กันสนุกสนาน
1,เขาใส่เสื้อผ้าที่นำเข้าจากอเมริกา
1,เขาใส่นาฬิกาเพื่อน
1,เขาให้ฉันกินข้าวกล่องนั้นแล้ว
1,เขาได้รับการชมเชยจากหัวหน้ามาก
1,เขาไปโรงเรียน
1,เขาไม่ได้ติดเชื้อโควิดสิบเก้า
1,เขาไม่ได้บอกฉันเลยนะ
1,เขาไม่ซื้อของแพง
1,เขาไม่ซื้อของที่มีราคาแพง
1,เขาไม่บอกเลยหรอ
1,เขาไม่บอกเลยหรือ
1,เขาไม่ป่วย
1,เขาไล่จับแมวตัวนั้น
1,เขากล่าวทักทายตอนเช้า
1,เขากำลังเขียนโปรแกรม
1,เขากำลังเรียนภาษาไทย
1,เขากำลังจะเล่นเกมแล้ว
1,เขากำลังจะไปล้างจานในห้องครัว
1,เขากำลังทํางานอยู่
1,เขากำลังมาพอดี
1,เขาขโมยองุ่นที่ผมซื้อเมื่อวาน
1,เขาขับรถด้วยความคึกคะนอง
1,เขาขายหนังสือได้เยอะมาก
1,เขาขี่จักรยาน
1,เขาขี่จักรยานอยู่ตอนนี้
1,เขาคือคนเลวที่สุดที่ฉันเคยเจอ
1,เขาจะไปบางแสนกับเราหรือไม่
1,เขาจะไปหรือยัง
1,เขาจะขยันเรียนให้ดียิ่งขึ้น
1,เขาจะจัดงานวันเกิด
1,เขาจัดโต๊ะอาหารอย่างพิถีพิถันจึงดูสวยงามและเป็นระเบียบ
1,เขาจึงเรียนได้ผลดี
1,เขาจึงมีคนติดตามจำนวนมาก
1,เขาจูงสุนัขออกเดินเล่น
1,เขาฉีกสมุดซึ่งวางอยู่ในห้อง
1,เขาชอบเรียนภาษาไทยมากเลย
1,เขาชอบเลี้ยงเป็ด
1,เขาชอบดื่มนมมากกว่าสิ่งอื่น
1,เขาชอบทั้งแมวและหมา
1,เขาชอบอาหารภาคใต้
1,เขาซื้อจานทองเหลือใส่คลิปพร้อมปากกาทอง
1,เขาซื้อปากกาทองพร้อมจานใส่คลิปทองเหลือง
1,เขาตกลงว่าจะไปพร้อมกัน
1,เขาต้องมาหาฉันโดยเร็ว
1,เขาต้องออกจากโรงเรียนกลางคันเนื่องจากแม่ไม่มีเงินส่งเสียให้เรียนต่อ
1,เขาตั้งใจทำข้อสอบด้วยจิตใจที่ไม่วอกแวก
1,เขาตายเสียแล้ว
1,เขาถูกเลือกให้เล่นในทีมฟุตบอลของโรงเรียน
1,เขาถูกต่อย
1,เขาท้องเสีย
1,เขาทำการบ้านวิชาภาษาไทยเสร็จเรียบร้อยแล้ว
1,เขาทำงานสุกเอาเผากิน
1,เขาทำงานหามรุ่งหามค่ำ
1,เขานอนพังพาบอยู่บนพื้นเล่นเป่ายางกับน้อง
1,เขานับถือญาติผู้ใหญ่
1,เขาน่าจะได้พบกับคุณเจตนาที่บ้านคุณพ่ออย่างช้าพรุ่งนี้
1,เขาบอกจึงต้องถามเธอ
1,เขาบอกว่าเขาจะมาหาฉันพรุ่งนี้
1,เขาบอกว่าไม่มีเงินเลย
1,เขาบังคับขอเงินจากรุ่นน้อง
1,เขาประกาศรางวัลชนะเลิศ
1,เขาพัฒนาซอฟต์แวร์ใช้กับรถยนต์ไร้คนขับ
1,เขาพูดเสียงดังกับคนไข้
1,เขาพูดให้ฉันเข้าใจผิด
1,เขาพูดไม่ชัด
1,เขาพูดช้าจนฉันรำคาญ
1,เขาพูดภาษาไทยไม่ค่อยชัด
1,เขาพูดออกไปโดยเขาไม่รู้สึกตัว
1,เขามาเมื่อฉันหลับ
1,เขามาเรียกใคร
1,เขามาตั้งแต่ฉันตื่นนอน
1,เขามาถึงสถานีเมื่อรถไฟออกไปแล้ว
1,เขามาหาฉันตอนค่ำซึ่งเป็นเวลาเข้านอน
1,เขามีเงินมากแต่เขาก็หาความสุขไม่ได้
1,เขามีความเพียรมาก
1,เขามีความจำดี
1,เขามีอะไรอยากบอกกับคุณ
1,เขายืนของเพื่อนมา
1,เขายื่นคำร้องต่อศาลจังหวัดศรีสะเกษ
1,เขารับประทานอาหารจีนด้วยตะเกียบอย่างคล่องแคล่ว
1,เขารู้จักเธอ
1,เขาลืมกระเป๋าตังไว้ที่บ้าน
1,เขาลืมสมุดไว้ที่ร้านหนังสือ
1,เขาวิ่งเร็วมากเหลือเกิน
1,เขาส่งข่าวมาบ้างไหม
1,เขาสนุกสนานเพราะมีสุนัขคอยวิ่งเคียงข้าง
1,เขาสร้างบ้านนี้ได้อย่างไร
1,เขาสอบผ่านวิชาคณิตศาสตร์
1,เข้าสู่ช่วงฤดูฝนและมีฝนตกลงมาในพื้นที่
1,เขาหนักกว่าฉัน
1,เขาหน้าเสียเมื่อถูกครูดุ
1,เขาห้ามคนอื่นแต่ทำเสียเอง
1,เขาออกจากโรงเรียนกลางคัน
1,เขาอ่อนเพลียเพราะนอนน้อย
1,เขาอ่านหนังสือด้วยความตั้งใจ
1,เขาอ่านหนังสือยัง
1,เขาอ่านหนังสืออย่างตั้งใจ
1,เคยสิ
1,เครื่องปั้นดินเผาที่บ้านเชียงส่วนใหญ่เป็นหม้อลายเขียนสีรูปวงกลมม้วนคล้ายลายก้นหอย
1,เงาะ
1,เงินหลายล้านบาทเอาไปทำอะไรดี
1,เจ้าแก่นคาบกระดูก
1,เจ้าแมวดำจับลูกนกที่อยู่บนต้นมะม่วงอย่างว่องไว
1,เจ้านี้น่าสนใจมาก
1,เช่นเดียวกับในเวียดนาม
1,เชิญชวนประชาชนกลับบ้านเทศกาลสงกรานต์
1,เชียงใหม่เป็นเมืองยอดนิยมของนักท่องเที่ยวชาวต่างชาติ
1,เซลขายของที่เก่งมักจะโน้มน้าวให้ลูกค้าใช้อารมณ์ในการตัดสินใจซื้อสินค้า
1,เด็ก
1,เด็กเขียนสมุดด้วยดินสอ
1,เด็กเรียนหนังสือเพื่ออนาคตที่ดี
1,เด็กเล่นเกม
1,เด็กกำลังไม่สบาย
1,เด็กควรได้กินนมแม่อย่างเดียวติดต่อกันตั้งแต่แรกเกิดจนถึงอายุหกเดือน
1,เด็กควรมีสิทธิเลือกในตัวเอง
1,เด็กชอบให้เล่านิทานก่อนนอน
1,เด็กชอบของเล่น
1,เด็กตากลมนั่งตากลมอยู่ริมชายหาด
1,เด็กน้อยร้องเพลงของพี่เบิร์ดได้คล่องแคล่ว
1,เด็กนักเรียนบางคนทำของเล่นได้เองเพราะรู้จักพลิกแพลง
1,เด็กนักเรียนมีหน้าที่เรียนหนังสือ
1,เด็กปอกส้ม
1,เด็กผู้หญิงคนนั้นเดินลัดสนาม
1,เด็กผู้หญิงยุคปัจจุบันไม่มีมารยาทไทยเลย
1,เด็กพวกนั้นมาแข่งขันกีฬาหรือมาช่วยงานฉลองพ่อ
1,เด็กหญิงสุนันท์นั่งในห้องเรียน
1,เดอะมูฟวี่22
1,เดินให้มันดีๆหน่อย
1,เดินดีๆนะ
1,เดี๋ยวเราเดินไปเอง
1,เดี๋ยวจะเข้าไปช่วยด้วย
1,เดี๋ยวนี้เขาอยู่สุขสบายดี
1,เดี๋ยวนี้มือไม้ฉันมันสั่นไปหมด
1,เตรียมสำรองน้ำให้เพียงพอ
1,เทศบาลเมืองหนองคายจัดงานท่องเที่ยวหนองคายช่วงต้นปีใหม่
1,เทศบาลเร่งปลูกต้นไม้ใหม่
1,เทอม2
1,เท่าที่ฉันรู้คือ
1,เธอเข้าใจไหมล่ะ
1,เธอเดินเล่นกับเพื่อน
1,เธอเป็นคนเห็นแก่ตัว
1,เธอเป็นคุณครู
1,เธอเรียนที่มหาวิทยาลัยเชียงใหม่
1,เธอเห็นปากกาของฉันไหม
1,เธอใจร้ายจัง
1,เธอได้เป็นนางงาม
1,เธอได้ยินข่าวอุกกาบาตจะชนโลกไหม
1,เธอได้อ่านข่าวการประชุมสภาวันนี้ไหม
1,เธอไปห้องสมุดกับเราไหม
1,เธอไม่ควรปล่อยเวลาให้ล่วงไป
1,เธอไม่รู้หรอว่าฉันคือแชทบอท
1,เธอกลับมาได้ไหม
1,เธอกำลังเล่นเกมอยู่
1,เธอกำลังคิดถึงอะไรอยู่
1,เธอกำลังทำงาน
1,เธอกำลังนอนเล่น
1,เธอกินแตงโมหรือมะม่วง
1,เธอกินข้าวยัง
1,เธอคงไปซื้อของหรือไม่ก็ไปดูหนัง
1,เธอคิดว่าข่าวไทยมั่วไหม
1,เธอคือแฟนของฉัน
1,เธอจงทำงานที่ครูสั่งให้เสร็จนะ
1,เธอจะเก่งเลขไปถึงไหนเนี่ย
1,เธอจะไปดูหนังกับฉันไหม?
1,เธอจะกินขนมหรือดื่มนม
1,เธอจะซื้อหนังสือหรือซื้อปากกา
1,เธอจะทานผลไม้หรือขนมหวาน
1,เธอจะบอกฉันหรือไม่
1,เธอจะสู้ต่อไปหรือยอมแพ้
1,เธอจะอยู่กับฉันหรือจะไปกับเขาให้เลือกเอา
1,เธอชวนพ่อแม่ให้เปลี่ยนมาทำเกษตรผสมผสาน
1,เธอช่วยฉัน
1,เธอช่วยฉันทำการบ้านหน่อยนะ
1,เธอชอบเล่นคอมพิวเตอร์
1,เธอชอบกินข้าวมันไก่
1,เธอชอบอะไรที่น่าเบื่อ
1,เธอถูกนายจ้างฟ้องเพราะมีปัญหาเรื่องป่วยจากการทำงาน
1,เธอทำการบ้านเสร็จยัง
1,เธอทำการบ้านและฟังเพลงไปพร้อมๆ
1,เธอทำอะไรอยู่
1,เธอนอนหลับรึเปล่า
1,เธอน่าจะรู้นะว่าฉันเป็นคนแบบไหน
1,เธอบอกฉันหน่อยตัดใจยังไง
1,เธอมาตั้งแต่เช้าตรู่
1,เธอร้องกริ๊ด
1,เธอลืมทำการบ้านมาใช่ไหม
1,เธอสวมเสื้อสีดำ
1,เธอสั่งก๋วยเตี๋ยวราดหน้า
1,เธออดอาหารเพื่อลดความอ้วน
1,เธออยากได้อะไรล่ะ
1,เธออยากจะปลูกดอกไม้อะไรอ่ะ
1,เธอออกไปอาบน้ำ
1,เนื่องจากเป็นช่วงเศรษฐกิจยุคไวรัสระบาด
1,เนื่องจากตามคำแนะนำขององค์การอนามัยโลก
1,เนื่องจากนมแม่มีสารอาหารครบถ้วน
1,เป็ดว่ายน้ำได้
1,เป็นเหตุให้เกิดอานันท์สยามยุทธ
1,เป็นกีฬาประเภททีมที่เล่นระหว่างสองทีมโดยแต่ละทีมมีผู้เล่นสิบเอ็ดคน
1,เป็นความเชื่อและการกระทำที่ไม่ถูกต้อง
1,เป็นนักคิดด้านการเมือง
1,เป็นนายกรัฐมนตรีคนแรกของสิงคโปร์
1,เป็นสาเหตุที่ทำให้เกิดโรคผิวหนัง
1,เป็นหนังไทยที่แสดงออกถึงความรักที่น่าดูเป็นอย่างยิ่งครับ
1,เป็นห่วงนะ
1,เป็นอะไรวะ
1,เปรียบเสมือนได้รับวัคซีนหยดแรกของชีวิต
1,เป้าหมายของบริการของเรา
1,เปิดเผยว่าได้รายงานผลการจัดเก็บภาษีและผลการด้าเนินงาน
1,เปิดเพลง
1,เปิดเสียง
1,เปิดไฟ
1,เปิดประตู
1,เปิดประตูให้ที
1,เปิดพัดลมให้หน่อย
1,เพราะเขาร่างกายแข็งแรง
1,เพราะเหตุใด
1,เพราะได้ศึกษาวิธีคิดของคนรุ่นก่อน
1,เพราะคำพูดสามารถทำร้ายความรู้สึกคนฟังได้
1,เพราะต้องออกไปทำงาน
1,เพราะยุพินขยันเธอจึงหาเงินได้มาก
1,เพราะสินค้าขึ้นราคาประชาชนจึงต้องประหยัด
1,เพราะอาจติดเชื้อไข้หวัดนกได้
1,เพลงประ่เทศกูมีเป็นเพลงเสียดสีสังคมไทย
1,เพิ่งกินข้าวเช้าอ่ะ
1,เพื่อน
1,เพื่อนของเขาตายแล้ว
1,เพื่อนของผมต้องการมาอยู่ที่บ้านของผม
1,เพื่อนผมได้รับเลือกเป็นประธาน
1,เพื่อนผมได้รับเลือกเป็นประธานชมรมวิทยาศาสตร์
1,เพื่อนผมอยากมาอยู่กับผม
1,เพื่อนร่วมชั้นเรียนที่ล้วนเป็นคนละชนเผ่า
1,เฟสบุ๊ค
1,เมื่อเขาทำผิดก็ต้องยอมรับโทษ
1,เมื่อเช้ารถติดมากเลย
1,เมื่อไรเขาจะมา
1,เมื่อไรชุดข้อมูลภาษาไทยจะมีไม่จำกัด
1,เมื่อไรนายกจะเห็นความสำคัญกับโปรเจคนี้
1,เมื่อไรประโยคจะครบจำนวนสักที
1,เมื่อไหร่จะกลับ
1,เมื่อไหร่พ่อกับแม่จะถึงบ้าน
1,เมื่อครูมาลีเข้าห้องเพื่อน
1,เมื่อคืนนอนไม่หลับ
1,เมื่อคืนนี้พายุพัดบ้านพัง
1,เมืองนี้ข้าวปลาอาหารอุดมสมบูรณ์
1,เมื่อมีการมอบอิสรภาพให้ประเทศต่างๆ
1,เมื่อวานไปไหนมา
1,เย็นนี้กินอะไรกันดี
1,เราเดินอย่างรวดเร็ว
1,เราไปเล่นเกมกันนะ
1,เราไปสั่งข้าวที่ร้านอาหารกันไหม
1,เราไม่เคยได้ยินชื่อ
1,เราไม่ได้พบกันนานแล้ว
1,เราก็สามารถสร้างมาตรฐานของเราขึ้นมาเองได้
1,เรากำลังจะไปห้องสมุดพอดี
1,เราขอกินด้วยคน
1,เราควรดูแลป่าไม้ให้มากกว่านี้
1,เราควรมีใจเมตตากรุณาต่อผู้ได้รับภัยพิบัติ
1,เราง่วงนอนมากเลยตอนนี้
1,เราจะได้นั่งรถรางรอบเกาะรัตนโกสินทร์
1,เราจะรู้ได้อย่างไรว่าเกาหลีเหนือปลดอาวุธนิวเคลียร์จริง?
1,เราต้องทำงานนี้อย่างมีแผนนะ
1,เราต้องรู้จักปรับตัวให้เข้ากับสถานการณ์ที่เปลี่ยนไป
1,เราถูกสายลับสะกดรอย
1,เราทำงานเพื่อเราจะได้สนองคุณชาติ
1,เราทุกคนต้องขวนขวายหาสิ่งที่ดีให้ชีวิต
1,เราบุก
1,เราฝากเธอซื้อแตงโมให้หน่อยนะ
1,เราฝากเธอซื้อไส้กรอกได้ไหม
1,เรามาทดสอบระบบตัดประโยคในภาษาไทยกันครับ
1,เรามาทำความเข้าใจกับเรื่องนี้กันก่อน
1,เรายังมีหนังสือหลายเล่มที่ไม่ได้อ่าน
1,เรารับจัดงานเลี้ยงตั้งแต่ขนาดเล็กจนถึงขนาดใหญ่
1,เราวิ่ง
1,เราหลงมาทำอะไรกับภาษานี้
1,เริ่มได้ครับ
1,เริ่มฝึกให้ลูกดูดนมจากเต้า
1,เรียกเขามาหน่อยสิ
1,เรียนหนักไหมช่วงนี้
1,เรื่องอย่างนี้ฉันไม่สนใจหรอก
1,เล่นอะไรดี
1,เลยต้องให้ฮ่องกงไปกับอังกฤษ
1,เลิกเพ้อเจ้อได้แล้ว
1,เลือกผมแล้วอนาคตจะดีขึ้น
1,เว็บไซต์หลายแห่งปิดกั้นการเข้าถึงจากยุโรป
1,เวลาตื่นนอนอย่าลืมเก็บที่นอน
1,เวลานี้ทำไมยังไม่นอน
1,เวอร์ชั่นล่าสุดในตอนนี้
1,เวียดนามเหนือยึดทางใต้ได้
1,เศรษฐกิจพอเพียงสามารถทำได้ในทุกกิจการ
1,เสริมความสำเร็จให้กับธุรกิจคุณด้วยเครื่องมือการทำงานที่หลากหลาย
1,เสาไฟฟ้าโค่นรถวิ่งเข้าชน
1,เสียงน้ำตกดังโครมครืนอยู่ตลอดเวลา
1,เสียหายหนัก
1,เสือดาวเป็นสัตว์ที่หายากในเมืองไทย
1,เสือดาวเป็นสัตว์หายาก
1,เสือตัวใหญ่นอนหลับ
1,เสื้อตัวสีแดงของฉันถูกลักไปแล้ว
1,เสื้อผ้าที่นำเข้าจากอเมริกาสามารถหาได้ตามห้างสรรพสินค้า
1,เห็ดไข่
1,เห็ดกระโดง
1,เห็ดป่ามีทั้งเห็ดที่กินได้และพิษ
1,เหตุใดถึงมาโรงเรียนสาย
1,เหตุผลที่ไม่อยากกลับบ้าน
1,เห็นด้วยครับ
1,เหนื่อยไหม
1,เหนื่อยมากเลยแต่ไม่รู้จะคุยกับใครดี
1,เหนื่อยมากไหมลูก
1,เหมือนพักผ่อนไม่ค่อยพอ
1,เอกสารเต็มไปหมด
1,เอมี่อยากกินโดรายากิรสชาเขียวจังเลย
1,เอิร์น
1,แก้ม
1,แก้วน้ำใบนี้เป็นของใคร
1,แก้วพูดสุนทรพจน์
1,แจ้งประวัติการรับประทานเห็ดโดยละเอียด
1,แจ้งปัญหาการใช้งาน
1,แจ๋วใส่เสื้อสีเขียวตัวนี้
1,แจ๋วใส่เสื้อสีเขียวตัวนี้ทุกวันพุธ
1,แดงและดำไปโรงเรียน
1,แดงไปเที่ยวตามสวนสาธารณะต่างๆ
1,แต่ก็พร้อมช่วยเหลือกันเป็นอย่างดี
1,แตงแข่งขันตอบปัญหา
1,แตงอ่อนต้องการสมุดบันทึก
1,แต่ฉันก็มีความสุข
1,แต่ผู้คนก็ยังซื้อหนังสือพิมพ์เพื่อติดตามบทความของเขาอยู่
1,แต่มันจะไม่ชนโลกนะ
1,แต่มีประสิทธิภาพน้อยกว่าจึงแพ้สงคราม
1,แต่ยังให้บริการประชาชนได้ตามปกติ
1,แนะน้ำนมแม่คือวัคซีนหยดแรก
1,แบบตามฤทธิ์คือ
1,แม้เธอจะหน้าตาไม่สวย
1,แม่เอาน้ำใส่กระติก
1,แม่ให้น้องทำอาหารเช้า
1,แม่ไปซื้อผ้าและตัดผมที่ตลาด
1,แม้ไม่เป็นโรคติดต่อแต่ควรได้รับการตรวจวินิจฉัย
1,แม่กับพ่อเป็นคนที่เรารักและนับถือ
1,แม่กำลังตรวจบัญชีรายจ่ายของบ้าน
1,แม่ของเธอซื้ออาหารแล้ว
1,แม่ของเธอซื้ออาหารสำเร็จรูปแล้ว
1,แม่ครัวไปซื้อกับข้าวที่ตลาด
1,แม่ครัวมักซื้อผลไม้ร้านประจำ
1,แม่ค้าขายผลไม้
1,แม่ซื้ออาหาร
1,แม่ซื้ออาหารแล้ว
1,แม่ดูแลฉันด้วยความรัก
1,แม่ต้องมีความพร้อมเมื่อออกไปดูแลลูกด้วยตนเองที่บ้าน
1,แมนเชสเตอร์
1,แม่นั่งป้อนข้าวน้อง
1,แม่น้ำเจ้าพระยาไหลผ่านกรุงเทพ
1,แม่น้ำสายยาวไหลเซาะตลิ่งพังทลาย
1,แม่น้ำอะเมซอนกว้างที่สุดในโลก
1,แม่ภูมิใจลูกทั้งสองมากจ้ะ
1,แม่ยังไม่ได้กลับบ้านเลย
1,แม่ยิ้มและโอบบ่าลูกทั้งสองไว้
1,แมลงปีกแข็งกระพือปีกเร็วมาก
1,แมวเป็นสัตว์เลี้ยงในบ้าน
1,แมวตัวน้อยร้องเหมียวเหมียว
1,แมวน้อยสีขาวตัวอ้วนกัดหนูตัวอ้วน
1,แมวสีสวาดจับหนูตัวใหญ่ได้
1,แม่อยากได้ที่นอนนุ่ม
1,แล้วจะเอายังไง
1,แล้วน้องทำอะไรครับ
1,และเกลือด่าง
1,และเข้าร่วมกิจกรรม
1,และเข้าร่วมขบวนการเชื่อมสันติภาพไทยลาว
1,และเห็ดอื่นๆ
1,และคนเมือง
1,และคริกเกตในนิวตันฮีท
1,และนักภาษาศาสตร์
1,และวัยผู้ใหญ่
1,และหนัก
1,แสนศักดิ์ฝึกซ้อมดีจึงชนะคู่ชกทุกครั้ง
1,แอร์เสียคงต้องใช้เวลาซ่อมสักพัก
1,โครงการนี้เกิดจากชุมชนนักพัฒนา
1,โครงการนี้ไม่มีส่วนเกี่ยวข้องกับภาครัฐ
1,โครงสร้างการปกครองของประเทศไทยกำหนดไว้ในรัฐธรรมนูญ
1,โควิดสิบเก้าทำให้คนนิยมอยู่บ้าน
1,โควิดสิบเก้ามีถิ่นกำเนิดมาจากประเทศจีน
1,โชคชะตาคืออะไร
1,โดยเวลาการแข่งขันจะมีการนับตลอดเวลา
1,โดยใช้ลูกบอล
1,โดยได้ประสานความร่วมมือกับสำนักงานป้องกันและบรรเทาสาธารณภัย
1,โดยไม่ต้องให้น้ำหรืออาหารอื่น
1,โดยครึ่งละสี่สิบห้านาที
1,โดยชาวบ้านจะออกหาเห็ดตั้งแต่เวลาสองนาฬิกาเป็นต้นไป
1,โตขึ้นมาหนูอยากเป็นคุณหมอ
1,โต๊ะและเก้าอี้ตั้งอยู่ที่สนาม
1,โทรหากันบ้างนะ
1,โทษจะหนักเบาเพียงใดก็แล้วแต่ดุลพินิจของศาล
1,โปรเจคเราต้องการความช่วยเหลือ
1,โปรเจคนี้ทำกี่คน
1,โปรแกรมกำลังทำงานอยู่
1,โปรแกรมคอมพิวเตอร์ที่ฉลาดจะต้องมีปฎิสัมพันธ์กับมนุษย์อย่างเป็นมิตรและเป็นธรรมชาติให้มากที่สุด
1,โปรดถอดรองเท้าไว้ข้างนอก
1,โรคไข้หวัดใหญ่เกิดจากเชื้อไวรัสชนิดหนึ่ง
1,โรงเรียนเลิกค่ำ
1,โรงเรียนมัธยมหลายแหล่งในสิงค์โปร์ได้เปิดหลักสูตรกิจกรรมภาคพิเศษ
1,โรงแรมแห่งนี้มีแต่ของอร่อยๆ
1,โรงไฟฟ้าหงสา
1,โลกโคจรรอบดวงอาทิตย์
1,โลกกลมไม่ได้แบน
1,โลกยุคโลกาภิวัฒน์ข้อมูลข่าวสารเชื่อมถึงกันหมด
1,โลกหมุนรอบดวงอาทิตย์
1,โลกหมุนรอบตัวเองหนึ่งรอบใช้เวลาหนึ่งวัน
1,โลกออนไลน์มีทั้งข่าวจริงและข่าวปลอม
1,ใกล้เวลานอนแล้วเด็กเด็ก
1,ใกล้วันเลือกตั้งเข้ามาทุกที
1,ใกล้สอบมาอ่านหนังสือกัน
1,ใครเป็นผู้ค้นพบเรื่องแรงโน้มถ่วงของโลก
1,ใครเห็นเป้ของผมบ้าง
1,ใครไม่อยากไปเที่ยวบ้าง
1,ใครจะไปเที่ยวทะเล
1,ใครจะรับฟังฉันบ้าง
1,ใครตด?
1,ใครต้องการน้ำชาบ้าง
1,ใครพูดรัวๆติดกันได้นานๆบอกเราด้วย
1,ใครมีปัญหาเดือดร้อนสามารถติดต่อกับรายการของเราได้
1,ใครหนอเอาหนังสือไป
1,ใครหยิบหนังสือของฉันไป
1,ใครอยากไปเที่ยวบ้าง
1,ใครอยู่ม.โปรดพาอ้อมไปกินข้าวที
1,ใช่เลยเเก
1,ใช้เวลาในการคั่วกะทิประมาณสามสิบนาที
1,ใช้เวลาประมาณสิบสองนาที
1,ใช้เวลารวบรวมข้อมูลเป็นเวลานาน
1,ใช้โอกาสช่วงวันหยุดยาวนี้ให้ความสำคัญกับครอบครัวและผู้สูงอายุ
1,ใช้ยางลบลบคำที่เขียนผิด
1,ในเดือนเมษายนที่ผ่านมาเป็นช่วงร้อนที่สุดของปี
1,ในเมื่อเรายังไม่มีมาตรฐานประโยคภาษาไทย
1,ในแต่ละชั้นจะมีความงดงามแตกต่างกันไป
1,ในช่วงที่อังกฤษปกครองทั้งสองดินแดน
1,ในช่วงวิกฤตภัยแล้งโรงพยาบาลได้รับสนับสนุนน้ำจากหน่วยงานต่างๆ
1,ในปีนี้
1,ในวันวาเลนไทน์ปีนี้พ่อค้าคือคนที่ยิ้มมากที่สุด
1,ในสงครามเวียดนาม
1,ในสมัยเหมาเจ๋อตุง
1,ในส่วนที่อยู่บนเกาะบอร์เนียว
1,ในอนาคตเราจะแต่งงานกัน
1,ใส่รองเท้าให้ถูกระเบียง
1,ให้เข้าถึงผู้ชมผ่านรูปแบบหนังสั้น
1,ให้ข้าวหลามเป็นที่รู้จักในวงกว้างมากขึ้น
1,ให้คนรุ่นใหม่เข้าใจในเรื่องนี้มากขึ้น
1,ให้นิ่มที่ยังไม่ว่างดูซะงั้น
1,ให้สัมภาษณ์ภายหลังการประชุมทางไกลผ่านระบบวิดีโอ
1,ให้อยู่ในดุลพินิจของหัวหน้าหน่วยงาน
1,ไข่แดงจะแข็งแต่ไข่ขาวจะเหลว
1,ได้กำชับให้ทุกพื้นที่เสี่ยงภัยแล้ง
1,ได้นำไปใช้กับผู้พิการ
1,ได้ยินนะ
1,ไทม์แมชชีนเป็นเครื่องเดินทางข้ามเวลา
1,ไปกันเลย
1,ไปกับฉันไหมล่ะ
1,ไปกินข้าวกันเถอะ
1,ไปขอคนแต่งเลยสิครับ
1,ไปช้าหน่อยนะครับ
1,ไปหยิบโทรศัพท์มาให้ทีสิ
1,ไผ่เป็นไม้ที่นำไปใช้ทำประโยชน์อย่างมากมาย
1,ไฟฟ้าเป็นสิ่งจำเป็นในปัจจุบัน
1,ไม่เป็นไร
1,ไม่เหมือนมือถือสมัยก่อน
1,ไม่แน่ใจอ่ะ
1,ไม่ได้
1,ไม้ไล่ในป่านี้ถูกตัดโค่นหมด
1,ไม่ขับรถเร็วเกินกฎหมายกำหนด
1,ไม่ควรนอนดึก
1,ไม่ดื่มเครื่องดื่มแอลกอฮอล์
1,ไม่น่าเชื่อว่านี่คือนโยบายไทยแลนด์สี่จุดศูนย์
1,ไม่พบหน้าเว็บไซต์ที่คุณต้องการค้นหา
1,ไม่มีเงินไปใช้คืนก็ต้องผัดหนี้ไปก่อน
1,ไม่มีเรือข้ามทะเลตอนนี้
1,ไม่มีใครเข้ามาช่วย
1,ไม่มีใครรู้ว่าวันพรุ่งนี้จะเป็นอย่างไร
1,ไม่มีใครอยากทำงานร่วมกับเขา
1,ไม่มีนักศึกษาคนใดเป็นคนปัญญาอ่อน
1,ไม่มีสอบไม่ใช่หรอ
1,ไม่ร้องไห้นะ
1,ไม่ว่าใครก็กล่าวถึง
1,ไม่ว่าขนาดเล็ก
1,ไม่ว่าคุณจะอยู่ที่ไหนก็ทำประกันภัยได้ดังใจปรารถนา
1,ไม้สักต้นกำลังงามขึ้นปนกับไม้แดงไม้ยาง
1,ไม่สำคัญว่าอดีตเราจะเป็นแบบไหน
1,ไม่อนุญาตให้ส่งเสียงดัง
1,ไม่อนุญาตให้ออกจากห้องสอบก่อนหมดเวลาสอบ
1,ไม่อยากเหงาเลย
1,ไลน์
1,ไว้เจอกันนะ
1,ไว้ในสวน
1,ไวรัสโคโรน่ามีถิ่นกำเนิดจากประเทศจีน
1,ไวรัสโคโรน่าสามารถหายเองได้กรณีผู้ป่วยมีภูมิคุ้มกัน
1,ไส้เดือนอยู่ในดินเสถียรภาพทางการเมือง
1,ก็เพราะขี้ปากชาวบ้านเนี่ยล่ะ
1,ก็ไม่ได้ว่าอะไร
1,กกต.มีหน้าที่กำกับดูแลการเลือกตั้ง
1,ก็จะเกิดขึ้นแก่เราเสมอ
1,ก็บอกแล้วไง
1,กบอยู่ในสระบัว
1,กรณีภัยแล้งเพื่อประเมินสถานการณ์น้ำประจำวัน
1,กรมการแพทย์ชี้ปัญหาการกลืนอาหารพบบ่อยในผู้สูงอายุ
1,กรมสรรพากรได้มีการศึกษาและวิเคราะห์กลุ่มผู้เสียภาษีแต่ละกลุ่มโดยละเอียด
1,กรมสรรพากรได้ยึดหลักในการบริหารจัดเก็บภาษีตามกลยุทธ์
1,กรมสรรพากรสามารถจัดเก็บรายได้
1,กรมอุตุนิยมวิทยาบอกว่าจะมีฝนฟ้าคะนองหลายพื้นที่
1,กรมอุตุนิยมวิทยาประกาศแจ้งเตือนพายุฤดูร้อน
1,กรมอุตุนิยมวิทยามีหน้าที่พยากรณ์อากาศ
1,กรรมจริง
1,กระเตยกำลังเล่นกีฬาอยู่ที่สนาม
1,กระเป๋าสตางค์ที่ฉันซื้อมาใหม่หาย
1,กระโปรงเปื้อนดิน
1,กระจกแตก
1,กระดาษทำมาจากเยื่อไม้
1,กระปุกออมสินหายไปไหนนะ
1,กรุงเทพมหานครเป็นเมืองหลวงของประเทศไทย
1,กรุณาเงียบ
1,กรุณาปิดโทรศัพท์มือถือระหว่างชมการแสดง
1,กลับบ้านกี่โมง
1,กลับมาแล้วเหรอ
1,กลับมาพัฒนาตัวตัดประโยคภาษาไทยกันต่อ
1,กลุ่มแพทย์ชนบทเรียกร้องให้กระทรวงการคลังยกเลิกประกาศล่าสุด
1,ก๋วยเตี๋ยวอร่อยมากเลย
1,กสพท.ประกาศรายชื่อผู้มีสิทธิ์สัมภาษณ์แล้ว
1,ก่อนให้ลูกดูดนมแม่จากเต้าโดยตรง
1,ก็ออกไปทานอาหารกลางวันหมดแล้ว
1,กะเหรี่ยง
1,กัน
1,กับการทำงานกับอวัยวะอื่น
1,กาแฟร้านนี้ขมมาก
1,การเดินเป็นการออกกำลังกาย
1,การเผาถ่านไม้ทำลายบรรยากาศของโลก
1,การเมืองเกี่ยวข้องกับทุกอย่าง
1,การเรียนเป็นชีวิตประจำวันของฉัน
1,การเสพข่าวจากสื่อออนไลน์ต้องคิดให้รอบด้าน
1,การเสี่ยงโชคที่อยู่คู่คนไทยมาหลายทศวรรษ
1,การแข่งขันจะแบ่งออกเป็นสองครึ่ง
1,การกลืนที่คอหอยจะเกิดช้ากว่าวัยอื่น
1,การตรวจข้อสอบอัตนัยขึ้นอยู่กับดุลพินิจของผู้ตรวจ
1,การตัดคำภาษาไทยยังไม่มีมาตรฐาน
1,การ์ตูนหุ่นยนต์กลายเป็นลักษณะเด่นของการ์ตูนญี่ปุ่นอย่างไรก็ตามไม่ใช่การ์ตูนญี่ปุ่นทุกเรื่องจะเป็นการ์ตูนหุ่นยนต์
1,การท่องเที่ยวทำให้ชาวบ้านมีรายได้จากการขายสินค้าพื้นเมืองและผลิตผลทางการเกษตร
1,การทำงานให้สำเร็จลุล่วงอย่างมีประสิทธิภาพมิได้อยู่ที่คนเพียงคนเดียว
1,การทำงานของถังขยะอัจฉริยะด้วยเทคโนโลยีประมวลผลภาพ
1,การที่ได้รัฐบาลจากประชาธิปไตยถือเป็นเรื่องที่น่ายินดี
1,การบ้านที่ครูภาษาไทยสั่งเสร็จเรียบร้อยแล้ว
1,การบ้านยังไม่ทำเลย
1,การประชุมครั้งนี้เป็นที่จับตาของคนทั่วโลก
1,การประมวลผลข้อมูลขนาดใหญ่นั้นต้องใช้ทรัพยากรมาก
1,การมีอาวุธปืนไว้ในครอบครองต้องได้รับอนุญาต
1,การวิ่งออกกำลังกายดีต่อสุขภาพ
1,การวินิจฉัยโรคจําเป็นต้องทําอย่างละเอียดและรอบคอบ
1,การศึกษาเป็นการเรียนรู้อย่างหนึ่ง
1,การอนุมัติงบประมาณในวงเงินที่จำกัด
1,การออมเงินเสมือนเก็บเงินไว้ใช้ในอนาคต
1,กำลังกินข้าวจ้า
1,กำลังจะออกไปกินข้าวครับ
1,กิจการของพ่อค้าขายของเก่ากำลังเจริญรุ่งเรือง
1,กินเวลาเท่ากับศึกอวสานทศกัณฐ์ในรามเกียรติ์เลย
1,กินข้าวกันหมดแล้ว
1,กินข้าวยัง
1,กินข้าวยังที่รัก
1,กินข้าวยังพลอย
1,กินน้ำกินท่าเสียซิ
1,กินอาหารตามเวลาช่วยให้สุขภาพดี
1,กีฬาสีทำให้นักเรียนมีโอกาสสร้างความสามัคคีระหว่างกัน
1,กุญแจตกหายไปไหนนะ
1,กุมภาพันธ์
1,กูเกิลเป็นเครื่องมือค้นหาที่มีคนนิยมใช้งานจำนวนมาก
1,ขณะนี้ถึงเวลาที่ทุกคนต้องร่วมมือกันแก้ปัญหาเศรษฐกิจของชาติอย่างจริงจัง
1,ขณะนี้ส่งผลกระทบกับสถานบริการจำนวนสองแห่ง
1,ขณะนี้สถานการณ์ได้คลี่คลายแล้ว
1,ขนมเค็มจะขายกระทงละสิบบาท
1,ขนมขต้มก็มี
1,ขนมวางอยู่บนโต๊ะ
1,ขนุนลูกนี้อร่อยมาก
1,ขบวนเรือถึงวัดตอนดึกเกือบห้าทุ่ม
1,ขวดใบนี้บรรจุน้ำได้มาก
1,ขอเลขบัญชีด้วยค่ะ
1,ขอโทษคะ
1,ขอให้เธอมีความสุขนะ
1,ขอให้หายนะคะ
1,ของโปรดทั้งนั้นเลย
1,ข้อดีของเขาคือการทำงานด้วยความซื้อสัตย์
1,ขอบใจมากเพื่อน
1,ขอบคุณครับ
1,ขอบคุณนะ
1,ขอบคุณมากๆครับ
1,ขอยืมเงินหน่อยได้ไหม
1,ขอยืมของวิเศษหน่อย
1,ขอยืมปากกาลบคำผิดหน่อย
1,ขอลอกการบ้านหน่อย
1,ข้อสอบข้อนี้ยากจริงๆ
1,ขอสอบถามเส้นทางไปกรุงเทพได้ไหมค่ะ
1,ขออย่าให้มีภัยพิบัติอะไรเกิดขึ้นอีกเลย
1,ข้างนอกแดดร้อนมาก
1,ข้างล่างทำอะไรกันเสียงดัง
1,ขายแทบไม่ทันเลยทีเดียว
1,ข้าวเป็นอาหารของคนไทย
1,ข้าวแกงร้านนี้ขายถูกแต่ลูกค้าก็ไม่ค่อยซื้อ
1,ข้าวในนาสุกเกี่ยวได้แล้ว
1,ข้าวมันไก่ที่หนองเดิ่นอร่อยที่สุดในหนองคาย
1,ขาวสามหมื่นเป็นไม้ถิ่นเดียวของไทย
1,ขาวสามหมื่นเป็นพรรณไม้ถิ่นเดียวของไทย
1,ขาวสามหมื่นเป็นพรรณพืชถิ่นเดียวของไทย
1,ขาวสามหมื่นเป็นพืชถิ่นเดียวของไทย
1,ขึ้นรถไฟฟ้าอยู่
1,ขึ้นรถมาให้หมดทุกคน
1,คงไม่ได้เจอกันอีกแล้วแหละ
1,คณะกรรมการต้องพินิจพิเคราะห์สิ่งประดิษฐ์ที่ส่งเข้าประกวดอย่างละเอียดถี่ถ้วน
1,คนเจ็บสลบไปแล้ว
1,คนเราไม่ควรหลงเชื่ออะไรง่ายๆ
1,คนเราต้องรู้จักศึกษาเรียนรู้ตลอดชีวิต
1,คนเลวเป็นที่รังเกียจของคนทั่วไป
1,คนแรกเลยนะที่ทำแบบนี้ให้
1,คนในท้องถิ่นนั้นนิยมฟ้อนรำ
1,คนไทยไม่แพ้ชาติใดในโลก
1,คนไทยควรได้รับการปลูกฝังอุปนิสัยในการบริโภค
1,คนไทยควรร่วมใจกันส่งเสริมบรรดาสินค้าไทย
1,คนไทยต่างห่วงใยสถานการณ์ทางภาคใต้
1,คนไทยทุกคนควรมีความรู้เกี่ยวกับธรณีพิบัติภัย
1,คนไทยทุกคนรอท่านอยู่นะค่ะ
1,คนกวาดถนนผู้หญิงทำงานอย่างคล่องแคล่ว
1,คนกินจุไม่อ้วนเสมอไป
1,คนขับรถขนของเหนื่อยมากไหม
1,คนขับรถบรรทุก
1,คนขับรถบรรทุกผัก
1,คนขับรถบรรทุกผักไปขาย
1,คนชอบไปเที่ยวทะเลในฤดูร้อน
1,คนดีไม่ต้องกลัวโดยตรวจสอบ
1,คนทั่วโลกใช้ภาษาอังกฤษเป็นภาษาสากล
1,คนทำซอฟต์แวร์ได้รายได้จากไหน
1,คนทำดีจะได้บารมีบุญเพิ่มเสมอ
1,คนที่มีความอาฆาตพยาบาทจะไม่มีความสุข
1,คนที่มีสุขภาพดีมาจากคนที่กินอาหารดีถูกหลักโภชนาการ
1,คนบุกรุกป่าสงวนถูกจับไปหมดแล้ว
1,คนพิการต้องการสิ่งอำนวยความสะดวกมากกว่านี้
1,คนพูดปดไม่มีใครเชื่อถือ
1,คนรุ่นใหม่กลับมองว่าไร้สาระ
1,คนสวยอุ้มแมวอ้วน
1,ค้นหาตารางสอบ
1,คนอย่างเราคงไม่ยอมหรอก
1,คนอ้วนส่วนใหญ่เป็นคนน่ารัก
1,คนอะไรน่ารักมาก
1,ครบหนึ่งร้อยประโยคเรียบร้อย
1,ครูให้นักเรียนกวาดพื้น
1,ครูขอเป็นกำลังใจให้นักเรียนทุกคน
1,ครูสอนหนังสือ
1,ครูห้ามนักเรียนลอกการบ้านกัน
1,คลื่นสึนามิได้ทำลายทุกสิ่งทุกอย่างในชั่วพริบตา
1,ควรเปิดโอกาสให้อยู่กับลูกได้อย่างสะดวก
1,ความเหลื่อมล้ำเป็นปัญหาที่กระทบเกือบทุกแวดวงของสังคมไทย
1,ความกตัญญูเป็นสมบัติของผู้มีจิตใจงาม
1,ความจริงเป็นสิ่งไม่ตาย
1,ความฝันเด็กไทยไม่ควรถูกบังคับโดยผู้ใหญ่
1,ความรักเป็นสิ่งสวยงามตลอดกาล
1,ความรู้เป็นทรัพย์อันประเสริฐ
1,ความสำเร็จของลูกเป็นความหวังของพ่อแม่
1,ความหลากหลายทางชีวภาพและธรรมชาติที่งดงามถือเป็นสมบัติล้ำค่าของมวลมนุษยชาติ
1,ความอ่อนแรงดั่งพายุที่ปกคลุม
1,คอมพิวเตอร์เครื่องนี้ราคาเท่าไร
1,คั่วกะทิอย่างพิถีพิถันไม่ให้กะทิไหม้หรือเป็นก้อน
1,ค่าคาดหวังและความแปรปรวนของตัวแปรสุ่ม
1,ค่าคาดหวังของตัวแปรสุ่มชนิดไม่ต่อเนื่อง
1,คาดเข็มขัดนิรภัย
1,คาดการณ์ว่า
1,คำคมภาษาอังกฤษวันนี้
1,ค่ำคืนนี้ช่างเงียบเหงา
1,คำถามข้อต่อมา
1,คำประสมหรือพยางค์หรือคำโดด
1,คิดเยอะๆก่อนพูด
1,คิดถึงได้ไหม
1,คืนนี้พวกเราพักที่โรงแรมอะไรดี
1,คือประเทศจีน
1,คุณเก็บธงไว้ที่ไหน
1,คุณเคยเดินทางไปเวียดนามไหม
1,คุณเจตนาน่าจะได้พบเขาที่บ้านคุณพ่ออย่างช้าพรุ่งนี้
1,คุณเชื่อมั่นในตัวเองไหม
1,คุณเป็นอะไรมากไหม
1,คุณแม่จะไปตลาดหรือคะ
1,คุณไปไหนมาล่ะ
1,คุณไม่สบายหรือเปล่า
1,คุณกำลังทำอะไรอยู่
1,คุณขับรถช้า
1,คุณคงผิดหวังใช่ไหม
1,คุณคงว่างมากเลยสินะ
1,คุณครูให้การบ้านนักเรียน
1,คุณครูมานิตา
1,คุณควรเลือกว่าจะใช้การตัดคำแบบไหน
1,คุณคิดอย่างไรกับเรื่องนี้
1,คุณคิดอย่างไรกับการเลือกตั้งครั้งนี้
1,คุณจะเดินทางเมื่อไร
1,คุณจะได้พบกับศูนย์ภายภาพบำบัดในบรรยากาศของบ้านใจกลางเมือง
1,คุณจะไปเมื่อไร
1,คุณชอบที่นี่ไหม
1,คุณซื้ออะไรมาบ้าง
1,คุณต้องเลิกเที่ยวกลางคืน
1,คุณตักเตือนเขาแล้วแต่เขายังเหลวไหล
1,คุณตานัดรำมวยจีนกับเพื่อนๆทุกวันเสาร์
1,คุณทำอะไรอยู่อ่ะครับ
1,คุณปู่กับคุณตาอยู่ที่นี่หรือคะ
1,คุณพ่อท่านสงสารผม
1,คุณพ่อบอกให้แม่รีบกลับบ้านทันที
1,คุณพูดภาษาไทยได้ไหม
1,คุณพูดภาษาอังกฤษได้ไหม
1,คุณมาจากไหน
1,คุณมีความเห็นเหมือนเขาหรือไม่
1,คุณมียอดค้างชำระสามร้อยสิบเอ็ดบาทสี่สิบห้าสตางค์
1,คุณยายเย็บกระทง
1,คุณลุงท่านชอบดนตรีไทย
1,คุณสนใจสมัครรับข้อมูลข่าวสารจากเราไหม
1,คุณสบายดีไหม
1,คุณสามารถแยกความแตกต่างออกได้หรือไม่
1,คุณอยู่กับผมนะ
1,คุณอายุเท่าไร
1,คู่เจรจาอย่างเต็มรูปแบบของอาเซียน
1,คู่รักหนุ่มสาวของคนไทยเรียกว่าแฟน
1,ง่วงนอนจังเลย
1,งานค้างเต็มเลยช่วงนี้
1,งานนี้สำเร็จด้วยน้ำพักน้ำแรงของพวกเราโดยแท้
1,งานยุ่งชะมัด
1,งูเหลือมเลื้อยช้า
1,จงเเต่งประโยคจากคำที่กำหนดให้
1,จบจากโรงเรียนอะไร
1,จะเหลือคนที่คุณจะคุยด้วยน้อยลงนะ
1,จะไปก็ไปสิ
1,จะดีหรือ
1,จะมีการเลือกตั้งขึ้นทั่วประเทศ
1,จังหวัดกาฬสินธุ์อยู่ในภาคตะวันออกเฉียงเหนือหรือภาคอีสาน
1,จังหวัดยะลาถือได้ว่าเป็นแหล่งปลูกทุเรียนมากที่สุดในภาคใต้ตอนล่าง
1,จัดกิจกรรมให้ได้มีโอกาสสัมผัสตัวลูกอย่างใกล้ชิด
1,จากการขยายตัวของจักรวาลด้วยอัตราเร่งที่เพิ่มขึ้น
1,จากการทดสอบประสิทธิภาพ
1,จิ้งจกกินแมลง
1,จิตร
1,จิตรเป็นนักวิชาการคนแรก
1,จีนแพ้สงครามฝิ่นที่นานกิง
1,จีนออกใบอนุญาตทดสอบรถยนต์ไร้คนขับ
1,ฉันเกรงใจเธอจริงๆ
1,ฉันเชื่อว่าเด็กไทยหลายคนรู้จักโดราเอมอน
1,ฉันเตือนเขาแล้ว
1,ฉันเล่นตานี้เป็นตาสุดท้าย
1,ฉันเห็นตำรวจจับผู้ร้าย
1,ฉันเหนื่อย
1,ฉันเองก็ไม่รู้ว่าอนาคตจะเป็นอย่างไร
1,ฉันและเธอไปโรงเรียน
1,ฉันในวันนี้แตกต่างจากเมื่อวาน
1,ฉันไปกับเขา
1,ฉันไปพบเขามาแล้ว
1,ฉันไปละนะ
1,ฉันไปล่ะนะ
1,ฉันไม่ได้ลอกการบ้านเพื่อน
1,ฉันไม่ชอบการเอาเปรียบ
1,ฉันไม่ชอบชมการแสดง
1,ฉันไม่ต้องการทำการบ้านตอนนี้
1,ฉันไม่รักเธอ
1,ฉันไม่รู้ว่าเขาสร้างบ้านนี้ได้อย่างไร
1,ฉันก็กลับบ้าน
1,ฉันก็ยังรักเธอ
1,ฉันกำลังเรียนจบมัธยม
1,ฉันกำลังคุยกับหุ่นยนต์
1,ฉันกำลังอ่านหนังสือสารคดีด้วยความสนใจ
1,ฉันกินเค้ก
1,ฉันกินเค้กรสช็อคโกแลค
1,ฉันกินข้าวแล้ว
1,ฉันคิดถึงเหลือเกิน
1,ฉันจะเดินทางในอีกสามวัน
1,ฉันจะได้กินแซลมอนทงคัตสึสักที
1,ฉันจะไม่ช่วยเขา
1,ฉันช่วยเธอ
1,ฉันชอบเธอนะไอคุง
1,ฉันชอบเพื่อนที่ขยันเรียนหนังสือ
1,ฉันชอบเรียนประวัติศาสตร์
1,ฉันชอบกินข้าวมันไก่
1,ฉันชอบดอกไม้ที่อยู่ในแจกัน
1,ฉันชอบบ้านที่ตั้งอยู่บนเนิน
1,ฉันชอบอยู่ใกล้เธอ
1,ฉันชอบอากาศชายทะเล
1,ฉันชอบอ่านบทความของเว็บเด็กทีนมาก
1,ฉันชอบอ่านหนังสือในห้องสมุด
1,ฉันดูโทรทัศน์
1,ฉันต้องการกำลังใจ
1,ฉันถือลูกบอลจ้า
1,ฉันถูกแม่ดุ
1,ฉันทำการบ้านเสร็จแล้วจึงล้มตัวลงนอน
1,ฉันบอกเธอแล้ว
1,ฉันฟังเพลงจากวิทยุจนเคลิ้มหลับไป
1,ฉันยังไม่ได้กินข้าวเลย
1,ฉันรักเขามากแต่ทว่าเขากลับไม่รักฉันเลย
1,ฉันรักเด็กนักเรียนชาย
1,ฉันลืมเอากระเป๋าสตางค์มา
1,ฉันลืมเอาร่มมา
1,ฉันสบายดี
1,ฉันสั่งข้าวผัด
1,ฉันอธิบายและฉันซักถามอยู่เสมอ
1,ฉันอยากเรียนต่อในระดับปริญญาตรี
1,ฉันอยากเรียนต่อจุฬาลงกรณ์มหาวิทยาลัย
1,ฉันอยากได้ซองมาใส่จดหมาย
1,ฉันอยากได้รองเท้าที่ราคาถูกและใช้งานได้นาน
1,ฉันอยากลงไปเดินเล่นในสวน
1,ฉันอยากอ่านหนังสือมากกว่าเล่นเกม
1,ชนกลุ่มที่ย้ายจากพม่าไปบังคลาเทศ
1,ชมความงามของดอกลิ้นมังกรสีชมพู
1,ช่วงเลือกตั้งมีข่าวปลอมออกมาเยอะมาก
1,ช่วงนี้กระแสปัญญาประดิษฐ์มาแรงมาก
1,ช่วงนี้ค้าขายอะไรไม่ค่อยได้เลย
1,ช่วงนี้พัดลมขายดี
1,ชวนไปฟังกันครับ
1,ช่วยเหลือนักเรียนหญิงคนหนึ่งที่พูดไม่ได้
1,ช่วยเหลือผู้พิการท่อนล่างและผู้ที่ไม่สามารถเดินได้
1,ช่วยครอบครัวที่มีอาชีพทำข้าวหลามขาย
1,ช่วยหยิบดินสอให้หน่อย
1,ช่วยหยิบปากกาให้ผมด้วยครับ
1,ช่องทางหนึ่งที่จะช่วยประชาสัมพันธ์เสน่ห์ของไทย
1,ช่างสลักกาบกล้วยให้เป็นลวดลาย
1,ชาญเป็นเลขาคนเก่งของสำนักนายกรัฐมนตรีประเทศไทยคนปัจจุบัน
1,ชานมไข่มุกราคาเท่าไร
1,ชายหาดมีหาดทรายสวยงาม
1,ชารินทร์ลืมเมาส์ไว้ที่ห้องทำงาน
1,ชาวโรฮิงญาเป็นตัวอย่างหนึ่งของความไม่เท่าเทียมในสังคมของพม่า
1,ชาวโรฮิงญาคือ
1,ชาวไร่เก็บเมล็ดพันธุ์พืชไว้สำหรับปลูกในครั้งต่อไป
1,ชาวจีนโพ้นทะเลบางส่วนอพยพมาไทย
1,ชาวนากำลังจูงควายกลับบ้าน
1,ชาวนาจับปลา
1,ชาวนาบรรเทาความทุกข์ยากเพราะฝนหลวงพระราชทาน
1,ชาวบ้านจะไปส่องไฟเก็บตอนกลางคืนและช่วงเช้ามืด
1,ชาวบ้านนับร้อยสมัครเป็นทหารอาสาที่ชายแดนนี้
1,ชาวสวนปลูกกระท่อมเล็กๆ
1,ซอกเกอร์
1,ซีเมนต์แข็งแล้ว
1,ซึ่งเกิดจากความผิดปกติของโครงสร้างและหน้าที่การทำงานของช่องปาก
1,ซึ่งเสียเสียชีวิตแล้วด้วยโรคมะเร็งในวัย
1,ซื้อเสื้อผ้าสวยๆ
1,ฐานะทางการเงินของเขาตกต่ำลงอย่างมาก
1,ดวงจันทร์หมุนรอบโลก
1,ดวงจันทร์หมุนรอบตัวเอง
1,ด้วยการรณรงค์เพื่อการอนุรักษ์สิ่งแวดล้อมร่วมกับขบวนการสันติภาพต่อต้าน
1,ด้วยวิธีคิดที่มีเหตุผลและลุ่มลึก
1,ดอกไม้เหี่ยวในแจกันดูน่าเกลียด
1,ดอกกัลปพฤกษ์เป็นดอกไม้ประจำของมหาวิทยาลัยขอนแก่น
1,ดอกคูนบานสะพรั่งทั่วอีสาน
1,ดอกดาวเรืองขายดีมากในช่วงเลือกตั้ง
1,ดอกดาวเรืองขายดีมากในช่วงเลือกตั้งหาเสียง
1,ดอกทานตะวันจะหันเข้าหาดวงอาทิตย์เสมอ
1,ดอกทานตะวันออกดอกสวยงาม
1,ดอกฟ้าคือบัวที่เกิดในสวรรค์นั่นเอง
1,ดอกลิ้นมังกรจะออกดอกบานพร้อมกันเป็นสีชมพูสด
1,ดาราศาสตร์เป็นวิชาที่ว่าเรื่องดวงดาว
1,ดาวเทียมไทยคมเป็นของคนไทย
1,ดาวเทียมนอกโลกมีจำนวนมากมาย
1,ดาวคุณนายตื่นสายสวยจัง
1,ดำและแดงไปโรงเรียน
1,ดินเปื้อนกระโปรง
1,ดีแล้วล่ะที่เขาไม่บอก
1,ดีใจด้วยจ้าแพรว
1,ดื่มน้ำอุ่นผสมเกลือแกงแล้วล้วงคอให้อาเจียนออกมา
1,ดูก่อนอ่ะ
1,ต้นไม้ปลูกอยู่หน้าบ้าน
1,ต้นมะม่วงออกช่อแต่ไม่ติดผล
1,ต้นอ้อยเป็นพืชใบเลี้ยงเดี่ยว
1,ต้มไก่สุกแล้ว
1,ต้มยำกุ้งเป็นอาหารไทยที่คนต่างชาติชื่นชอบ
1,ต้มยำกุ้งอร่อยมาก
1,ตลาดแห่งนี้มีแต่ของอร่อย
1,ตอนเย็นเธอมาหาฉันนะ
1,ตอนเย็นกินอะไรดี
1,ตอนนั้นคิดอะไรอยู่นะ
1,ตอนนี้เขากำลังอ่านหนังสือ
1,ตอนนี้เราคุยเรื่องจิปาถะแทนอาเซียนศึกษาไปแล้วนะ
1,ตอนนี้เวลาเท่าไร
1,ตอนนี้ใครมีเงินให้ยืมบ้าง
1,ตอนนี้ขาดแคลนข้อมูลจำนวนมาก
1,ตอนนี้ฉันกำลังพิมพ์ข้อความผ่านทางมือถืออยู่
1,ตอนนี้ท้องฟ้าเหมือนฝนจะตก
1,ตอนนี้ที่หอพักปิดไฟยัง
1,ตอนนี้ทุกคนสามารถทำในสิ่งที่ดีได้
1,ตอนนี้บวม
1,ตอนนี้หนองคายอากาศเย็น
1,ตอนนี้หิวข้าวมากอ่ะ
1,ตอบเดี๋ยวนี้ได้ไหม
1,ต้อยเหมือนติ่ง
1,ต้อยและแตนชอบทานผลไม้
1,ตั้งศูนย์วิจัยแห่งใหม่ในโตเกียว
1,ตันติวิทยาพิทักษ์
1,ต่างยิ้มเมื่อเห็นคนรักนำช่อกุหลาบมาให้
1,ตาดำปลูกผัก
1,ตาดำปลูกผักคะน้า
1,ตาดำปลูกผักคะน้าเมื่อวานนี้
1,ตาปลูกผัก
1,ตาลทำอะไรอยู่อ่ะ
1,ตาสมแกไม่ชอบเสียงดัง
1,ตำรวจและทหารช่วยกันจับผู้ก่อการร้ายที่ชายแดน
1,ตำรวจจับโจร
1,ตำรวจจับผู้ร้ายแล้ว
1,ตำรวจนอกเครื่องแบบวิ่งไล่จับผู้ร้าย
1,ตำรวจหลายคนจับโจรผู้ร้าย
1,ติ่งเหมือนต้อย
1,ติมอร์เลสเตเป็นประเทศเดียวในเอเชียตะวันออกเฉียงใต้
1,ตึกที่สูงที่สุดอยู่ที่ไหน
1,ตึกนี้จะเริ่มรื้อถอนวันนี้เป็นต้นไป
1,ตื่นตอนนี้จะหลับตอนไหนเนี่ย
1,ตุ๊กแกกินแมลงศัตรูพืช
1,ตุ้มเป็นญาติกับเขา
1,ตุลา
1,ถนนเส้นนี้ยาวมากมากเลย
1,ถ้าเธอรักดีเธอต้องเชื่อฉัน
1,ถ้าเป็นคุณจะทำอย่างไร
1,ถ้าเป็นพวกงานเขียนทางวิชาการอาจต้องทำใหม่
1,ถ้าเราไม่รีบแต่งตัวเราจะไปงานไม่ทัน
1,ถ้าเราทำแต่ความดี
1,ถ้าเสร็จแล้วขอลอกได้ไหม
1,ถ้าการเดินทางข้ามเวลามีจริงก็คงดี
1,ถ้าคนไทยประดิษฐ์ยานอวกาศได้ก็คงดี
1,ถ้าคุณอยากได้ตัวตัดคำที่แม่นยำที่สุด
1,ถามเท่าไรเขาก็ไม่บอก
1,ถ้าวันนี้คือวันเสาร์แล้วพรุ่งนี้เป็นวันอะไร
1,ถึงเวลากินยาได้แล้ว
1,ถึงฉันจะจน
1,ถึงที่ทำงานหรือยัง
1,ถึงบ้านแล้ว
1,ถึงมหาวิทยาลัยแล้ว
1,ถูกเขาต้มจนสุก
1,ถูกสร้างมาให้เหมาะสมกับสภาพร่างกายของทารก
1,ทดสอบระบบตัดคำ
1,ทรงพระเจริญ
1,ทวิตเตอร์
1,ทศพรไม่ชอบผู้ชายเจ้าชู้
1,ทศพลไม่ใช่พี่ของทศพร
1,ทหารยิงผู้ก่อการร้าย
1,ทองคำเปล่งประกายเมื่อต้องแสงไฟ
1,ทองดีทำการบ้านตามที่ครูบอกทุกครั้ง
1,ท้องฟ้ามืดมนราวกับใจเศร้า
1,ทั้งเห็ดโคลน
1,ทั่วโลกกำลังจับตาสถานการณ์ไวรัสโคโรน่าที่ประเทศจีน
1,ท่านรัฐมนตรีมีความห่วงใย
1,ทำให้โรฮิงญาถูกขับไล่จากบังคลาเทศ
1,ทำให้ปริมาณการรับประทานอาหารต่อคำลดลง
1,ทำได้ทุกคำค่ะ
1,ทำไมเธอต้องฆ่าเสือดำ
1,ทำไมเธอถึงประสบความสำเร็จในชีวิต
1,ทำไมเป็นอย่างนี้ไปได้
1,ทำไมไม่ค่อยมีใครสนใจโปรเจคคุณ
1,ทำไมกลับบ้านไวจัง
1,ทำไมถึงสนใจภาษาไทย
1,ทำไมที่นี่ยังต้องใช้สำเนาบัตรประชาชน
1,ทำไมวิชาฟิสิกส์ยากจังเลย
1,ทำไมอากาศร้อนอย่างนี้
1,ทำไมอินเทอร์เน็ตช้าผิดปกติ
1,ทำการบ้านกัน
1,ทำกิจกรรมเพลิดเพลินท่ามกลางธรรมชาติได้พร้อมพร้อมกันทั้งครอบครัว
1,ทำงานอย่างสม่ำเสมอมีผลต่อสุขภาพจิตที่ดี
1,ทำผิดไม่ต้องกลัวอะไร
1,ทำผิดก็ต้องกล้ายอมรับผิด
1,ทำอย่างนี้ไม่เหมาะหรอกนะเธอ
1,ทำอะไรดีนะ
1,ทำอะไรอยู่อ่ะ
1,ทิพย์ไปโรงเรียน
1,ที่ไม่ได้เป็นสมาชิกอาเซียน
1,ที่กล้าถกเถียงและคัดค้านปราชญ์คนสำคัญ
1,ที่นั่นเขาใช้ภาษาอะไรกัน
1,ที่นี่ไม่มีสัญญาณโทรศัพท์
1,ที่นี่ขึ้นชื่อเรื่องข้าวหลามอร่อยมาก
1,ทีมบาสเกตบอลของเราชนะเลิศและได้รับคำชมเชยด้วย
1,ทีมฟุตซอลโรงเรียนเราชนะเลิศ
1,ที่วางอยู่ทุกโต๊ะ
1,ที่สามารถรับประทานได้
1,ที่อ้วนเพราะนอนน้อยนี่เอง
1,ทุเรียนเป็นผลไม้ขึ้นชื่อของไทย
1,ทุเรียนเป็นพืชเศรษฐกิจที่สำคัญ
1,ทุกเดือน
1,ทุกคนให้กำลังใจเจ้าหน้าที่ช่วยทีมหมูป่า
1,ทุกวันนี้โลกพัฒนาไปเร็วมาก
1,ทุกวันนี้ยังมีคนเชื่อว่าโลกแบน
1,ทุกวันพระเขาจะพาลูกไปวัด
1,ทุกวันพุธ
1,นกเค้าแมวออกหากินเวลากลางคืน
1,นกไปต่างประเทศ
1,นกกำลังบินกลับรัง
1,นกขุนทองในกรงร้องเสียงหวาน
1,นมแม่ถือเป็นอาหารที่มีคุณค่าที่สุดสำหรับลูก
1,นอกจากนี้ยังพบว่าทารกที่กินนมแม่มีการพัฒนาความสามารถทางสมองดี
1,น้องให้พี่ทำการบ้าน
1,น้องใหม่มาแล้ว
1,น้องชมกินอะไรยัง
1,น้องชอบอ่านการ์ตูนญี่ปุ่น
1,น้องชายอยากไปท่องอวกาศ
1,น้องยังไม่ได้อาบน้ำ
1,น้องร้องไห้
1,น้องสาวให้เงินพี่ใช้
1,น้องอยากเลี้ยงนกขุนทอง
1,นอร์ทโรดเคยเป็นสนามฟุตบอล
1,นอร์ทโรดเป็นสนามเหย้าสนามแรกของสโมสรฟุตบอลแมนเชสเตอร์ยูไนเต็ดเมื่อครั้งยังใช้ชื่อว่า
1,นักเขียนอิสระต่างยื่นข้อเสนอให้รัฐสภาทบทวนญัตติการจดสิทธิบัตร
1,นักเรียนเข้าใจคำพูดครูหรือไม่
1,นักเรียนเหลวไหลครูจึงตักเตือน
1,นักเรียนไม่ทำการบ้าน
1,นักเรียนคงไม่เห็นด้วยทุกคน
1,นักเรียนช่วยหยิบโทรศัพท์ให้หน่อยได้ไหมครับ
1,นักเรียนชั้นมัธยมหกจะต้องไปรับผลสอบ
1,นักเรียนต้องไม่คลุกคลีกับไก่ที่ป่วย
1,นักเรียนต้องอ่านหนังสือทุกวันจึงจะดี
1,นักเรียนถูกครูตี
1,นักเรียนท่องสูตรคูณทุกวัน
1,นักเรียนทุกคนต้องทำงาน
1,นักเรียนนักศึกษาต้องขวนขวายหาความรู้อยู่เสมอ
1,นักเรียนบางคนไม่ชอบอ่านหนังสือ
1,นักเรียนบางคนชอบอ่านหนังสือ
1,นักเรียนบางคนป่วยกระเสาะกระแสะทำให้เป็นอุปสรรคต่อการเรียน
1,นักเรียนฟังครูอธิบายให้เข้าใจก่อน
1,นักท่องเที่ยวไม่ชอบเดินไกล
1,นักท่องเที่ยวก็อาจไม่อยากมาเที่ยว
1,นักท่องเที่ยวต่างได้พากันลงเล่นน้ำแหวกว่ายอยู่ในลำธารธรรมชาติ
1,นักท่องเที่ยวสามารถเดินลงไปร่วมสัมผัสกับไออุ่นน้ำร้อนที่ผุดขึ้นมาจากพื้นดินได้อย่างใกล้ชิด
1,นักประวัติศาสตร์
1,นักพัฒนาด้านปัญญาประดิษฐ์
1,นักมวยไทยเตะหนัก
1,นักวิทยาศาสตร์สหรัฐได้เปิดเผยวิธีกำจัดยุงแบบใหม่
1,นักศึกษาไปห้องสมุดทุกวัน
1,นักศึกษาถูกอาจารย์สั่งให้ทำรายงาน
1,นักศึกษาทุกคนเป็นประชาชน
1,นักศึกษาฝ่ายก้าวหน้าอย่างแข็งขัน
1,นักศึกษาอ่านหนังสือเตรียมสอบวันพรุ่งนี้
1,นั่งเขียนโปรแกรมวนไป
1,นั่งให้เรียบร้อย
1,นั่งกินข้าวกลางไฟดับ
1,นั่งทำการบ้านในหอพัก
1,นันเพิ่งตื่นนอน
1,น่าเบื่อจริงจริง
1,นางจุไรรัตน์มึโรคประจำตัวจะทำขนมไม่ค่อยไหว
1,น่าน...ว่าแล้ว
1,นานมากแล้วนะ
1,นายแดงอยู่ที่บ้านคุณพ่อของเขาที่ปากน้ำโพ
1,นายกรัฐมนตรีขอเชิญชวนพุทธศาสนิกชนทุกคนร่วมงานสัปดาห์ส่งเสริมพระพุทธศาสนาเนื่องในเทศกาลวิสาขบูชา
1,นายกอยากให้คนไทยรักกัน
1,นายพรานยิงนกด้วยธนู
1,นายอำเภอทำงานหนักจนป่วยไปหลายวัน
1,น่ารักไหม
1,นาฬิกามีไว้ดูเวลา
1,น้ำใจคนไทยไม่เคยขาดสาย
1,นำไข่ไก่หรือไข่นกกระทา
1,นำไส้ที่ผัดด้วยหมูผสมกุ้งกับถั่วฝักยาวมาราดบนแป้งกะทิที่เย็นแล้ว
1,น้ำตกธรรมชาติที่มีน้ำใสไหลเย็นลดหลั่นกันเป็นชั้นชั้น
1,น้ำท่วมและดินถล่มเกิดจากอิทธิพลไต้ฝุ่นโรคีที่พัดผ่านใกล้กรุงโตเกียว
1,น้ำท่วมที่ทำลายพืชผลจำนวนมากยังทำลายบ้านเรือนหลายพันหลัง
1,นำน้ำมันใส่ลงในกระทะเปิดไฟแรง
1,น้ำมันกำลังขึ้นราคา
1,นำมารับประทานกับพริกไทยและซอสก็จะได้รสชาติ
1,น้ำอัดลมขึ้นราคาจากการเก็บภาษีน้ำตาล
1,นิดชอบแต่งตัวมาก
1,นี่ก็เลยทุ่มหนึ่งไปแล้ว
1,นี้ฉันมีเรียนอาเซียนศึกษา
1,นึกไม่ออก
1,บทความของคุณน่าสนใจมาก
1,บทบาทที่เทคโนโลยี่มีต่อชีวิตของพวกเรามากกว่าที่เราคิดไว้มาก
1,บรรดาแม่ค้าต่างนำของป่าอาหารพื้นบ้านตามฤดูกาลมาวางขาย
1,บรรยากาศการท่องเที่ยวในพื้นที่จังหวัดลำปางมีความคึกคักมาก
1,บรรยากาศช่วงฤดูกาลทุเรียนปีนี้คึกคักเป็นอย่างมาก
1,บริเวณนี้มีไว้สำหรับจอดรถจักรยานยนต์
1,บริเวณภาคตะวันออกเฉียงเหนือจะมีฝนตกหนักเป็นวงกว้าง
1,บริการที่ยอมเยี่ยมระดับโลก
1,บริษัทเราจะต้องปรับตัวเพื่อใช้งานเทคโนโลยีเหล่านี้
1,บริษัทแจกปฏิทินเป็นของขวัญปีใหม่ให้แก่ลูกค้า
1,บรูไนติดกับมาเลเซีย
1,บอกหน่อยต้องทำยังไง
1,บั้งไฟพญานาคบินขึ้นสู่ท้องฟ้า
1,บางกลุ่มต้องการเข้ากับสยาม
1,บางคนเชื่อว่านอกจากหลุมดำยังมีหลุมขาว
1,บางคนเชื่อว่าบนดวงจันทร์มีกระต่าย
1,บางครอบครัวหิวก็ได้ทดลองทำไข่ออนเซ็นรับประทานกันเอง
1,บางทีการตัดคำแม่นยำที่สุดอาจไม่สำคัญเท่าว่าจะเอาผลการตัดคำไปใช้ทำอะไร
1,บ้านเมืองจะเจริญหรือเสื่อมก็เนื่องด้วยวิทยาการ
1,บ้านของคุณอยู่ที่ไหน
1,บ้านของผมอยู่ที่หนองคาย
1,บ้านที่มีความรักนี่รู้สึกอบอุ่นอย่างนี้เอง
1,บ้านนี้ไฟไหม้
1,บ้านบ่อคำอยู่ที่จังหวัดหนองคาย
1,บ้านสีครีมหลังนั้นสวย
1,บ้านหลังนั้นทรุดโทรมมาก
1,บุญโปรดชอบฟังเพลงที่เขาโปรดปรานเท่านั้น
1,บุรุษไปรษณีย์มาส่งจดหมายฉันจึงต้องออกไปรับหน้าบ้าน
1,ปฏิญญากรุงเทพ
1,ประเด็นเรื่องความเหลื่อมล้ำเป็นประเด็นที่ถกเถียงไปทั่วโลก
1,ประเทศไทยเดิมชื่อว่า
1,ประเทศไทยไม่มีหิมะตก
1,ประเทศไทยมีชื่อเสียงทางด้านการทำเครื่องประดับจากอัญมณี
1,ประเทศไทยมีสภาพภูมิอากาศที่ร้อนชื้น
1,ประเทศไทยมีสามฤดู
1,ประเทศอังกฤษ
1,ประชาชนคนนี้ยังรอวันที่ท่านกลับมาไทยค่ะ
1,ประชาชนมักเก็บเห็ดมาขายหรือนำมาปรุงอาหาร
1,ประวัติศาสตร์ให้บทเรียนแก่เรา
1,ปรีชาช่วยลบกระดานให้ครูหน่อย
1,ปลาว่ายทวนน้ำ
1,ปลาอยู่ในสระบัว
1,ปอกเปลือกส้มให้หน่อย
1,ปัจจุบันถึงแม้ผู้คนไม่ค่อยอ่านหนังสือพิมพ์กัน
1,ปัจจุบันนี้คนไทยยอมรับในความหลากหลายทางเพศ
1,ปัจจุบันนี้ชาวสวนทุเรียนนิยมขายทุเรียนผ่านทางเครือข่ายสังคมออนไลน์
1,ปัจจุบันนี้นักวิทยาศาสตร์หลายคนตั้งคำถามสมมุติฐานว่าโครงสร้างสมองของผู้หญิงและผู้ชายเหมือนกัน
1,ปัจจุบันยังไม่มีการค้นพบสสารมืด
1,ปัญหาการแบ่งแยกดินแดนเกาะมินดาเนา
1,ป้าไปฝึกงานที่กรุงเทพ
1,ปากกาของฉันอยู่ที่เขา
1,ปากกาด้ามนั้นไม่ใช่ของฉัน
1,ปากกาด้ามนี้แม่ซื้อให้
1,ปากกาที่วางบนโต๊ะซื้อมาจากญี่ปุ่น
1,ป้าของฉันกำลังทำงาน
1,ป้าชอบกินข้าวผัดกุ้ง
1,ป้าพายเรือ
1,ปิดเพลง
1,ปิดเสียง
1,ปิดเสียงมือถือให้เรียบร้อย
1,ปิดไฟ
1,ปีที่เดือนกุมภาพันธ์มี
1,ปีนี้เกษตรกรเก็บเกี่ยวผลผลิตแล้วสิบห้าเปอร์เซ็นต์
1,ปีนี้ทุเรียนหมอนทองราคาดี
1,ปีนี้มูลนิธิเพื่อเด็กพิการจัดค่ายพักแรมที่เขาใหญ่
1,ปีนี้อากาศจะหนาวไหม
1,ปุ๋มเดินเที่ยวซื้อของที่ตลาด
1,ผมเข้าข้างเพื่อนคุณนะ
1,ผมเคยเข้าแข่งขันแบดมินตันกับเขามาแล้ว
1,ผมเคยอ่านหนังสือที่เขาเขียน
1,ผมเดินทางจากสนามบินเพื่อมาพบคุณ
1,ผมเป็นคนไทย
1,ผมเป็นนักศึกษา
1,ผมเรียนที่มหาวิทยาลัยขอนแก่นวิทยาเขตหนองคาย
1,ผมเรียนอยู่ที่มหาวิทยาลัยขอนแก่น
1,ผมเห็นด้วยกับคุณ
1,ผมไม่เคยได้รู้อะไรเกี่ยวกับเขาเลย
1,ผมไม่เคยพูดปด
1,ผมไม่เคยอ่านหนังสือที่เขาเขียน
1,ผมไม่ออกถ้าออกแล้วจะเอาอะไรกิน
1,ผมก็อยากให้เธอรู้
1,ผมกำลังเล่นเกม
1,ผมกำลังทดลองเขียนโปรแกรมตัดประโยคภาษาไทย
1,ผมกำลังทดสอบระบบ
1,ผมขอเวลาอีกไม่นาน
1,ผมคิดว่าสิ่งที่เขาทำนั้นเหมาะสมแล้ว
1,ผมจะไปเขตสายไหม
1,ผมจะจำไว้ใช้บ้างนะครับ
1,ผมจะศึกษาวิชาคำนวณอย่างถ่องแท้
1,ผมชอบอาหารภาคเหนือ
1,ผมตัดสินใจอุทิศดวงตาให้แก่สภากาชาดไทย
1,ผมถึงได้เขียนไว้ไงครับ
1,ผมปวดฉี่มาก
1,ผมมองว่าเป็นเรื่องดีที่สังคมไทยต้องการมาตลอดห้าปีที่ผ่านมา
1,ผมมีเงินยี่สิบบาท
1,ผมยอมรับในผลการเลือกตั้งครับ
1,ผมยังไม่ได้อาบน้ำเลยครับ
1,ผมรักแม่
1,ผมรักคุณ
1,ผมว่าคนเราจะดูดีได้ไม่จำเป็นต้องศัลยกรรมหรอกครับ
1,ผมส่งงานทันเวลาพอดี
1,ผมหลงรักคุณ
1,ผมหิวข้าว
1,ผมหิวข้าวจังเลย
1,ผมอยากไปโรงเรียนจังเลย
1,ผมอยากมาเที่ยวเมืองไทย
1,ผมอยากมีรถสักคันเอาไว้ขับไปเที่ยว
1,ผมอยากอ่านหนังสือ
1,ผลการเลือกตั้งที่ออกมาคุณคิดเห็นอย่างไร
1,ผลผลิตทุเรียนของจังหวัดยะลากำลังโด่งดัง
1,ผักของเราเป็นออร์แกนิกแท้
1,ผักผลไม้เป็นอาหารที่มีคุณประโยชน์ต่อร่างกายมาก
1,ผักสดอยู่ในตะกร้า
1,ผักสมุนไพรใบหญ้ามีคุณค่าทั้งนั้น
1,ผู้เข้าร่วมงานจะได้ชิมทุเรียน
1,ผู้นำของเกาหลีเหนือและเกาหลีใต้พบกันที่เขตปลอดทหาร
1,ผู้บริโภคต้องการคำตอบจากผู้ผลิตเกี่ยวกับคุณภาพของสินค้าที่ซื้อมา
1,ผู้พิพากษาใช้ดุลพินิจพิจารณาหลักฐานที่ฝ่ายโจทก์และจำเลยเสนอแล้วจึงตัดสินคดีอย่างเที่ยงธรรม
1,ผู้รับเหมาทิ้งงานที่ทำแล้ว
1,ผู้รับสารต้องมีความพร้อมและมีสมาธิ
1,ผู้สูงอายุไม่มีฟันและกำลังกล้ามเนื้อที่ใช้ในการบดเคี้ยวลดลง
1,ผู้หญิงแก่ข้างบ้านให้อาหารหมาจรจัด
1,ผู้หญิงคนนั้นชอบดอกไม้สวย
1,ผู้หญิงชอบดอกไม้
1,ผู้หญิงที่นั่งข้าง
1,ผู้อพยพผิดกฎหมายในประเทศไทยจำนวนมากมายมาจากจากพม่าและกัมพูชาซึ่งไม่มีโอกาสการงานสำหรับคนงานที่มีทักษะต่ำ
1,ฝนกำลังจะตก
1,ฝนตก
1,ฝนตกน้ำจึงท่วม
1,ฝนตกหนักจริงจริง
1,ฝนตกอีกแล้ว
1,ฝนหลวงกำลังตกหนัก
1,ฝันดีจ้า
1,ฝันดีนะ
1,ฝากเติมเงินมือถือหน่อยได้ไหม
1,ฝูงนกบินในท้องฟ้า
1,ฝูงนกลงจิกลูกสีแดงของต้นตะขบใหญ่
1,พม่าเป็นประเทศเพื่อนบ้านของประเทศไทย
1,พยากรณ์อากาศบอกว่าจะมีพายุเข้า
1,พระภิกษุท่านออกบิณฑบาตทุกเช้า
1,พระอาทิตย์ไม่ได้ขึ้นทางทิศตะวันตก
1,พระอาทิตย์ขึ้นทางทิศเหนือหรือเปล่าคะ
1,พระอาทิตย์ขึ้นทางทิศตะวันออก
1,พรุ่งนี้เป็นวันอะไร
1,พรุ่งนี้ก็วันจันทร์แล้ว
1,พรุ่งนี้คุณว่างไหม
1,พรุ่งนี้ฉันจะไปหาเลย
1,พรุ่งนี้ต้องดีกว่าเมื่อวาน
1,พรุ่งนี้พี่ค่อยมาผลัดดูแลแม่แทนฉันนะ
1,พรุ่งนี้มีการหาเสียงเลือกตั้งองค์การนักศึกษา
1,พลอยทำอะไรอยู่อ่ะ
1,พลังงานมืดเป็นปรากฎการณ์ที่มองไม่เห็นแต่เรารับรู้ได้ถึงมัน
1,พลังประชารัฐเลือกประยุทธเป็นนายก
1,พวกเขาไปถวายผ้ากฐินที่วัด
1,พวกเราจะพัฒนาระบบจองห้องประชุม
1,พวกเราจะลงทุนพัฒนาระบบสารสนเทศให้ทันสมัยยิ่งขึ้น
1,พวกเราผิดหวังกับการประกาศของบริษัทว่าจะไม่มีการขึ้นเงินเดือนปีหน้า
1,พวกเราสะกดรอยไปทางทิศใต้
1,พวกตัดไม้ยังตัดกันไม่หยุด
1,พวกนี้จัดเป็นสื่อสังคมออนไลน์
1,พ่อแม่ต้องทำงานหลังขดหลังแข็งเพื่อหาเงินให้ลูกเรียนหนังสือ
1,พ่อแม่พาลูกไปร่วมงานสังสรรค์ของหมู่บ้าน
1,พ่อและแม่ไปตลาดโดยรถยนต์
1,พอโรงเรียนเลิก
1,พ่อได้ไปหาคุณย่ามาแล้ว
1,พ่อไม่ได้ไปทำงาน
1,พ่อกับแม่ไปตลาดนัด
1,พ่อกับแม่ยิ้มอย่างมีความสุข
1,พ่อกับพี่กำลังรดน้ำต้นไม้
1,พ่อของฉันเป็นชาวนา
1,พ่อจะทำเอง
1,พ่อซื้อบ้านตากอากาศริมทะเลชะอำ
1,พอตนเองเกิดมาก็มีขนมนี้แล้ว
1,พ่อต้องการให้ฉันเป็นทหาร
1,พ่อรักลูก
1,พ่อสูญเสียลูกชายในช่วงพฤษภาทมิฬ
1,พ่ออยากให้ครอบครัวอบอุ่น
1,พ่ออยู่ที่ไหน
1,พัชรินทร์ชอบกินขนมบนเตียงนอน
1,พันทิปเป็นเว็บไซต์หนึ่งที่ได้รับความนิยมมากในกลุ่มวัยรุ่นตอนกลาง-ปลาย
1,พันธุ์ข้าว๑๒๓ใช้เป็นพันธุ์ปลูกในประเทศ
1,พี่เป็นไข้หวัด
1,พี่จะเตะฟุตบอล
1,พี่จะทำอะไร
1,พี่ชายของเขาอยู่ที่บ้านซื้อใหม่ในกรุงเทพฯ
1,พี่ชายฉันชอบกินลำไย
1,พี่ทำงานเรียบร้อยกว่าน้อง
1,พี่สาวให้เงินน้องใช้
1,พื้นที่เก็บข้อมูลไม่เพียงพอ
1,ฟ้าผ่าต้นไม้
1,ฟ้าร้องเหมือนฝนใกล้จะตก
1,ฟุตบอล
1,ฟุตบอลเป็นที่ยอมรับอย่างแพร่หลายว่าเป็นกีฬาที่เป็นที่นิยมมากที่สุดในโลก
1,ภรรยาโทรไปหาสามี
1,ภาคเหนือมีเมฆเป็นส่วนมากกับมีฝนฟ้าคะนอง
1,ภาคใต้ของประเทศไทยมีที่ท่องเที่ยวจำนวนมากอย่างไรก็ตามหากบริหารและจัดการไม่ดี
1,ภาคใต้มีเหตุการณ์ไม่สงบจนทุกคนเป็นห่วง
1,ภาคคอมพิวเตอร์มีสองสาขา
1,ภาคอีสานมีภาษาถิ่นหลากหลาย
1,ภาพเหล่านี้สวย
1,ภาวะโลกร้อนเริ่มส่งผลกระทบกับการใช้ชีวิตของมนุษย์
1,ภาษาถิ่นไทยมีอยู่หลายภาษา
1,ภูเขาไฟกำลังจะระเบิด
1,ภูเขาถล่มเมื่อวานนี้
1,ภูเขาลูกนี้สูงเยี่ยมเทียมเมฆเลย
1,ภูมิปัญญาไทยของบรรพบุรุษได้สร้างสรรค์ไว้เพื่อให้ลูกหลานได้สืบทอดต่อกันมา
1,ภูมิศักดิ์
1,ม.6
1,มด
1,มนุษย์อวกาศเดินทางด้วยยานอวกาศสู่ดาวอังคาร
1,มหาวิทยาลัยไกลจากบ้านผมมาก
1,มหาวิทยาลัยขอนแก่นเปิดรับนักศึกษาปีการศึกษาใหม่
1,มหาวิทยาลัยขอนแก่นมอบทุนการศึกษาให้กับนักศึกษาที่ขาดแคลน
1,มหาวิทยาลัยขอนแก่นวิทยาเขตหนองคายตั้งอยู่ที่หนองคาย
1,มหาวิทยาลัยมีนโยบายจัดการเรียนการสอนออนไลน์
1,มอดินแดงเป็นอีกชื่อของมหาวิทยาลัยขอนแก่น
1,มะปรางหลังบ้านอร่อยมาก
1,มะลิรักน้องมาก
1,มะลิรักพี่มาก
1,มังคุด
1,มันเพียงแต่จะมากินแมลงเท่านั้น
1,มันแค่จะมากินแมลงเท่านั้น
1,มันดีกว่าปกติใช่ไหม
1,มันมาจากดาวดวงอื่น
1,มันอาจจะไม่ใช่แบบที่พวกเราคิดก็ได้นะ
1,มั่วมากเลยอ่ะ
1,มาใส่ลงในตะกร้าแล้ววางแช่ทิ้งไว้ในบ่อน้ำร้อน
1,มากกว่าใช้เหตุผล
1,มากินข้าวกัน
1,มาช่วยกันทำให้
1,มาถูกทางไหม
1,มารวยทำฟาร์มหมูที่สระบุรี
1,มีเห็ดที่เกิดขึ้นตามธรรมชาติหลายชนิด
1,มีเห็ดหลากหลายชนิดออกเป็นจำนวนมาก
1,มีใครถอดใจจะไปเอกชนแล้วมั้ยครับ
1,มีใครทำแว่นตาหล่นไหม
1,มีใครรู้ทางไปมหาวิทยาลัยขอนแก่นบ้าง
1,มีการเรียกร้องให้ขึ้นราคารถโดยสาร
1,มีการจัดงานนิทรรศการนานาชาติที่หอประชุมแห่งชาติ
1,มีขายไหมนะ
1,มีความโดดเด่นจากผลงานการค้นคว้าทางวิชาการที่แปลกใหม่และลึกซึ้ง
1,มีความห่วงใยสถานการณ์ภัยแล้งที่เกิดขึ้น
1,มีคุณภาพ
1,มีดอกไม้นานาพันธุ์ให้ชมมากมาย
1,มีนาคมนี้จะปิดเทอมแล้ว
1,มีพิธีกรรมหลายอย่างในงานวันนี้
1,มียาเสพติดซุกซ่อนมากับรถคันนี้
1,มีลำธารไหลทอดยาวผ่านไปยังบริเวณใกล้ใกล้
1,มีหนังแนะนำไหมคะ
1,มีหนังแนะนำมั้ยคะ
1,มือถือของนายรุ่นอะไรอ่ะ
1,มือถือทั้งใหญ่
1,มือถือสมัยนี้ทั้งบางและเบา
1,มือถืออะไรอยู่อ่ะ
1,มูเซอ
1,ยังเลยอ่ะ
1,ยังไม่ได้กินไรเลย
1,ยังไม่ทันไรเลย
1,ย่างเนื้อให้สุก
1,ยายไม่กล้าลงน้ำเลย
1,ยายชอบกินข้าวไข่ดาว
1,ยายป้อนข้าวหลาน
1,ยิ่งอยู่นานยิ่งเห็นความจริง
1,ยินดีด้วยจ้า
1,ยินดีด้วยนะ
1,ยุคนี้ปัญญาประดิษฐ์เข้ามามีบทบาทสำคัญ
1,ยูนานเป็นดินแดนแห่งภูเขา
1,รถแล่นเร็ว
1,รถแล่นมาดีๆก็พลิกคว่ำ
1,รถไฟไปเชียงใหม่ต้องวิ่งลอดอุโมงค์ถ้ำขุนตาล
1,รถของคุณอาถูกชนเพราะคนชนขับรถประมาท
1,รถคันนี้มียาเสพติดซุกซ่อนมา
1,รถทัวร์ที่ออกจากสถานีอุดรธานีมีจุดหมายปลายทางที่สถานีนครราชสีมา
1,รถยนต์ถูกผลิตที่เมืองนี้จำนวนมาก
1,รถวิ่งเข้าชนเสาไฟฟ้า
1,รองรับภาษาไทยกัน
1,ร้อนจนเนื้อตัวจะสุกแล้ว
1,รอยยิ้มของคนไทยเป็นที่รู้จักของคนทั่วโลก
1,ระบบเดิมที่ใช้ไม่ได้รับการปรับปรุงมาเป็นเวลานาน
1,ระบบคำภาษาไทยไม่เหมือนกับภาษาอังกฤษ
1,ระยะเวลาที่หูรูดของหลอดอาหารส่วนต้นเปิดจะสั้นลง
1,ระหว่างฤดูร้อนนี้เราพัฒนาหมู่บ้านของเรา
1,รัฐบาลจัดกิจกรรมส่งเสริมการเรียนรู้วิทยาศาสตร์ให้กับเด็กนักเรียนที่สนใจเข้าร่วมงาน
1,รัฐบาลบอกว่าจะจัดการเลือกตั้งภายในปีนี้
1,รัฐบาลสัญญาว่าจะรีบคืนความสุขให้ประชาชนและรีบจัดการเลือกตั้ง
1,ร้านกาแฟกับร้านหม่าล่าไปที่ไหนก็เจอ
1,ร้านนี้ขายอาหารเลิศรส
1,รายการอาหารตามนั้นครับ
1,รายงานสถานการณ์ที่วอร์รูมส่วนกลางทุกวัน
1,รีบไปอาบน้ำเลยนะคะ
1,รู้สึกได้ทำตัวขี้เกียจเต็มที่
1,ฤดูฝนอย่าลืมพกร่มกันไว้ด้วย
1,ฤดูร้อนของไทยขาดแอร์กับพัดลมไม่ได้
1,ฤดูหนาวทางตอนบนของไทยต้องการรับบริจาคเสื้อกันหนาว
1,ฤดูหนาวปีนี้อากาศหนาวมากมาก
1,ลมพัดแรง
1,ลองกอง
1,ลั่นห้อง
1,ลาวแผ่นดินไหวไม่หยุด
1,ล่าสุดน้ำได้ลดลงสู่สภาวะปกติแล้ว
1,ลีกวนยู
1,ลีซอ
1,ลุงเรียกเด็กๆ
1,ลุงคนนั้นกำลังปลูกต้นไม้
1,ลุงตู่เป็นชื่อเล่นของท่านนายกรัฐมนตรี
1,ลุงบุญเป็นชาวจังหวัดบุรีรัมย์
1,ลูกเสียใจไหมล่ะ
1,ลูกเสือกองนี้ไปน้ำตกสาลิกา
1,ลูกค้าได้รับสิ่งที่ดีที่สุด
1,ลูกค้าจะมาซื้อตั้งแต่เช้า
1,ลูกช่วยหยิบผ้าปูโต๊ะที่ซักแล้วหน่อย
1,ลูกชายของผมไปเรียนฝรั่งเศส
1,ลูกน้องเป็นไข้แต่หัวหน้าก็ไม่สนใจ
1,วนิดา
1,วนิดาเริ่มเข้ามาทำงานด้านเอ็นจีโอเต็มตัว
1,วนิดาก้าวเข้ามาเป็นนักศึกษามหาวิทยาลัยธรรมศาสตร์ในยุคประชาธิปไตยเบ่งบาน
1,วัดพระศรีสรรเพชญ์เป็นโบราณสถานที่สำคัญของไทย
1,วัดวาในเมืองไทยมีมากมาย
1,วันเด็กปีนี้ไปตึกไทยคู่ฟ้ากันไหม
1,วันเรียกว่าปีอธิกสุรทิน
1,วันแม่ปีนี้อยากกลับบ้านไปหาแม่
1,วันนี้เขาไปเวียนเทียนที่วัด
1,วันนี้เธอจะไปขายของไหม
1,วันนี้เป็นวันสิ้นโลก
1,วันนี้แตกต่างจากตอนนั้นมาก
1,วันนี้แม่จะกลับบ้านเย็นคงไม่มีเวลาทำกับข้าว
1,วันนี้คุณยายจะพาผมไปดูละคร
1,วันนี้งดประชุม
1,วันนี้มีการบ้านไหม
1,วันนี้มีฝนดาวตกวันแม่
1,วันนี้หัวหน้าไม่มาเนื่องจากเขาเป็นไข้หวัด
1,วันมะรืนนี้
1,วัยรุ่นไทยอยากแสดงออกให้ผู้ใหญ่ยอมรับในความหลากหลายทางความคิด
1,วัวแดงตัวนั้นล้มจมพงหญ้า
1,วัวกินหญ้าอยู่ที่ชายทุ่ง
1,ว่าจะไม่ไปแล้ว
1,ว่ายังไงหลังจากตัดสินใจหลังมาเป็นเกษตรกร
1,วิไลสวยมากแค่ไหน
1,วิกิพีเดียเป็นแหล่งข้อมูลชั้นดี
1,วิ่งออกกำลังเวลาเช้าทำให้ร่างกายแข็งแรง
1,วิทยาการเป็นต้นธารให้บังเกิดความรู้และความสามารถในอันที่จะประกอบกิจตาม
1,วิธีนี้ห้ามใช้ในเด็กอายุต่ำกว่าหัาปี
1,วิภาป่วยจึงไม่มาโรงเรียน
1,วิลัยพรกระโดดเข้ากอดแฟนทันที
1,สโมสรฟุตบอลนิวตันฮีทแลนคาเชียร์แอนด์ยอร์กเชียร์เรลเวย์
1,สงครามเกาหลีเกิดหลังสงครามโลกครั้งสองจบ
1,ส่งประโยคภาษาไทยชุดใหญ่เข้าโครงการพัฒนาภาษาไทย
1,ส่งผลให้เกิดความพิการที่รุนแรงเพิ่มขึ้น
1,สงสัยต่อไปนี้
1,สติ๊กเกอร์ไลน์น่ารักจังเลย
1,สถาบันวิทยสิริเมธีเป็นสถาบันอุดมศึกษาในจังหวัดระยอง
1,สนุกจัง
1,สบายดีไหม
1,สบายดีไหมค่ะ
1,สมชัยรู้จักสมศรี
1,สมชายเป็นแฟนของสมศรี
1,สมชายไปซื้อกับข้าวที่ตลาด
1,สมชายกับเพื่อนนัดซ้อมฟุตบอลทุกเย็น
1,สมทรงไม่ได้ไปสอบฉะนั้นจึงไม่มีคะแนนในวิชานี้
1,สมมุติฐานคือบางอย่างที่คุณคิดว่าถูกต้องถึงแม้ว่าคุณยังไม่มีข้อพิสูจน์
1,สมศักดิ์ขายรถคันโปรดไปแล้ว
1,สมองเป็นส่วนประสานการทำงานของตาและหู
1,สมุดข่อยเป็นหนังสือเก่าคร่ำคร่าแต่มีค่ายิ่ง
1,สยาม
1,ส่วนใหญ่ความรุนแรงของโรคไม่อันตรายถึงขั้นเสียชีวิต
1,ส่วนผมเรียนที่มหาวิทยาลัยขอนแก่น
1,สวยงามมากมากเลย
1,สวัสดีครับ
1,สวัสดีชาวโลก
1,สวัสดีทุกๆท่านครับ
1,สวัสดีผู้อ่านทุกๆท่านครับ
1,สองแม่ลูกผู้สืบทอดทำขนมเค็มมากว่าหนึ่งร้อยปี
1,สองสามวันมานี่
1,สอบถามเพิ่มเติมหลังไมค์เลยจ้า
1,สังเกตอาหารก่อนนำมารับประทานเนื่องจากอากาศร้อนอบอ้าวทำให้อาหารบูดเสียง่าย
1,สั่งข้าวกล่องได้ไหมครับ
1,สังคมควรให้อภัยคนที่รู้จักสำนึกผิด
1,สัตว์ซึ่งถูกขังในกรงมักจะมีนิสัยดุร้าย
1,สัตว์น้ำเป็นอาหารสำคัญของมนุษย์
1,สาเหตุของภาวะกลืนลำบากที่พบได้บ่อยของความผิดปกติของช่องปาก
1,สาขาวิทยาการคอมพิวเตอร์และสาขาเทคโนโลยีสารสนเทศ
1,สานต่อความฝันของคนรุ่นใหม่อีกครั้ง
1,สามสาวเดินทางไปประกวดความงาม
1,สามารถนำไปประกอบอาหารอีสานเลิศรส
1,สามารถสร้างรายได้ได้เป็นอย่างดี
1,สามารถอยู่ร่วมกันได้อย่างสงบสุข
1,สายตาผู้บริโภคต้องการสินค้าที่ตัวเองต้องการ
1,สาว
1,สิ่งดี
1,สิ่งที่ทำมันเป็นความสุขค่ะ
1,สิทธิมนุษยชนเป็นหลักการที่ทุกรัฐบาลต้องปฏิบัติตาม
1,สิ้นเดือนแล้ว
1,สิ้นเดือนนี้ถ้างานลดลงฉันจะไปต่างจังหวัด
1,สิบสี่
1,สื่อมวลชนผู้โชคดีได้ร่วมสนุกด้วยการโยนและรับทุเรียนสะเด็ดน้ำ
1,สุชาดากับนิชิดาเป็นเพื่อนรักกันไปไหนไปด้วยกัน
1,สุชาติและดุรณีไปเที่ยวเชียงใหม่เมื่อวานนี้
1,สุชาติทำงานหนัก
1,สุดานอนหลับสบาย
1,สุดาร้องเพลงไทยเดิมเพราะมาก
1,สุดารัตน์อยากไปเที่ยวแต่ไม่มีเงิน
1,สุนัขเป็นภาษาสุภาพ
1,สุนัขแทะกระดูก
1,สุนัขตำรวจฉลาดมาก
1,สุนัขถูกรถชน
1,สุนัขอ้วนขึ้นทุกวัน
1,สุนิสาและราตรีกำลังอ่านหนังสือ
1,สุมาลีเรียนยุวกาชาด
1,หนองคายมีที่ไหนให้เที่ยวบ้าง
1,หนองคายอยู่ติดกับแม่น้ำโขง
1,หน่อยสิ
1,หนังสือเล่มนี้ขายดีมาก
1,หนังสือเล่มนี้มีเนื้อหาสาระในด้านใด
1,หนังสือเล่มนี้ราคาเท่าไร
1,หนังสือแบบฝึกหัดปกสีเขียววางอยู่บนโต๊ะ
1,หนังสือของเธอฉันยืมไปเอง
1,หนา
1,หนุ่มสาวต่างมอบกุหลาบที่มีราคาแพงให้แก่กัน
1,หนูแดงกินอะไร
1,หนูไม่ชอบอะไรล่ะ
1,หนูดีชอบไปนั่งเล่นที่ศาลากลางน้ำ
1,หมอกำลังรักษาให้เขาหายป่วย
1,หมาเป็นภาษาพูดของคำว่าสุนัข
1,หมาไม่ถูกกับแมว
1,หมากัดแมว
1,หมู่เกาะพาราเซลในทะเลจีนใต้
1,หมู่บ้านอยู่ติดกับป่าที่มีความอุดมสมบูรณ์
1,หรือ
1,หรือแม้แต่กิจการขนาดใหญ่
1,หลอดไฟไม่ติด
1,หล่อนอั้นไม่ยอมถ่ายมาหลายวันแล้ว
1,หลังเหตุการณ์
1,หลังจากที่อเมริกาถอนตัวออกไปแล้ว
1,หลังสองครามโลกครั้งที่
1,หลับให้สบายนะสุดที่รัก
1,หลานช่วยพยาบาลย่าจึงหายป่วยเร็ว
1,หลายครอบครัวได้ให้ความสนใจไม่แพ้กัน
1,หลายประเทศในโลกมีเศรษฐกิจดีขึ้น
1,หลายหมู่บ้านมีตำนานของตัวเอง
1,หวังว่าสักวันคงครบห้าพันประโยค
1,ห้องครัวเป็นห้องทำอาหาร
1,ห้องนี้มีแต่เด็กเก่ง
1,หัดทำการบ้านด้วยตัวเองบ้างสิ
1,หัวหน้าชมเชยเขามาก
1,หากเธอไม่มีสมาธิเธอก็จะทำงานไม่เสร็จ
1,หากผู้มีอำนาจบริหารประเทศคิดกว้างไกลเหมือนท่านคงดีค่ะ
1,ห้ามเดินลัดสนาม
1,ห้ามออกนอกบ้านเวลากลางคืน
1,ห้าสิบสอง
1,หิวข้าวแล้ว
1,อเมริกาเคยปกครองฟิลิปปินส์ในช่วงต้นศตวรรษที่
1,อเมริกามีคนที่เกี่ยวข้องเยอะกว่าเวียดนาม
1,อดีตที่ปรึกษาสมัชชาคนจน
1,อธิบดีกรมสรรพากร
1,อนาคตเด็กควรที่จะให้เด็กกำหนดเอง
1,อนาคตของไทยขึ้นอยู่กับเยาวชนไทยและวัยรุ่นไทย
1,อนาคตศึกษาเป็นการศึกษาอนาคตของมนุษย์
1,อย่าเพิ่งประจานใครโดยไม่คิดให้รอบคอบก่อน
1,อย่าแหย่รังผึ้ง
1,อย่าให้ใครมากำหนดความฝันของคุณ
1,อย่าไขว่ห้าง
1,อย่าไปเล่นกับมันนะ
1,อยากให้จำกัดความหมายภัยความมั่นคงไซเบอร์ให้ชัดเจน
1,อยากให้อนาคตเราสดใส
1,อยากกินชาบูจัง
1,อยากกินทุเรียนแต่ราคาแพงไป
1,อยากกินน้ำปั่นผลไม้
1,อยากกินหมูกะทะ
1,อยากกินอะไรหรือเปล่า
1,อยากติดต่อสอบถาม
1,อยากทำอาชีพอะไร
1,อยากลาป่วยอยู่บ้าน
1,อยากหาอะไรกิน
1,อย่างไรก็ตามเงินรายได้จากการนี้อาจไม่มากนักเมื่อเปรียบเทียบกับจำนวนนักท่องเที่ยว
1,อย่างไรก็ตามเด็กทารกและเด็กแรกเกิดที่จำเป็นต้องรักษาตัวในโรงพยาบาล
1,อย่าทำเสียงดังนะ
1,อย่าทิ้งกระดาษให้เกลื่อนกลาด
1,อย่าส่งเสียงดัง
1,อย่าส่งเสียงดังรบกวนผู้อื่น
1,อยู่ในข้อพิพาทของเวียดนามและไต้หวัน
1,อยู่ๆก็อยากสปอยโคนัน
1,อรัญญาร้องเพลงเก่ง
1,อรุณสวัสดิ์วันจันทร์
1,อ่อ
1,ออกไปใช้สิทธิ์เลือกตั้งกัน
1,ออกดอกบานสะพรั่งช่วงเดือนสิงหาคม
1,อะไรเปื้อนรองเท้า
1,อะไรอยู่ในกล่องใบนี้
1,อะไรอยู่ในกล่องใบนี้?
1,อั้มเป็นเจ้าสาวที่สวยที่สุดเลย
1,อาเซียนเกิดมาจากความร่วมมือที่เรียกว่า
1,อากาศแบบนี้น่านอนจังเลย
1,อากาศน่านอนจังเลย
1,อากาศบ้านเราไม่เคยหนาวจนถึงหิมะตก
1,อากาศร้อนจริงเชียว!
1,อากาศร้อนมาก
1,อาจจะดึงดูดนักลงทุนต่างชาติได้ดีกว่าที่คิด
1,อาจจะส่งผลกระทบต่อทารกได้
1,อาจารย์ให้ทำงานกลุ่มตัดต่อวิดีโอ
1,อาจารย์กำลังจะให้งานนักศึกษา
1,อาจารย์สั่งนักเรียนว่าอย่าทำตัวเหลวไหล
1,อาทิตย์นี้ไม่มีวันหยุดเลย
1,อ่านเเล้วเข้าใจความรู้สึกของผู้ใหญ่หลายๆคนเลยอะ
1,อานนท์ชอบผลไม้ที่มีรสเปรี้ยว
1,อ่านมากรู้มาก
1,อ้าว!
1,อาวุธนิวเคลียร์
1,อาหารและยาเป็นสิ่งจำเป็นสำหรับมนุษย์
1,อาหารที่โรงอาหารไม่อร่อยเลยคะ
1,อินสตาแกรม
1,อิ่มมากเลย
1,อีกไกลแค่ไหนถึงจะถึง
1,อีกนานไหม
1,อีกยี่สิบปีจะมีอะไรเกิดขึ้นบ้าง
1,อีสานมาจากคำว่าอิสาน
1,อึ่งอ่างอยู่ในสระบัว
1,อุณหภูมิน้ำทะเลที่สูงขึ้นทำให้เกิดปะการังฟอกขาว
1,อุทยานแห่งชาติภูหินร่องกล้าน่าเที่ยวเป็นอย่างมาก
1,อุทยานประวัติศาสตร์สุโขทัยได้รับการขึ้นทะเบียนให้เป็นมรดกโลก
2,คือ
2,สวัสดีค่ะ
2,อานันท์สยามยุทธ
3,ปี
13,ๆ
