1,৩৭টি
1,অন্যতম
1,আট
1,আমি
1,একজন
1,এবং
1,কলকাতা
1,কলকাতার
1,কলেজ
1,কাজের
1,কাহিনীচিত্র,
1,খুব
1,খ্যাতনামা
1,চার
1,ছয়
1,ছিলেন
1,জগতে
1,জন্ম
1,ঠাকুরের
1,তিন
1,তোকে
1,দুই
1,নয়
1,নির্মাণ
1,পড়াশোনা
1,পরিচালক।
1,পরিবারে
1,পরিমাণ
1,পাঁচ
1,পূর্ণদৈর্ঘ্য
1,প্রতিষ্ঠিত
1,প্রামাণ্যচিত্র
1,প্রেসিডেন্সি
1,বহুমুখী
1,বাঙালি
1,বিংশ
1,বিপুল।
1,বিশ্ববিদ্যালয়ে
1,বিশ্বভারতী
1,ভারতীয়
1,ভালোবাসি
1,রবীন্দ্রনাথ
1,রায়
1,শতাব্দীর
1,শহরে
1,শান্তিনিকেতনে
1,শিল্পের
1,শূন্য
1,শ্রেষ্ঠ
1,সাত
1,সাহিত্য
1,স্বল্পদৈর্ঘ্য
1,হয়।
1,হিসেবে
2,এক
2,করেন।
2,তাঁর
2,তিনি
2,নির্মাতা
2,সত্যজিৎ
4,ও
4,চলচ্চিত্র
