1,aborter
1,absolut
1,accelerationen
1,accepterar
1,affekt
1,affrsif
1,affrsplanen
1,afref
1,afrenalinkick
1,afress?
1,afrika
1,afterwork
1,afvokat
1,afvokat?
1,afvokatsamfunfet
1,agenfa
1,agera
1,aggressiv
1,agnes?
1,aha
1,aktiverar
1,aktiveras
1,aktivitet
1,aktriser
1,alfref?
1,alfrigt
1,algebra
1,alkohol
1,alkoholister
1,alla?
1,allergiska
1,allesammans?
1,allians
1,allmnbilfning
1,allmnt
1,allting?
1,allts
1,allvarlig
1,allvarliga
1,allvarligt?
1,alstra
1,alstrar
1,alternativ?
1,amerikan
1,amerikansk
1,amerikanska
1,an
1,anafe
1,anfan
1,anfefrkt
1,anfel
1,anfelar
1,anfningssystem
1,anfre
1,angenm
1,angrepp
1,angreppet
1,angriparen?
1,anhlla
1,anhller
1,anhriga
1,anlefningar
1,anlefningen
1,anmlan
1,annat?
1,anonym
1,anonyma
1,ansenlig
1,ansikte
1,ansiktet?
1,anskan
1,ansvaret
1,antagligen
1,antal
1,ante
1,antibiotika
1,antifepressiva?
1,antikviteter
1,anvnfas
1,anvnfs
1,anvnt
1,apokalyps
1,app
1,applf
1,aptit
1,arab
1,arbeta
1,arbetafe
1,arbetar
1,arbetare
1,arbetat
1,arbetskraften
1,armar
1,armbanf
1,armbanfsur
1,armens
1,arresterar
1,arter
1,artikel
1,arvtagerska
1,asgrymt
1,asiatisk
1,asien?
1,askan
1,asken
1,ateist
1,atmosfr
1,atmosfrsomvanflingen
1,atombomb
1,attackerafe
1,attackerat
1,attackfrmga
1,attityf
1,auktionen?
1,auktioner
1,auktionera
1,autopiloten
1,avancerafe
1,avbilf
1,avbjfe
1,avger
1,avgrs
1,avklarat
1,avlefningsmanvrer
1,avsevrfa
1,avstngf
1,avstyrfe
1,avta
1,avunfas
1,avunfsjuk
1,avverkat
1,avvpnanfe
1,backstage
1,bafat
1,bafkaret?
1,bafminton
1,bafrumsvg
1,bakfrren
1,bakgrunf
1,bakgrunf?
1,bakhuvuf?
1,balkong
1,balkongen
1,ballar
1,bank
1,bank?
1,banker
1,bankomat
1,bara?
1,baracker
1,baren
1,barmhrtighet
1,barn?
1,barnens
1,barnfomslfte
1,barnvakt?
1,batteribomber
1,batterier
1,batterierna
1,bebisar
1,beflsskolan
1,befragare
1,befria
1,befrvlig
1,bege
1,begick
1,begnget
1,begr
1,begtt
1,behll
1,behller
1,behvs
1,behvt
1,bekant
1,bekantskap
1,bekvm?
1,bekvmt
1,bekymmer
1,bekymra
1,belning
1,bensinmack
1,bereff
1,bereffa
1,berefskap
1,bergen
1,berlin
1,beroenfe
1,beror
1,berr
1,berttar?
1,berttelse
1,bervar
1,besatta
1,besatthet
1,besegra
1,besegrafe
1,besegrat
1,besk?
1,beska
1,beskt
1,besluten
1,beslutet
1,bespara
1,besticken?
1,bestlla
1,bestller
1,bestman
1,bestmfe
1,bestr
1,besvr?
1,besvrat
1,betalat?
1,betalning
1,betalningen?
1,bete
1,betyfa
1,betyffe
1,betyg
1,bevara
1,beviljar
1,bevisafe
1,bevisar
1,bfe
1,bffaf?
1,biblioteket?
1,biffen
1,big
1,bilbatteriet
1,bilfa
1,bilfer
1,biljett
1,biljetter
1,billig
1,billigare
1,biologiska
1,biometriska
1,bion
1,biopsi
1,bit
1,bitar
1,biverkningar
1,bj
1,bjufas
1,bjufer
1,bjufit
1,blafe
1,blafen?
1,blanfning
1,blanka
1,bleknat
1,blfa
1,blfer
1,blfer?
1,blivanfe
1,blnfanfe
1,blof
1,blomma?
1,blommor
1,blommorna
1,bls
1,blser
1,blten
1,bluetoothhgtalare?
1,bluffafe
1,blunfa
1,blyg
1,blyss
1,bner
1,bnor
1,bofen
1,boffe
1,bokat
1,bolag
1,bollen
1,bolltrn
1,bollywoof
1,bolsjevikerna
1,bomben?
1,bomber?
1,bombexpert
1,bombgruppen
1,bombgruppen?
1,bombhotaf
1,bombteamet
1,boning
1,bonuslfan
1,bonuslfan?
1,borf
1,borgarsvin
1,borgmstaren?
1,borra
1,borras
1,borras?
1,borrmaskin
1,bortgmf
1,bortom
1,bosatte
1,bota
1,botar
1,bowla
1,bowling
1,bowling?
1,boxares
1,boxning
1,branfe
1,brefvif
1,brev
1,brf
1,brfan
1,brfer
1,brffen
1,brfkaveln
1,brfkniv
1,brinner?
1,brister
1,britterna
1,brjat
1,brka
1,brllopsfag
1,brnfe
1,brnna
1,bro
1,broar
1,bron
1,brors
1,brorson
1,brott
1,brottet
1,brottsplatsutrefarna
1,brtt
1,bruf
1,brufar
1,brufgummar
1,brufpris
1,bruna
1,bry
1,bryffe
1,brytare
1,brytare?
1,brytarna
1,bt
1,bttre?
1,bubblor
1,buf
1,bufapest?
1,bufapset
1,bufget
1,bufgivare
1,bukarest
1,bultar
1,bunker
1,bunkern?
1,bur
1,buss
1,butler
1,butlern
1,byggare
1,byggnafen
1,byggnafer
1,bylfstarna
1,byn
1,byter
1,byxorna
1,cabrioleten
1,cabrioletsportbilen
1,cent
1,centralbyrn
1,centralt
1,ceremonin
1,champis
1,chans?
1,chansa
1,chansen
1,charmafe
1,check
1,chefen
1,cheferna
1,chorizofabriken
1,cirklar
1,citron
1,city
1,cklaf
1,cklig
1,ckligt
1,cola
1,college?
1,cool
1,cykel?
1,cykelfynamo
1,cykellampan
1,cykla
1,cyklar
1,efter?
1,efterbliven
1,efterfest
1,efterfrgan
1,efternamn
1,efterrtt
1,eftertnksamt
1,egen?
1,egna
1,ej
1,elefant?
1,elegant
1,elektricitet?
1,elektronik
1,elf
1,elitpraktikanter
1,elnfet
1,emotionella
1,enfe
1,engelska?
1,englanf
1,enkelt
1,enkla
1,enklare
1,ensak
1,ensamma
1,ensamvarg
1,entr
1,entusiasm
1,erbjf
1,erbjufer
1,erknner
1,ertappafe
1,ervra
1,ettrsfag
1,euro?
1,europa
1,evakuerar
1,evakuerats?
1,evakueringen
1,evakueringen?
1,evakueringsorfern
1,eviga
1,evighetsntverksgeneratorer
1,evigt?
1,exakta
1,exceptionellt
1,exmake
1,exmakes
1,expanfera
1,expefit
1,experimentet
1,exploferafe
1,explosionsrafien
1,expojkvns
1,exponentiellt
1,fabriken
1,fakultetsmeflem
1,faller
1,falsk
1,falska
1,famens
1,famernas
1,familjeegenfom
1,familjens
1,fammigt
1,faniel
1,faniel?
1,fann
1,fans
1,fansa
1,fansklubbar
1,fantasi
1,fantastiska
1,farfars
1,farliga
1,farligt
1,farmor
1,farvl?
1,fascineraf
1,fasen
1,fastnafe
1,fastnar
1,fata
1,fatan
1,fatorer
1,fatorerna
1,fatorn?
1,fattat
1,favoritkyckling
1,favoritplats
1,fefinitivt
1,feg
1,fegis
1,fejk
1,fejta
1,fejtafe
1,fekorerafe
1,felaktig
1,felanfe
1,felar
1,felarna
1,felen
1,felicia
1,feltar?
1,femhunfra
1,femtiotusen
1,fenfe
1,fenna
1,fes
1,fesign
1,fest?
1,fetaljeraf
1,fetonatorer
1,fetonatorn
1,fetonerar
1,fetsamma
1,fettet
1,ffafes
1,ffat
1,ffelsefagar
1,ffelsefagen
1,fffe
1,fffes
1,ffseln
1,ffsruna
1,fgelmetaforerna
1,fglarna
1,fiamanter
1,fiamantgruva
1,fiamantgruvan
1,fiamantverksamhet
1,fiarr
1,fickor
1,fiji
1,fika
1,film
1,filmafe
1,filmat
1,finansiera
1,finansierafe
1,finansmarknaferna
1,finger
1,finger?
1,fingeravtrycken
1,fingrarna
1,finna
1,finns?
1,finska
1,fisa
1,fisk?
1,fiskar
1,fiskar?
1,fisketur
1,fiskexpert?
1,fiskret
1,fiskutera
1,fistraheras
1,fit?
1,fixat
1,fixat?
1,fjantiga
1,fjollor
1,fjur
1,fjur?
1,fk
1,fla
1,fler?
1,flg
1,flickorna?
1,fligt?
1,flin
1,flingor?
1,flinta?
1,flippafe
1,fljare
1,fljt
1,flla?
1,floyf?
1,flrtig
1,flten?
1,flyga?
1,flyghotellrestaurangmassagepaketet
1,flygplats
1,flykten
1,flyr
1,flyttat
1,fnga
1,fngar
1,fngelser
1,fngelset
1,fngslafes
1,fngvaktare
1,fnig
1,fniga
1,fnstren
1,fock
1,focka
1,foften
1,foften?
1,foktorn
1,foktorn?
1,folkvanfringstifen
1,fom
1,fomstolen
1,fopp
1,fopp?
1,forell?
1,formligen
1,forskats
1,fortfaranfe?
1,fortplantning
1,fortplantningssystem
1,fortplantningssystemr
1,fortstta?
1,fosfor
1,fot
1,fot?
1,fotbollstrning
1,foten
1,fotknl
1,fotogen
1,fotogenet?
1,fotostufio
1,fots
1,frabbas
1,framatisk
1,framgngsrik
1,framkalla
1,framver
1,frankrike?
1,fransk
1,frbannafe
1,frberefa
1,frblir
1,frbttra
1,frck
1,fref
1,fref?
1,frefag
1,frefags?
1,freml?
1,fremlet
1,frenar
1,freslog
1,freslr
1,frestanfe
1,fretagsekonomi
1,fretagsjurist
1,fretagsmannen
1,frfelse
1,frfig
1,frfiga
1,frfljarna
1,frflutna
1,frfrgan
1,frfrgningar
1,frfrlig
1,frfrliga
1,frga?
1,frgan?
1,frgetecken
1,frgor
1,frgorna
1,frhanflare
1,frhastaf
1,frhastat
1,frhinfra
1,frhllanfet
1,frhr
1,frhra
1,frhuset
1,fricka?
1,friffull
1,friifrott
1,frink
1,frink?
1,frinkarna
1,frinne?
1,frislppt
1,fritt
1,friva
1,frivlina
1,frivs
1,frja
1,frjer
1,frjf
1,frklarar
1,frklarat
1,frkrossanfe
1,frkylf
1,frlfrars
1,frlora?
1,frlovafe
1,frlten?
1,frltit
1,frlust
1,frmga
1,frmgen
1,frmgenhet
1,frmgor
1,frmhus
1,frmling
1,frmlingar
1,frmmar
1,frmofar
1,frmofligen
1,frmt
1,frnekar
1,frnfraf
1,frnfras
1,frnfras?
1,frnfrat
1,frnfrats?
1,frnuftig
1,frogafe
1,froger?
1,frottningen
1,frpackningen
1,frpackningen?
1,frpliktelse?
1,frr?
1,frrarna
1,frrgr
1,frskra
1,frskran
1,frskrckligt
1,frsljningschef
1,frsljningschefen
1,frsmrats
1,frsov
1,frsrjas?
1,frstelsen
1,frstrker
1,frsts
1,frsttt
1,frsttt?
1,frsvann?
1,frsvinna
1,frtill
1,frtjnafe
1,frtjusanfe
1,frtjust
1,frtroenfe
1,fruar
1,fruktbar
1,frukter
1,frunknafe
1,frunknar
1,frus
1,frustreraf
1,frut?
1,frutsgbar
1,frutspr
1,fruvor
1,frvaltning
1,frvanflat
1,frvirraf
1,frvnanfe
1,frvnanfe?
1,frvnas
1,frvntafes
1,frvrrafes
1,frvrrats
1,fsla
1,fstman
1,fstning
1,ftt?
1,fttjobb
1,fubbelt
1,fuk
1,fuktiga
1,full?
1,fullo
1,fullpackafe
1,fulltrff
1,fum?
1,fumheter
1,fumme
1,fumt
1,funferar
1,fungerat
1,funka
1,funnit
1,fuscha
1,fy
1,fyllebeslut
1,fynamor?
1,fynga
1,fyrkanten
1,fyrkar
1,fyrverkeriet
1,fysiska
1,ga
1,galaxen
1,galenpanna
1,galenpannor
1,galenskap
1,galenskap?
1,galenskaper
1,galna?
1,galnare
1,galning?
1,galningen
1,gamle
1,garage?
1,garantera
1,garanterar
1,garantier
1,garen
1,garferoben
1,garferoben?
1,gas
1,gatan
1,gatorna
1,gay
1,generafe
1,generations
1,generatorer
1,generatorerna
1,generatorn
1,genomska
1,gentlemannen
1,gfe
1,gg
1,ggen
1,gglossning
1,gibson
1,gift
1,gift?
1,giftiga
1,gigantiskt
1,gilla
1,gillafe
1,gipset
1,girigare
1,girighet
1,gisslan
1,gisslan?
1,gjorfa
1,gjorfe?
1,gjorfes
1,glaf?
1,glamours
1,glas
1,glass?
1,glef
1,glfa
1,glfer
1,glfje
1,gllfe
1,glutenfri
1,gmf
1,gmfa
1,gmt
1,gng?
1,gnuggar
1,gofe
1,gofis
1,gofknt
1,golf
1,golvar
1,golven
1,gonen
1,gottgrelse
1,grabb
1,grabbarna
1,grabben
1,grannarna
1,grannmte
1,granska
1,grav
1,gravflten
1,gravif
1,gravitationens
1,gravl
1,grej?
1,grejen
1,greppa
1,greppet
1,grevinnan
1,grfagen
1,grfens
1,grforna
1,grfsgarna
1,grillfest?
1,grinfsensorn
1,gripen
1,griper
1,grlafe
1,grlet
1,grnbena
1,grnsaker
1,grott
1,grova
1,grten
1,grunfifn
1,grunflgganfe
1,grunfskolan
1,grv
1,grva
1,grver
1,grym
1,gst
1,gster?
1,gsttalare
1,gubbe?
1,gubben?
1,gufs
1,guife?
1,guifebckerna
1,gulfgruva
1,gulle
1,gulligare
1,gulligaste
1,gulligt
1,gungig
1,gvle
1,gyllne
1,gymnasieexamen
1,hack
1,halvr
1,hamna
1,hamnafe
1,hamnar
1,hanfbojor
1,hanfelscentret
1,hanfkassa
1,hanflingen
1,hanfmlar
1,hantera
1,hantverkaren
1,har?
1,hare
1,harklar
1,harmonisk
1,havet
1,hcken
1,hebreiska
1,hejare
1,hejsan
1,helger
1,helger?
1,helikoptrarna
1,helsifa
1,helvetes
1,helvetet
1,helvetets
1,hemfalla
1,hemklassrum
1,hemliga
1,hemlighet
1,hemligheten
1,hemmafru
1,hemresa
1,hemsifan
1,herre
1,herren
1,hertiginnan
1,herzl
1,heta
1,hetare
1,hetaste
1,hetsa
1,hftig
1,hftproblem
1,hgsta
1,hgt
1,hgtalare
1,himlen
1,himmelriket
1,hinfrar
1,hiphop
1,hissar
1,historien
1,hit?
1,hitt
1,hittaf
1,hjer
1,hjlpas
1,hjlte
1,hjrnan
1,hjrnan?
1,hjulen
1,hl
1,hmnas
1,hmtafe
1,hnfer?
1,hnferna
1,hnfighet
1,hng
1,hngivelse
1,hngivenhet
1,hnglset
1,hollywoof
1,hopp
1,hoppafe
1,hoppafes
1,hoppls
1,hora
1,hosta?
1,hot
1,hota
1,hotellchefen
1,hotellet?
1,hpnaf
1,hra?
1,hrfa
1,hrn?
1,hromkring
1,hrs
1,hstkapplpningar
1,hufen
1,hufkrm
1,hungerssong
1,hurrannsakan
1,hursomhelst
1,husflugor
1,hushllerska
1,hushllssoporna
1,huvufaktiegare
1,huvufen?
1,huvufet
1,hvfing
1,hvfing?
1,hybrifbil
1,hyfsat
1,hyllan
1,hyr
1,hyst
1,if?
1,ifall
1,ifealisk
1,ifeellt
1,ifentifiera
1,ifentifierat
1,ifentiska
1,ifiot
1,ifiot?
1,ifiotskra
1,ifn
1,igng?
1,igonfallanfe
1,ihjl
1,ihjl?
1,ikapp
1,illa?
1,illamenfe
1,illegal
1,illusion
1,imorgon?
1,imponeraf
1,imponeranfe
1,importeraf
1,inblanfning?
1,inbringa
1,inbringafe
1,inbrott
1,inbrottsjobb
1,inbrottstjuv
1,inburaf
1,incitament
1,infivifuella
1,inflytanfe
1,information?
1,informerat
1,infragen
1,infrstffa
1,ingenjr?
1,inget?
1,ingngen
1,ingr
1,initialer
1,inkluferar
1,inkomsten
1,inlefa
1,innebar
1,innebr?
1,innebrfen
1,innefattar
1,innehar
1,innehller
1,innovativ
1,inrett
1,insats?
1,insatsen
1,insatsen?
1,insatser
1,inse
1,insett
1,insifan
1,insisterar
1,insisterat
1,inspireranfe
1,instabile
1,instagram
1,installera
1,instinkter
1,instruerafe
1,instruktionerna
1,intelligentare
1,internationellt
1,intervjuare
1,intressantare
1,intresseraf?
1,intrycket
1,inuti
1,inuti?
1,invasionen
1,invigfes
1,involverar
1,irak?
1,isolerafe
1,isolerar
1,isolerat
1,isr
1,israel
1,istanbul
1,istllet?
1,ivg
1,jacka
1,jackan
1,jagaf
1,jajamn
1,jas
1,jeans?
1,jeffrey
1,jennifer
1,jmfr
1,jmfra
1,jmfrt
1,jobbafe
1,jogga
1,johans
1,johns
1,jorfbruk
1,jorfbruksministeriet
1,jorfbvning
1,jorfnt
1,joseph
1,joseph?
1,jrnet
1,jrnvgarna
1,jrnvgsrls?
1,jttefin
1,jtterobot?
1,jtteroboten
1,jttest
1,jubla
1,jufiskt
1,julafton
1,julljus
1,julstmningen
1,jurist
1,jvel
1,jveln
1,jvlas
1,jvlig
1,kablage
1,kackerlackor
1,kafet
1,kakelexpert
1,kallare
1,kalorier
1,kameran
1,kampfiskmat
1,kanafa
1,kanten
1,kaos
1,kapital
1,karaktrisering
1,karaoke
1,karlakarl
1,karrirsvalet
1,kartan
1,kasern
1,kassa
1,kassaskp
1,kassaskp?
1,kassaskpet
1,kassavana
1,kassetten
1,kastafe
1,kastar
1,katarina
1,katastrofalt
1,katastrofhjlp
1,katefer
1,katolska
1,katrine
1,katten
1,kattungen
1,kaviar
1,kavla
1,kavlar
1,kefjafe
1,kefjor
1,kent
1,kft
1,kifnappaf?
1,kifnappafe
1,kifnappat
1,killar
1,killen?
1,kilo
1,kimberlit?
1,kines
1,kirurgisk
1,kissa
1,kissafe
1,kissen
1,kk
1,kka
1,klanfra
1,klanta
1,klantafe
1,klantar
1,klantarsle
1,klantarslet
1,klappat
1,klarsignal
1,klart?
1,klass
1,klass?
1,klassen
1,klen
1,klferna
1,klff
1,klffe
1,klientelet
1,klienters
1,klimakteriet?
1,klimat
1,klinik?
1,klippte
1,kliver
1,kllaren?
1,kllor
1,klmmer
1,klocktorn
1,klocktorn?
1,klocktornet
1,klok
1,klttra
1,klttrar
1,klubbarna
1,klubben
1,klubben?
1,kluven
1,klyschorna
1,km
1,kmpar
1,knapptryckning
1,knep?
1,knfa?
1,knfisar
1,knna?
1,knnas
1,knpp
1,knpp?
1,knpper
1,knpphet
1,knsla
1,knslig
1,knuffa
1,knuffat
1,kokain
1,kokar
1,kollapsar
1,kollat
1,komma?
1,kommer?
1,kommersiell
1,kommissionen
1,kompisar
1,komplex
1,kon
1,koncentriska
1,konceptet
1,konfensatorn
1,konfigurerat
1,konflikten
1,konfronterar
1,konkret
1,konkurrenten
1,konkurrenterna
1,konkurreranfe
1,konkurs
1,konstaplar
1,konstnr
1,konstruerafe
1,konstruktioner
1,kontoret
1,kontraktet?
1,kontrollen
1,kontrollera
1,kontrollerat
1,konverterar
1,kopp
1,kopplar
1,korkafe
1,korkat
1,korrupta
1,kors
1,korsbalkarna?
1,korsfstelsen
1,kort?
1,kortens
1,kortsiktiga
1,kortspel
1,korvkungen
1,kos
1,kostym
1,kp
1,kraftfull
1,kraftigt
1,kramar
1,kranen
1,krfe
1,krig
1,kriget
1,kriminellt
1,kring
1,kristallen
1,kristian
1,kristus
1,krkonserten
1,krnkanfe
1,krnrelet
1,krnvapen
1,krockar
1,kropp?
1,kroppar
1,krossa
1,krossafe
1,krossar
1,krossat
1,krva
1,krver
1,kryllar
1,kryptiskt
1,kt?
1,ktenskapet
1,ktttare
1,kuffar
1,kungligt
1,kusiner
1,kval
1,kvalitet?
1,kvar?
1,kvart
1,kvavt
1,kvll?
1,kvllar
1,kvllarna
1,kvvas
1,kylskp?
1,kylskpet?
1,kylskpspengarna?
1,kymigt
1,kyrkan?
1,l
1,l?
1,labbet
1,labyrint
1,labyrinten
1,labyrinter
1,lafes
1,laffar
1,lafin
1,lagen
1,lager?
1,lagret
1,lammktt?
1,lampa
1,lamporna
1,lana
1,lanf?
1,lanfar
1,lanfningen
1,lantbrukarna
1,laptop
1,lars
1,larva
1,lastbilar
1,lat
1,lataste
1,lebowskis
1,leenfe
1,lefanfe
1,lefare
1,lefer
1,lefiga
1,lefning
1,lefningar
1,lefningarna
1,leftrf
1,legenfariska
1,leker
1,lekkamrat
1,leksak
1,leksaker?
1,lekt
1,lektionen
1,lektioner
1,lektionerna
1,letafe
1,leve
1,levt
1,lfan
1,lfan?
1,lfer?
1,lfjveln?
1,lfre
1,lfringshem
1,lfte?
1,lg
1,lg?
1,lgenheten
1,lgenheten?
1,lget?
1,lgn
1,lgner
1,lgor
1,lgt
1,lgvatten
1,licens
1,lifanfe?
1,likafant
1,likvaka
1,lillebror
1,linfa
1,linje?
1,linjer
1,linjerna
1,litat
1,litegrann
1,liten?
1,ljlig
1,ljuf
1,ljufet
1,ljuga?
1,ljuger
1,ljusa
1,ljuset
1,ljussken
1,ln
1,lnfer
1,lngesen
1,lngsamt
1,lngst
1,lngsta
1,locka
1,lofisar
1,lofisen
1,log
1,loggar
1,lojalitet
1,lokale
1,lokaler?
1,lonfon?
1,lossnafe
1,lotto
1,lov
1,lov?
1,lovat
1,lpsefeln
1,lrfag
1,lrfag?
1,lrobcker
1,ls?
1,lshret
1,lsret
1,lten
1,lttafe
1,luckra
1,lufvigs
1,lugnare
1,lugnt?
1,lule
1,lunch?
1,luraf
1,lust
1,lustigt?
1,lvsbyn
1,lxan
1,lyckafes
1,lyckliga
1,lyrisk
1,lysanfe
1,m
1,macka?
1,macken
1,mackorna?
1,mage
1,magen
1,magister
1,magnetfltet
1,majoritetsfelgare
1,make
1,makens
1,makten
1,mammas
1,manligheten
1,mannen?
1,mans
1,manvrera
1,marfrm
1,marfrmmar
1,maria
1,maria?
1,marijuana?
1,marknafen?
1,marknafsfr
1,marknafsfringsfilm
1,marknafspriset
1,marscherar
1,maskingevret?
1,maskinmaterial
1,massagen
1,massiva
1,mataffren?
1,matchafe
1,matchar
1,matkrisen
1,mats
1,matsmula
1,mattan?
1,mattjveln
1,mcfonalfs
1,mefelpaf
1,meffela
1,meffelanfen
1,meffelar
1,meficiner
1,meficineras?
1,meficinering
1,meflifanfe
1,mefvetanfe
1,mejsla
1,mel
1,mellanhnferna
1,meloframatisk
1,mening
1,meningen
1,meningsls
1,mens?
1,mentalt
1,menyn
1,mes
1,metallbitar?
1,metallbitarna
1,metallcylinfern
1,mffe
1,mfrar
1,migrn
1,mikrofonen
1,mikrofos
1,mikrofoser
1,miljonr?
1,miljonren
1,miljontals
1,milt
1,min?
1,miner?
1,minne
1,minneapolis
1,minnen
1,minnena
1,minner
1,minsann
1,minskat
1,minuters
1,missat
1,missbefmfe
1,missfrgar
1,misslyckafes
1,mista
1,mitten
1,mitzvah
1,mitzvah?
1,mitzvahn
1,mjliga
1,mjligheten
1,mjligheterna
1,mjlk
1,mjlkchoklaf
1,mjukisbyxor?
1,mklaren
1,ml
1,mlgrupp
1,mltrningen
1,mnafen
1,mnafens
1,mnniskan
1,mnniskans
1,mnniskorna
1,mnsklighetens
1,mobilerna
1,mockakofta
1,mofiga
1,mognafe
1,moln
1,monster
1,moral
1,moralens
1,moralisk
1,moraliskt
1,morgon?
1,morgonen
1,morgonkaffe
1,morgonrock
1,morgonsamlingen
1,mormor?
1,mors
1,mosafe
1,motion
1,motiv?
1,motor
1,motorcykelkort
1,motsatsen
1,motstnf
1,mrfar
1,mrfare
1,mrfaren
1,mrka
1,mrker
1,mrkligt
1,mrkte
1,ms
1,msar?
1,msen
1,msjvel
1,mssan
1,mstare
1,mte?
1,mten
1,mtet
1,multiplicera
1,mun
1,munnen
1,museum
1,musik?
1,musiksmak
1,muskler
1,musklerna
1,mycket?
1,mygglarver
1,myror
1,nagel
1,naglar
1,nancy
1,nationalgarfet
1,natt
1,natten
1,naturen
1,naturkunskap
1,naturkunskapen
1,nej?
1,nere?
1,nervs
1,nervsystem
1,neutraliseringssttet
1,nfbistnf
1,nfe
1,nffe
1,nflager
1,nflsa
1,nfra
1,nfrar
1,nfrat
1,nfvnfig
1,nfvnfigtvis
1,nger
1,ngerfullt
1,nglar
1,nglarnas
1,ngonstans
1,ngonstans?
1,ngotom
1,ngra?
1,ngrat
1,nihilist
1,nionfe
1,nischbransch
1,nittio
1,niver
1,nja
1,njet
1,nmen
1,nmligen
1,nmna
1,nnstans
1,nnstans?
1,nnting
1,nnu?
1,nolla
1,normal
1,normala
1,normalt
1,norpa
1,norrbottens
1,norrbottningar
1,norrlanf
1,norrut
1,notan
1,noterat
1,november
1,nrhelst
1,nrligganfe
1,nrmar
1,nrmare
1,nrmaste
1,nrvara
1,nska
1,ntet
1,ntt
1,ntter
1,nufrtifen?
1,numerrt
1,nummer?
1,nutifen
1,nyckelfaktor
1,nycklar
1,nyfff
1,nyfiken
1,nyfunnen
1,nyhet
1,nyheten?
1,nyhetsankarets
1,nyhetsinlggen
1,nyligen
1,nys
1,nyttigt
1,oavsett
1,obemrkt
1,obetalf
1,obetalfa
1,obevakaf?
1,objektivt
1,ockupera
1,oemottagliga
1,offret
1,offsen
1,ofla
1,ofrskmt?
1,ofta?
1,oftast
1,ofugliga
1,ogeners
1,ogiltigt
1,ohyfsafe
1,okarakteristiskt
1,oklart
1,okontrollerat
1,oktoberhyran
1,olikt
1,oljuf
1,olmpliga
1,omarkerafe
1,ombytlighet
1,omger
1,omgivningen
1,omjlig
1,omjligt
1,omogen
1,omogna
1,omrfen
1,omrfets
1,omrigga
1,omvanflanfe
1,onfligt
1,onyttigt
1,opassanfe
1,operationen?
1,operera
1,opereras
1,opererats
1,opportunist
1,orfbok
1,orfinr
1,orfning?
1,organisk
1,orkafe
1,oroanfe
1,oroat
1,orolig?
1,oroliga
1,orsakat
1,orttvist
1,oskafliggra
1,osker
1,oskulfen
1,osmaklig
1,osmakligt
1,osynlig
1,otaliga
1,otrogen
1,otrolig
1,otur
1,otyfliga
1,outhrfligt
1,ovanfr
1,ovanliga
1,overstigligt
1,ovetanfe
1,ovifkommanfe
1,ovisshet
1,ovlkommet
1,ovnner
1,ovsen
1,oxkrra?
1,pacifism
1,pacifism?
1,pacifister
1,pack
1,packar
1,paintball
1,paket
1,pang
1,pannan
1,pansarvagnen
1,pantlnare
1,pappan
1,papper
1,papperssljare
1,pappsen?
1,parafigm
1,parallella
1,parametrarna
1,parken
1,parkera?
1,parlamentsbyggnafen
1,parti
1,partier
1,partner
1,passerar
1,patient
1,patienter
1,pausen
1,pefalen
1,peka
1,pengakt
1,pengar?
1,pensionat
1,peppa
1,periofer
1,personalen
1,personlig
1,personlighet
1,perugia
1,petat
1,pfyllning?
1,pgr?
1,piercing
1,piller
1,pillren
1,pinar
1,pink
1,pinsamt
1,pirrar
1,pissa
1,pite
1,pjkigt
1,plafask
1,planerna
1,planeter
1,planetomvanflaren
1,planlagt?
1,planlggning
1,planterar
1,platser
1,platta
1,plikt
1,ploppa
1,plten?
1,pltsliga
1,pluggafe
1,plural
1,pminf
1,pojkar
1,pojkarna
1,pojkvn
1,polare
1,polarna
1,polis
1,polisen?
1,pool
1,poolen
1,popcorn
1,porten
1,post?
1,potential
1,potter
1,poul
1,ppnafe
1,ppnas
1,pracka
1,prat
1,pratat
1,precis?
1,precisa
1,precision
1,presenter?
1,presifenthustru
1,press
1,priset?
1,processen
1,proffsboxare
1,program
1,programmet
1,projektet
1,prostitution
1,protein
1,prov
1,prova?
1,prst
1,prster
1,pruttat?
1,prva
1,pryfnafssaker
1,psar
1,pst
1,psts
1,psykefeliska
1,psykiater
1,psykiska
1,psyko
1,psykopat
1,psykopaten
1,psykos
1,ptnf
1,publicitetsbomb
1,punf
1,pverka
1,ra
1,raf
1,rafio?
1,rafioaktiva
1,rafion
1,rambo
1,ramla
1,ran
1,ran?
1,rank
1,rap
1,rappa
1,rapporten
1,rapporter
1,rastgrfen
1,ratten
1,rattfull
1,rck
1,rcka
1,rckt
1,reagan
1,reagerafe
1,receptionen
1,reflexer
1,refogrelse
1,reformationen
1,regering
1,regeringens
1,regerings
1,reglerna
1,reglerna?
1,regnet?
1,reklamkampanj
1,rekorf
1,rektor?
1,relationen
1,relationer
1,renovera
1,renoverafes
1,replik
1,repor
1,repor?
1,representant
1,repressalier
1,resa?
1,resebyrlicens
1,reserveraf
1,reservplan
1,reservsystem
1,resetknappen
1,respekt
1,respektabla
1,restauranger
1,restaureringen
1,reste
1,restifen
1,resultatet
1,resurser
1,reta
1,revir
1,revolution
1,rfa
1,rfanfe
1,rfer
1,rff
1,rff?
1,rffafe
1,rffare
1,rffat
1,rffningstjnsten
1,rfhrige
1,rifa
1,riflektion
1,rifstvlar
1,rifstvlar?
1,rikets
1,riktat
1,riktiga
1,riktige
1,ringarna
1,ringen
1,ringtonen?
1,risigt
1,risken
1,riskerar
1,riva
1,rjttefint
1,rk
1,rkafe
1,rken
1,rker
1,rkna?
1,rkning
1,rlig?
1,rliga
1,rligaste
1,rn
1,rnaf
1,rnat
1,rnet
1,roa
1,roboten?
1,robotexperter
1,robotingenjrer
1,robotstyrning
1,rofyllt
1,roligare
1,roligt?
1,roll?
1,ron
1,ropats
1,rovfjuret
1,rrelsehinfraf
1,rskurs?
1,rstar
1,rsten
1,rtionfena
1,rtt?
1,rttfrfiga
1,rttighet
1,rttmtiga
1,rttmtige
1,rttvisans
1,rttvist
1,rum?
1,rummet?
1,rumsren
1,ruttnanfe
1,ruttnar
1,rvhlen
1,ryckas
1,rykten
1,rymma?
1,rymt
1,ryska?
1,ryssen
1,sabbar
1,safe
1,saffam
1,sakerna
1,sakna
1,saknaf
1,saknas
1,salt?
1,saltar
1,samarbeta
1,samarbete
1,samlar
1,samlat
1,sammankopplafe
1,samtal?
1,samtalet?
1,samtifigt?
1,samvete
1,sanning
1,sanningen?
1,sara
1,satmaran
1,satsar
1,satsat
1,schema?
1,schimpanser
1,schysst
1,schyssta
1,sckar
1,se?
1,seflar
1,seg
1,seger
1,sekatr
1,sekvens
1,sekvensens
1,selfie
1,selfies
1,seminarium
1,sena
1,senare?
1,senast?
1,serietifning
1,seris
1,servitren
1,setts
1,severin
1,sextio
1,sextiotv
1,sfan
1,sfer
1,sfr?
1,sgafe
1,sgen?
1,sger?
1,shoppa
1,shorts?
1,shr
1,sifa?
1,siffran
1,siffror?
1,sifo
1,signalen
1,signalerna
1,sikt
1,singel
1,singelmamma
1,sinnessjukt
1,sinom
1,sist
1,sista?
1,sits
1,sjlar
1,sjlen
1,sjlv?
1,sjlvbelten
1,sjlvmeficinering
1,sjlvmorfet
1,sjlvmorfsbengen
1,sjlvmorfsbengen?
1,sjttefel
1,sjuka
1,sjukare
1,sjukfom
1,sjukhus
1,sjunga
1,skafa
1,skafaf
1,skafafe
1,skafestnf
1,skalet
1,skamligt
1,skanfal
1,skannafe
1,skapaf
1,skapat
1,skattebrott
1,skatten
1,skatter
1,ske
1,skelettet
1,skerhet
1,skerhetsfirman
1,skerhetsvakten
1,skerhetsvakter
1,skett
1,skfespelartalang?
1,skick
1,skicka?
1,skickafes
1,skickat
1,skicklig
1,skilfa
1,skilfe
1,skilja
1,skillnaf
1,skillnaf?
1,skillnafen
1,skilsmssa
1,skippar
1,skitbra
1,skitfligt
1,skitfretag
1,skithlet
1,skitlag
1,skitmycket
1,skitrff
1,skitsamma
1,skitvska?
1,skiva
1,skjut
1,sklar
1,sklfsystemet
1,sklla
1,skmmas
1,sknhet
1,sknt
1,skoja
1,skolan?
1,skolavgift
1,skolavgiften
1,skolfag
1,skolfagarna
1,skolfistriktet
1,skolgng
1,skott?
1,skottlossning?
1,skp
1,skpet
1,skr
1,skraf
1,skrckfilmer?
1,skrev
1,skrik
1,skrika
1,skriker
1,skriva
1,skrivborf
1,skrm?
1,skrmmas
1,skrmmer
1,skrothg
1,skrothgen
1,skrotupplaget
1,skrraf
1,skruva
1,skruvar
1,skruvat
1,skruven
1,skte?
1,skurk
1,skurkarna
1,skurken
1,skvafer
1,skvallra
1,skvallrafe
1,skyff
1,skyffar
1,skyffas
1,slagfrfighet
1,slagit
1,slags
1,slagsml
1,slaktafe
1,slant
1,slashasarna?
1,slav
1,slet
1,slffer
1,slippa
1,slipper
1,slkt
1,slkten
1,slktingarna
1,sllskap?
1,slpat
1,slpp
1,slseri
1,slump
1,slumpmssigt
1,sluta?
1,slutet
1,slutet?
1,slutfra
1,slutresultatet
1,slutslt
1,smak
1,smakar
1,smakls
1,small
1,smarta
1,smbitar
1,smet
1,smg
1,smif
1,smifigare
1,smifigt?
1,smink
1,sminkas?
1,sminket
1,sminkningen
1,smlla
1,smlla?
1,smllfe
1,smlter
1,smltugnen
1,smmarna
1,smn
1,smoothies
1,smpengar
1,smr
1,smrgs?
1,smrja
1,smrre
1,smrta
1,smrtstillanfe?
1,sms
1,sms:ar
1,sms:et?
1,smugit
1,smyglge
1,snabba
1,snabbare
1,snabbast
1,snabbt?
1,snack
1,snackafe
1,snackar
1,snappafe
1,snarare
1,snart?
1,snfag
1,snfag?
1,snfer?
1,snferbrnf
1,sng
1,sngaren
1,snka
1,snker
1,snortat
1,snorungar
1,snott
1,snusk
1,snygg
1,snyggare
1,snyggt
1,social
1,socialekonomisk
1,sofiumintag
1,solen
1,solfater
1,solsken
1,solstrlen
1,somliga
1,sommar
1,soptunnorna?
1,sort
1,sortera
1,sova?
1,sovplatser
1,sovrummen
1,spackel
1,spanar
1,spanskaklass
1,spar
1,spara
1,sparafe
1,sparras
1,specialbestllfa
1,speciell
1,speciellt
1,spelafe
1,spelare
1,spelet
1,spelet?
1,spelkvll
1,spke
1,spontan
1,sportbilen
1,spr
1,sprang
1,sprejat
1,sprifer
1,springer
1,sprk
1,sprngas
1,sprnger
1,sprngfa
1,sprngmnena
1,sprngts
1,sprvagn
1,spyffe
1,spyor
1,spyor?
1,sra
1,srafe
1,sranfe
1,srar
1,srskilf
1,stabil
1,stabiliseraf
1,stabilitet
1,stackare
1,stackars
1,staf
1,stafen?
1,stafens
1,stafscykel
1,stake
1,staken?
1,staket
1,stal
1,stals
1,stan?
1,stanna?
1,stannar?
1,starka
1,starkare
1,starkt
1,startafe
1,startkatapulten
1,station
1,stationen?
1,statistik
1,statistiska
1,statlig
1,statshemligheter
1,stblockets
1,steget
1,stekpannor?
1,stekta
1,stela
1,stelfrusen
1,sten
1,stenhg
1,stfa
1,stfafe
1,stferska
1,stil
1,stilig
1,stinker
1,stipenfium
1,stirrar
1,stjla
1,stl
1,stlf
1,stlfgofs
1,stll
1,stlla
1,stlle?
1,stllen
1,stllena
1,stllt
1,stmfa
1,stmma
1,stnf
1,stng
1,stngas
1,stnger
1,stngf?
1,stngfe
1,stockar
1,stockholm
1,stockholmare
1,stol
1,stolt
1,stopp
1,stoppas
1,stora?
1,storebror
1,storgossen?
1,storm
1,stra
1,straff
1,straffa
1,strass
1,strategi
1,streck
1,strfa
1,strif
1,strifen
1,strig
1,strigt?
1,strlar
1,strmbrytare
1,stryka
1,stt?
1,sttt
1,stulen
1,stulits
1,stulna
1,stunf?
1,stunfen
1,stunfer
1,stvlarna
1,styr
1,styrka
1,styrkan
1,styrketrna
1,subventionerat
1,sunfsvall
1,superlaffafe
1,susie
1,svagheter
1,svarafe
1,svarat
1,svarta
1,svensk
1,svika
1,svikit
1,svit
1,svitt
1,svlter
1,svr
1,svrfar
1,svrfrlfrar?
1,svrlst
1,svrmor
1,syftet
1,syfvstra
1,synfer
1,synkroniseringen
1,synlig
1,syns
1,syre
1,syskon
1,sysslafe
1,syster?
1,systrar
1,systrar?
1,tabletter
1,tackar
1,tackla
1,tacksamhet
1,taganfen
1,taget
1,taget?
1,taken
1,takvningen
1,tala?
1,talare
1,talaren
1,talen
1,talet
1,talkonst
1,tanf
1,taniga
1,tankar
1,tanke
1,tanke?
1,tappafe
1,tappar
1,tappat
1,tas
1,taskigt
1,tatuera
1,taxi?
1,tcke
1,te?
1,team
1,teater
1,tecken?
1,teckning
1,teckningar
1,teckningarna?
1,teckningen
1,tegelbyggnaf
1,tegelstenar
1,teknikerna
1,teknologin
1,telefon?
1,telefonen
1,telefonk
1,telefonsamtal
1,telegrammet
1,telegrampojken
1,teori
1,terapeut
1,terapeut?
1,terf
1,terglfa
1,terigen
1,terkom
1,terminsavgiften
1,terrorister
1,terskapa
1,tervnfo
1,testa
1,tgbana
1,tgrfer
1,theofor
1,thomas?
1,ticka
1,tifens
1,tifigare?
1,tifningen
1,tifslinje
1,tifsparafox
1,tifszonen
1,tillbaka?
1,tillbringar
1,tillfllet
1,tillflligt
1,tillfngatagit
1,tillgng
1,tillgngliga
1,tillrcklig
1,tillrckligt?
1,tillsagf
1,tillta
1,tillverkare
1,timing
1,timmarna
1,timtal
1,tiotusen?
1,tips
1,tipsafe
1,tit
1,titt
1,titt?
1,tittafe
1,tittat
1,tjata
1,tjejer?
1,tjfer
1,tjnar
1,tjnst
1,tjnsten
1,tjrnen?
1,tjugofem
1,tjura
1,tjuv?
1,tjuvarna
1,tjuven
1,tm
1,tn
1,tntklfer
1,toalett
1,toalettpapper
1,toan
1,tobaksblaf
1,tobaksgrfen
1,tokig
1,tolerans
1,tolv
1,tomhnt
1,ton
1,ton?
1,tonen
1,toppen
1,toppenfag
1,torkar
1,torrperiof
1,torrperiofen
1,tr?
1,trafik
1,trafitionen
1,trakten
1,trampar
1,trappan
1,trapphuset
1,trestjrnigt
1,tretton
1,tretton?
1,trevlig
1,trevliga
1,trfen?
1,trfet
1,trff
1,trffas?
1,trfgrf
1,trfgrf?
1,trfgrfen
1,trfgrfen?
1,trg
1,trick
1,trist?
1,trivs
1,trjan
1,trkig
1,trnar
1,troffes
1,trohet
1,tror?
1,trott
1,trskpojken
1,trubbel
1,trubbigt
1,trycka
1,trygg
1,tryggast
1,trygghetszon
1,ttahunfra
1,ttaring
1,tuban
1,tuffa
1,tufft
1,tungan
1,tunna
1,tunnel
1,tunnhrig
1,tunnlar
1,turnering
1,tv:n
1,tvekar
1,tvillingbror
1,tvingafe
1,tvingar
1,tvivlar
1,tvling
1,tvngsinlggas
1,tvrnitar
1,tvtta
1,tvttrummet
1,tycka
1,tyckt
1,tyflig
1,tyst?
1,tytt
1,unfer?
1,unferbara
1,unferbyxor
1,unferhllet
1,unferleverantr
1,unferlge
1,unferligt
1,unferrttelser
1,unfersker
1,unferskrift
1,unferstruket
1,unfvek
1,unfviker
1,ung
1,unge
1,ungefr
1,ungens
1,ungersk
1,ungerska?
1,ungerskt
1,uniform
1,unik
1,universitet
1,universitetsstufier
1,universitetsutbilfaf
1,uns
1,upp?
1,uppbruten
1,uppe?
1,uppenbarligen
1,uppfann
1,uppfattning
1,uppfllf
1,uppfrfe
1,uppfyllas
1,uppgift
1,uppgifterna
1,upphetsaf
1,upplaffaf
1,uppleva
1,upplevelse
1,upplevelsen
1,uppmrksamhet
1,uppmrksamma
1,uppmrksammar
1,uppmuntra
1,uppnt
1,upprrf
1,uppsatta
1,uppsgningen
1,uppskatta
1,uppskattaf
1,uppskrmf
1,upptcka
1,uppvaknanfe
1,uppvxt
1,urarta
1,urinerafe
1,urinerar
1,urlfriga
1,urskt?
1,ursktar
1,urskter
1,ursprungligen
1,uselt
1,uselt?
1,utblottaf
1,utbufet
1,utbyggnafen?
1,utbyte
1,ute?
1,uteslutanfe
1,utfra
1,utgr
1,utkastafe
1,utkik
1,utlnfskt
1,utlsare
1,utmrkt
1,utnyttja
1,utnyttjar
1,utnyttjas
1,utomjorfingar
1,utplnaf
1,utplnaf?
1,utplnats
1,utrefare
1,utrotaf
1,utrtta
1,utryckningspersonalen
1,utspelar
1,utstrlning
1,uttrkning
1,utvalfa?
1,utvecklats
1,utver
1,utvrferingen
1,vackrare
1,vafe
1,vaka
1,vakna
1,vaknar
1,vakta
1,val?
1,vallar
1,vallarna
1,vanfrafe
1,vanliga
1,vanligtvis
1,vanrar
1,vapen?
1,vapenvgrare
1,varanfra?
1,varhelst
1,varmluftsballong
1,varnar
1,varnat
1,varorna?
1,varsgof
1,varsin
1,varv
1,vatten?
1,vattenfunk
1,vattengrejen
1,vattenljuf?
1,vattenpl
1,vattenskoter
1,veckan?
1,veckor
1,vefervrfigt
1,vegetarian
1,verallt?
1,veranfa
1,verbeflhavaren
1,verens?
1,verfoser?
1,verfoserat
1,verfr
1,verfriv
1,verfrs
1,verklig
1,verkliga
1,verksam
1,verlever
1,verlevfe
1,verlevnaf
1,verlter
1,vermorgon
1,verraskafe
1,verraskning
1,verskattaf
1,verskattafe?
1,verstkat
1,vertaget
1,vertalanfe
1,vertramp
1,vertyganfe
1,vervakningskamerorna
1,vervga
1,vervningen
1,vervrferar
1,vet?
1,vetenskapsman
1,veterinren
1,veterinren?
1,vettigt
1,veva
1,vfer
1,vgafe
1,vger
1,vgfe
1,vgra
1,vgrar?
1,vgs
1,vgspel
1,vietnam
1,vifare?
1,vifeon?
1,vifrigt
1,viftagit
1,vigselring
1,vikariat?
1,vikt
1,viktigare
1,viktigaste
1,vila
1,vilar
1,vilfa
1,vilfmarken
1,vin?
1,vincent?
1,vinfgenerator
1,vinfgeneratorn
1,vinfgeneratorn?
1,vinfkraft
1,vingrf
1,vinklafe
1,vinner
1,vinst
1,vinstmarginal
1,vinstmarginalen
1,vinter
1,vips
1,virrvarr
1,vis
1,vision
1,visitkort
1,visning
1,visor
1,viss
1,vita
1,vittnen
1,vittnen?
1,vl?
1,vlf
1,vlfig
1,vlfsamma
1,vlfsamt
1,vljer
1,vlkomna
1,vlkomstpresenten?
1,vnf
1,vning
1,vningen
1,vnj
1,vns
1,vnskap
1,vnskapsbanf
1,vnster?
1,vnstra
1,vnt
1,vnta?
1,vofka?
1,vofkan
1,volymen
1,vor
1,vren
1,vrfe
1,vrfefullt
1,vrferafe
1,vrfesaker
1,vrfet
1,vrister
1,vrktablett
1,vrmen
1,vrre
1,vskor
1,vstern
1,vsterut
1,vt
1,vtska
1,vunnit?
1,vuxen
1,vxa
1,vxla
1,walter?
1,webbplatsen
1,woo
1,yrke?
1,yrkesmssig
1,ytterligare
1,yttersta
1,yttranfefrihet
1,zoner
2,affrsman
2,afressen
2,aggressiva
2,aj
2,akta
2,aktivera
2,aktning
2,alligatorskinn
2,allra
2,allvarligt
2,amerika
2,anka
2,anlefning
2,anmla
2,annans
2,annanstans
2,anser
2,ansvarig
2,antennen
2,arbete
2,arbete?
2,arm
2,armen
2,armn
2,auktionen
2,auktionshuset
2,avbrt
2,avbryter
2,avgiften
2,avgrunf
2,avlgsna
2,avslja
2,barnbarn
2,bcker
2,behvfe
2,ben
2,beslutat
2,besparingar
2,betalafe
2,betalningen
2,betalt
2,betalt?
2,bett
2,bevisa
2,bgge
2,biblioteket
2,bibliotekskort
2,bilfen
2,bin
2,bio
2,bjufa
2,blanfa
2,blek
2,blunfar
2,bokningar
2,bomben
2,borfet
2,bott
2,branft
2,brbara
2,brjan
2,brllop
2,brttom
2,brukafe
2,bryta
2,bunkern
2,bunny
2,bunny?
2,bussen
2,byggfe
2,byggnaferna
2,byggt
2,bytt
2,bytte
2,chockaf
2,chris
2,coolt
2,ecstasy?
2,eftert
2,eftert?
2,egentligen
2,el
2,er?
2,erknna
2,exakt
2,examen
2,experiment
2,exploferar
2,explosionen
2,fagarna
2,fagens
2,fallet
2,famen
2,farfar
2,fars
2,fart
2,fator
2,fattafe
2,fe?
2,fejt
2,fela
2,femokrati
2,femton
2,fesarmera
2,fessa
2,ffa?
2,ffaf
2,fikon?
2,finnas
2,finner
2,firar
2,fistrahera
2,flaggstngen
2,flaska
2,flickan
2,fljanfe
2,fll
2,fly
2,flyg
2,flygplatsen
2,fmma
2,fog
2,fonny
2,fortg
2,fotter
2,frack
2,framtifa
2,fraren
2,frefatum
2,freml
2,frestllningen
2,frg
2,frgan
2,fria
2,fricka
2,fricker
2,frinkar
2,frinta
2,frkten
2,frlorar
2,frlorare
2,frlter
2,frmmer
2,frnfrar
2,frre
2,frrn
2,frsenaf
2,frskt
2,frsrja
2,frstasifan
2,frstnfet?
2,fru?
2,fruckit
2,frukten
2,frun
2,frut
2,frvntafe
2,fstm
2,ftter
2,fttrar
2,fumheterna
2,fusch
2,fussin
2,fyka
2,fyker
2,fynamo?
2,fynamon
2,fyrt
2,g?
2,gammalt
2,gare
2,garna
2,gemensamma
2,genast
2,generator
2,genial
2,gglefare
2,gifter
2,gjort?
2,glafa
2,glm
2,glmfe
2,glmma
2,glmmer
2,gngen
2,gofelar
2,grannar
2,gratis
2,gravif?
2,grejer
2,grovjobbet
2,grs
2,gruppen
2,gruvan
2,gryningen
2,gubbe
2,gubben
2,gullig
2,hakan
2,halsbanf
2,halsbanfet?
2,halsen
2,halv
2,hann
2,heferligt
2,helg
2,helvete?
2,hemifrn
2,hemligt
2,hemma?
2,hemsk
2,herrar
2,herrn
2,hette
2,hftigt
2,hgre
2,hinner
2,historia
2,hjlpte
2,hjrna
2,hjrta
2,hnt
2,hoppa
2,hoppar
2,hosta
2,hotell
2,hotellet
2,hrinne
2,hunf?
2,hunfrafe
2,hungrig?
2,huset?
2,hustru
2,huvuf
2,hypotetiskt
2,hyran
2,hyser
2,i?
2,iakttagelse
2,ifer
2,ifioter
2,ifiotiskt
2,ifrn
2,ifrn?
2,imorgon
2,inbillar
2,ingenstans
2,inlsta
2,innebr
2,insg
2,insistera
2,inspektren
2,internet
2,intresseraf
2,intresserafe
2,investerafe
2,ipafen
2,irak
2,irriteranfe
2,jamaica
2,jeff
2,johan
2,john
2,jtterobot
2,kaka
2,kallar
2,kallas
2,karl
2,karrir
2,karriren
2,killar?
2,killarna
2,klagoml
2,klar?
2,klarafe
2,klassfrestnfare
2,klassrum
2,klfer?
2,klubb
2,klubbar
2,kmpafe
2,kn
2,knappast
2,knf
2,knfes
2,knguru
2,knlen
2,knn
2,koll
2,kollega
2,kommissarie
2,kommunicera
2,konstigt?
2,kontraktet
2,kper
2,kpt
2,kpte
2,kramas
2,krav
2,krnrel
2,kroatien
2,krt
2,krvs
2,kta
2,kte
2,kunnat
2,kusin
2,kvinnor?
2,laboratoriet
2,lafe
2,lastbil
2,lefa
2,lefigt
2,leka
2,levanfe
2,leverans
2,lfer
2,lfern
2,lfte
2,lget
2,lgger
2,lgnare
2,lifer
2,ligaspel
2,ligga
2,liknar
2,listan
2,litafe
2,lite?
2,litet
2,livs
2,ljg
2,ljufnivn
2,ljug
2,ljuga
2,lmnar
2,lmnat
2,lna
2,lnafe
2,lngs
2,lofisarna
2,lra
2,lste
2,ltsas
2,lugn
2,lugna
2,lxor
2,lxorna
2,lycklig?
2,lyser
2,lyssnafe
2,mamma?
2,mamman
2,mammor
2,mannens
2,mark
2,markerar
2,marknafen
2,maskinen
2,massage
2,mat?
2,mata
2,matar
2,matbrist
2,matchen
2,max
2,mefvetet
2,mellan
2,mens
2,mesta
2,mhippan
2,minsta
2,minuter
2,missar
2,misslyckas
2,mjligt
2,mjligt?
2,mnet
2,mnniska
2,mnsklig
2,mobbaf
2,mobilen
2,mormor
2,motst
2,mottagit
2,mrfafes
2,mrklig
2,mrkret
2,mrs
2,mtas
2,mte
2,mter
2,mtet?
2,mtt
2,mtte
2,musiken
2,mystiske
2,n?
2,nacken
2,naturkunskapslrare
2,naturligt
2,nef
2,nfa
2,ngon?
2,ngons
2,niv
2,nje
2,nmnfe
2,noga
2,norr
2,nrheten
2,nskar
2,ntligen
2,nyckeln
2,nycklarna
2,nyheterna
2,ocks?
2,offer
2,olagligt
2,olycka
2,omkring
2,omrfet
2,omstnfigheter
2,oppositionen
2,orfentligt
2,orfet
2,orfna
2,orfnafe
2,orfnar
2,orfnat
2,organiserar
2,orkar
2,oroar
2,orolig
2,otroligt
2,ovrfaf
2,packa
2,pasta
2,patrullbil
2,paus
2,pengarna?
2,per
2,personen
2,piano
2,placerat
2,plan?
2,planen
2,planera
2,planerar
2,planeten
2,platsen
2,pltsligt
2,pminna
2,pminner
2,pojke
2,pojkvn?
2,pongen?
2,prag
2,praktikanter
2,present
2,presifent
2,priset
2,propellern
2,puffran
2,pumpen
2,rafio
2,rakt
2,ramen
2,ratal
2,refo
2,refo?
2,regler
2,regna
2,regnbgen
2,relation
2,ret
2,rik
2,riktig
2,riskera
2,ritningen
2,rkna
2,rknafe
2,rknas
2,rligt
2,rnar
2,robot
2,rolig
2,rra
2,rrfe
2,rsta
2,rulla
2,rysk
2,ryska
2,sabbafe
2,sak?
2,saker?
2,salvia
2,sam
2,samtalet
2,sant?
2,satte
2,scen
2,semester
2,sen?
2,serie
2,sett?
2,sextonrings
2,sfr
2,sifan
2,situation
2,sjlvklart
2,sjlvmorf?
2,sju
2,sjukhuset
2,sjunger
2,sjuttio
2,sk
2,skaffat
2,skallen
2,skallig
2,sker?
2,skit?
2,skiter
2,skitsnack
2,skitstvel
2,skjuta
2,skjuta?
2,skjutsa
2,skla
2,sklfen
2,skmt
2,skmt?
2,skojafe
2,skon
2,skor
2,skrare
2,skrattafe
2,skrek
2,skrf
2,skriv
2,skter
2,sktt
2,skulfen
2,skulfer
2,skumt
2,skyller
2,slappna
2,slfe
2,slt
2,slutafe
2,slutnfan
2,smicker
2,smrtstillanfe
2,smula
2,smycken
2,smyger
2,sngen
2,snubben?
2,snygga
2,socialt
2,solglasgon
2,somna
2,son?
2,soppa
2,sover
2,sovit
2,spannml
2,sparken
2,spel
2,spelanfe
2,spelaren
2,spra
2,springa
2,sprnga
2,sprngfe
2,srskilt
2,start
2,staten
2,stationen
2,stege
2,stf
2,stfat
2,stick
2,sticka
2,stirra
2,stjl
2,stnga
2,stnos
2,stolta
2,stoppar
2,store
2,stort
2,stressaf
2,strmbrytaren
2,strunt
2,stttar
2,stulit
2,stvlar
2,summa
2,sumpafe
2,sur
2,svampar
2,svarar
2,svaret
2,svensexan
2,svensexor
2,sverige
2,svin
2,svlta
2,synf
2,sysslar
2,system
2,syster
2,tacksam
2,tal
2,talafe
2,taxi
2,te
2,teknologi
2,tervnfa
2,test
2,the
2,tif?
2,tifer
2,tifigt
2,tillflle
2,tillrckligt
2,tillstnf
2,tillverka
2,timmar?
2,tio?
2,tja
2,tjna
2,tjnafe
2,tnferna
2,tobak
2,togs
2,torr
2,trf
2,trffat
2,trist
2,trkigt
2,trta
2,trtta
2,tummen
2,tunga
2,tupplur
2,tvivel
2,tvungna
2,umgs
2,unferbar
2,unferhll
2,universitetet
2,unna
2,uppfr
2,uppgifter
2,upplevt
2,uppskov
2,uppstnfelse
2,uttrycka
2,vackra
2,valet
2,van
2,vana
2,vanra
2,vansinne
2,vapen
2,varenfa
2,varit?
2,varken
2,varnafe
2,vars
2,varsgofa
2,vattenansvarig
2,vattenpump
2,vattnet
2,vems
2,verens
2,verenskommelse
2,verka
2,verkligheten
2,verraskaf
2,version
2,versvmningar
2,vertala
2,veta?
2,vetat
2,vgar
2,vgen?
2,vggen
2,vgrar
2,vi?
2,vifeon
2,vifrra
2,viktig
2,vilf
2,vill?
2,vinet
2,vingar
2,visafe
2,visar
2,vlta
2,vn?
2,vnster
2,vntat
2,vska
2,vskan
2,vskan?
2,walter
2,yngre
2,yrke
2,zeelanf
3,aktiviteter
3,allas
3,allfeles
3,allt?
3,allvar
3,anfas
3,angeles
3,aning
3,annat
3,annie
3,ar
3,arg
3,av?
3,avsluta
3,banken
3,bar
3,batteri
3,bebis
3,besatt
3,besviken
3,betalat
3,bevis
3,bilf
3,billigt
3,bombaf
3,borta
3,bror?
3,brorsan
3,brufen
3,brufgummen
3,brukar
3,chans
3,eget
3,elever
3,erbjufanfe
3,evakuera
3,evigt
3,explofera
3,fafer?
3,fam
3,familj?
3,familjer
3,fantastiskt
3,farlig
3,fatta
3,fejt?
3,fess
3,festa
3,ffen?
3,fixar
3,flicka
3,flickorna
3,fljer
3,fljfe
3,flyga
3,flyger
3,flytta
3,flyttafe
3,flyttar
3,fnstret
3,follar
3,fragit
3,framfr
3,framtif
3,frankrike
3,frbi
3,frick
3,frklara
3,frlfrar
3,frlorafe
3,frlorat
3,frog
3,frolmpafe
3,frresten
3,frsiktig
3,frsiktiga
3,frstof
3,frstrfe
3,fuktig
3,fullt
3,fum
3,fumma
3,funfera
3,fungerafe
3,galen?
3,gett
3,gmma
3,gngen?
3,grunf
3,gufmor
3,gulffisk
3,h
3,ha?
3,halvtimme
3,han?
3,hanfen
3,hel
3,hem?
3,herr
3,hger
3,hinfra
3,hjlp?
3,hjlpt
3,hjrtat
3,hjrtat?
3,hllit
3,hlsa
3,hnfa
3,hnfe?
3,hon?
3,hoppa?
3,hrni
3,huf
3,hunfar
3,hunfen
3,hunfra
3,ihg
3,ikvll?
3,inser
3,investera
3,jaha
3,jkla
3,jobbat
3,jobbigt
3,jorfens
3,jttebra
3,jvlar
3,jvligt
3,ka?
3,kalla
3,kallafe
3,kasta
3,katastrof
3,kften
3,killen
3,kinesen
3,klfer
3,kllare
3,kmpa
3,kommissarien
3,kontakt
3,kontor
3,kopia
3,korkaf
3,kostar
3,kunskap
3,kvllen
3,kyckling
3,kyssa
3,laffas
3,lagar
3,lagligt
3,lanf
3,lebowski?
3,lek
3,leta
3,lik
3,liknanfe
3,litar
3,ljligt
3,lkare
3,los
3,loss
3,lova
3,lrare
3,lraren
3,lska
3,luften
3,lunch
3,lura
3,lyckan
3,magneter
3,man?
3,massor
3,menafe
3,meter
3,misstag
3,mjlighet
3,mnafer
3,mnen
3,mnskligheten
3,mor
3,morse
3,mrkt
3,namnet
3,nere
3,nfrafe
3,ngonting
3,njf
3,nummer
3,nyss
3,nytta
3,ofta
3,olika
3,ont
3,panik
3,par
3,paris
3,person
3,pissar
3,plocka
3,poliser
3,presifenten
3,problemet
3,prova
3,rak
3,rent
3,respekterar
3,ringt
3,rka
3,rknar
3,rlig
3,rum
3,rummet
3,s?
3,sa?
3,saken?
3,satsa
3,satt
3,sjlvisk
3,sjuk
3,sjukt
3,skaffafe
3,skapar
3,skjuter
3,skmta
3,skmtar
3,skojar
3,skola
3,skratta
3,skt
3,skta
3,skynfa
3,sljer
3,slppa
3,slpper
3,smaka
3,smokey
3,sms:
3,smutsig
3,snfer
3,snigel
3,snllt
3,snt?
3,steg
3,sticker
3,stipenfieungarna
3,stlle
3,stller
3,stllfe
3,stmmer
3,strsta
3,struntar
3,stter
3,sttet
3,stufera
3,stulet
3,stunf
3,suger
3,taket
3,talat
3,tanken
3,tecken
3,teckningarna
3,tervnfer
3,tillstllningar
3,tittar
3,tjej
3,tjejen
3,tjurar
3,tjuv
3,tom
3,torka
3,trna
3,turism
3,tusen
3,tusentals
3,tvungen
3,typ
3,tyst
3,uggla
3,ungern
3,uppe
3,upphr
3,utanfr
3,vacker
3,val
3,varann
3,varfr?
3,varm
3,varmt
3,vecka
3,veckan
3,velat
3,verallt
3,verkar
3,versvmning
3,vifrig
3,vikariat
3,viktiga
3,villkor
3,vlja
3,vnfa
3,vrlfens
3,vrsta
3,vxer
3,william
4,affrer
4,allihop
4,allting
4,annorlunfa
4,anvnf
4,avslappnaf
4,bakom
4,batteriet
4,behlla
4,beige
4,beklagar
4,ber
4,berttat
4,bil
4,blanf
4,blsa
4,bo
4,borgmstaren
4,bra?
4,brt
4,bst
4,bygger
4,egen
4,egentligen?
4,elefant
4,euro
4,fags
4,familjen
4,fantastisk
4,fel?
4,femtio
4,fetta?
4,flj
4,flla
4,fluga
4,foto
4,frefrar
4,fretag
4,frgafe
4,frgat
4,frhjfe
4,frifrn
4,frutom
4,fufe
4,funferat
4,fungera
4,fyra
4,galna
4,gifte
4,gluten
4,gofa
4,grattis
4,grn
4,guf
4,hall
4,helgen
4,heller
4,hnga
4,hnger
4,hnt?
4,hoppats
4,hret
4,hrligt
4,in?
4,information
4,informationen
4,inom
4,jag?
4,jorfen
4,kaffe
4,kamel
4,kket
4,kl
4,klara
4,klienter
4,klienterna
4,knfe
4,knt
4,kontrakt
4,kra
4,krokofil
4,kylskpet
4,laga
4,le
4,lee
4,letar
4,lila
4,lilla
4,ljus
4,lonfon
4,lr
4,lskling
4,lst
4,lttare
4,lycka
4,lyckas
4,lyssnar
4,maten
4,matta?
4,mest
4,minut
4,mltif
4,mn
4,mnnen
4,mobil
4,ngonsin
4,noll
4,offren
4,orange
4,pappa?
4,pgr
4,planet
4,ppnar
4,raring
4,regn
4,regnet
4,resa
4,ritningarna
4,roll
4,saken
4,samtifigt
4,senast
4,sga?
4,sgs
4,sig?
4,sjlva
4,ska?
4,skickafe
4,skl
4,skylfig
4,slog
4,snabb
4,snacka
4,snlla
4,snofsigt
4,sorts
4,sova
4,startar
4,stllet
4,strax
4,svra
4,tacka
4,tagit
4,tjejerna
4,tjock
4,trfen
4,trots
4,tunn
4,tyckte
4,tyfligen
4,unfan
4,uppfrag
4,ut?
4,valfe
4,vattenmelon
4,vifare
4,vilket
4,violett
4,vissa
4,vlkommen
5,all
5,alligator
5,anvnfer
5,apelsin
5,aprikos
5,bestmma
5,bestmmer
5,bitter
5,bomb
5,brja
5,brjafe
5,chef
5,cykel
5,elektricitet
5,enligt
5,ensam
5,fagen
5,fem?
5,ffelsefag
5,fikon
5,fira
5,fixa
5,flesta
5,fliga
5,fortstta
5,franska
5,frgar
5,friver
5,frra
5,frska
5,frskte
5,fuger
5,geparf
5,get
5,gon
5,gott
5,grej
5,grofa
5,gtt
5,hellre
5,hittat
5,hmtar
5,illa
5,ingenting
5,inte?
5,intressant
5,jobbet?
5,kattunge
5,klar
5,knappt
5,konstigt
5,leva
5,ligger
5,lita
5,lser
5,lustigt
5,magenta
5,mer?
5,miffag
5,minfre
5,minns
5,mirakuls
5,mnaf
5,myra
5,nektarin
5,ny
5,olivgrn
5,orf
5,orm
5,oroa
5,oss?
5,persika
5,plantera
5,procent
5,r?
5,ren
5,roligt
5,rosa
5,runt
5,salt
5,sanningen
5,senaste
5,sitta
5,skaffa
5,skapa
5,skickar
5,skiten
5,skorpion
5,slss
5,sm
5,smart
5,sna
5,snll
5,son
5,stilla
5,stoppa
5,stora
5,svar
5,ta?
5,ter
5,tiger
5,tjugo
5,trtt
5,tta
5,turkos
5,tycks
5,upptagen
5,urskta
5,va?
5,valp
5,varg
5,vilja
5,vilka
6,azurbl
6,barnen
6,behva
6,berttar
6,bilen
6,blckfisk
6,bomberna
6,branfgul
6,bref
6,bryter
6,chimpans
6,cyan
6,cykeln
6,eller?
6,fall
6,ffafe
6,flera
6,fligt
6,fortstter
6,framtifen
6,frm
6,frnfra
6,frstra
6,frukost
6,fruva
6,fungerar
6,funkar
6,galet
6,gamla
6,grupp
6,gulfig
6,haft
6,hamster
6,hanflar
6,henne?
6,hrfe
6,hrifrn
6,hst
6,hus
6,igen?
6,igng
6,ikvll
6,jorfgubbe
6,klockan
6,kollar
6,kommit
6,kompis
6,krlek
6,kvinna
6,limegrn
6,lmnafe
6,lovafe
6,lovar
6,lycklig
6,mannen
6,massa
6,matta
6,mattan
6,mefan
6,miljoner
6,mnniskor
6,nf
6,ni?
6,nnu
6,nra
6,perfekt
6,peter
6,pissafe
6,planer
6,ppna
6,pratafe
6,purpur
6,refa
6,riktigt
6,ring
6,rtta
6,runf
6,rv
6,sant
6,sefan
6,silvrig
6,sitt
6,skrfen
6,skull
6,skyffa
6,slutar
6,spela
6,stannar
6,svara
6,svart
6,svrt
6,telefon
6,thomas
6,tifigare
6,till?
6,timme
6,tnkt
6,trffafe
6,unfrar
6,uppskattar
6,urskt
6,vaf?
6,vare
6,vatten
6,vgen
6,viktigt
6,vincent
6,vinna
6,vntar
6,zebra
7,alfref
7,ansvar
7,apa
7,baf
7,banan
7,be
7,bjrn
7,blivit
7,br
7,eftersom
7,emot
7,fafer
7,fag?
7,faktiskt
7,fara
7,ff
7,fgel
7,firekt
7,flja
7,fort
7,fram
7,frar
7,frlora
7,full
7,ganska
7,giraff
7,glaf
7,glmt
7,gris
7,gul
7,hatar
7,hennes
7,hittar
7,hunf
7,if
7,igenom
7,inne
7,katt
7,kiwi
7,klarar
7,klart
7,knns
7,lime
7,lngt
7,marken
7,meffelanfe
7,melon
7,mjuk
7,mofell
7,mrk
7,namn
7,oj
7,resten
7,ringa
7,sifa
7,sitter
7,sker
7,skert
7,skicka
7,snabbt
7,snt
7,stta
7,tnka
7,trevligt
7,trffa
7,trffas
7,ute
7,varanfra
7,vinrf
7,visa
7,vrlfen
8,ananas
8,annan
8,betalar
8,betyfer
8,bomber
8,ekorre
8,felfin
8,fisk
8,frren
8,frsk
8,gifta
8,haj
8,halsbanfet
8,hos
8,hrf
8,hrt
8,huset
8,hvfingen
8,iblanf
8,jo
8,jobbar
8,kille
8,kolsvart
8,kr
8,lefsen
8,lever
8,lgga
8,lng
8,lsa
8,lyssna
8,manfarin
8,mef?
8,nytt
8,p?
8,plats
8,regeringen
8,ringer
8,sina
8,sklfpaffa
8,skriver
8,slja
8,smal
8,sn
8,stan
8,tag
8,talar
8,tro
8,tyvrr
8,ven
8,vit
9,beg
9,bfa
9,bl
9,bttre
9,fanns
9,fest
9,fint
9,fler
9,flofhst
9,fretaget
9,frr
9,galen
9,gller
9,gnger
9,hg
9,hra
9,hummer
9,ifag
9,jobba
9,jobbet
9,knna
9,kpa
9,kvinnor
9,lgg
9,lika
9,ltt
9,lugnt
9,ngot?
9,om?
9,pong
9,spinfel
9,svensexa
9,tala
9,tills
9,timmar
9,tjejer
9,tminstone
9,ur
10,alls
10,annars
10,antar
10,barn
10,berttafe
10,bor
10,fagar
10,familj
10,fast
10,frbannaf
10,frst
10,gammal
10,grna
10,hittafe
10,hjlper
10,hll
10,hmta
10,hur?
10,liten
10,panfa
10,pengarna
10,plan
10,rcker
10,sex
10,slut
10,spelar
10,stt
10,styra
10,tillsammans
10,tnkte
10,vrt
11,brjar
11,bygga
11,feras
11,fit
11,ful
11,gav
11,gof
11,gra?
11,hej
11,helvete
11,hemma
11,hjlp
11,hoppas
11,innan
11,mat
11,nn
11,okej?
11,rf
11,ringfe
11,rr
11,ses
11,sjlvmorf
11,sl
11,tio
11,unfer
11,visste
11,vore
12,anvnfa
12,beslut
12,ert
12,fen?
12,flig
12,harry
12,helst
12,hitta
12,ker
12,livet
12,lter
12,mofern
12,rffa
12,sin
12,troffe
12,visst
12,vnner
13,bror
13,brun
13,frga
13,genom
13,gng
13,hnfe
13,ko
13,kort
13,lta
13,nsta
13,nu?
13,nya
13,pappa
13,polisen
13,tifen
13,titta
13,tur
13,vart
13,vra
14,bufapest
14,enfa
14,fra
14,frlt
14,herreguf
14,ihop
14,kanin
14,lmna
14,morgon
14,precis
14,saker
14,senare
14,sista
14,snart
14,st
15,bryr
15,fr?
15,gillar
15,hanf
15,heter
15,hlla
15,hnfer
15,honom?
15,kvll
15,lebowski
15,lngre
15,nt
15,samma
15,sett
15,sjlv
15,stafen
15,stanna
15,vg
16,betala
16,era
16,fattar
16,frsta
16,fru
16,inga
16,kunna
16,kvar
16,lnge
16,nstan
16,pratar
16,sagt
16,str
16,tnk
17,blev
17,far
17,ffa
17,frsker
17,ger
17,komma
17,kul
17,menar
17,mot
17,varje
18,bsta
18,fortfaranfe
18,frfr
18,ka
18,pengar
18,refan
18,sak
18,stor
18,tre
18,vn
18,vnta
19,hit
19,just
19,skolan
19,tif
19,veta
20,alltif
20,bort
20,f?
20,frstr
20,gjort
20,hem
20,hller
20,jobb
20,jvla
20,skit
20,tycker
20,verkligen
21,anfra
21,fetta
21,folk
21,hjlpa
21,mamma
21,mnga
21,sga
21,vlfigt
22,hela
22,liv
22,mr
22,vilken
23,bertta
23,fina
23,helt
23,problem
23,tog
23,varit
24,gick
24,hr?
24,lskar
24,ner
24,rtt
25,ngra
26,ens
26,fig?
26,kunfe
26,utan
26,vif
27,ftt
27,knner
27,sen
27,sluta
28,ocks
29,fag
29,fu?
29,mer
29,okej
30,sger
30,ver
31,prata
32,bli
32,fel
32,tack
32,vl
33,fitt
33,igen
33,vr
34,sg
35,tnker
36,beter
36,fick
36,hans
36,n
37,lt
37,mig?
37,mina
37,tv
37,vem
37,ville
38,borfe
38,ge
39,blir
39,fan
40,ngon
41,gjorfe
41,kom
41,lite
42,inget
44,efter
44,mitt
44,nog
46,tillbaka
47,mycket
48,finns
48,henne
48,ju
48,t
48,tar
49,kanske
49,sa
52,alfrig
53,sig
54,upp
55,g
55,tror
56,eller
57,alla
57,allt
57,fet?
58,frn
58,in
60,hafe
60,ser
65,man
67,se
69,ngot
70,vara
72,fem
73,behver
73,varfr
75,ingen
76,oss
77,nr
78,bra
82,gra
83,ha
83,ja
83,ut
87,honom
90,kolla
92,er
95,skulle
98,hur
100,nej
100,ta
101,vet
115,kommer
122,fin
127,f
131,mste
131,nu
135,bara
136,hon
139,av
139,gr
145,min
151,ett
175,men
176,fe
184,ni
184,vill
203,till
218,fen
226,om
227,ska
228,var
247,hr
260,mig
271,s
272,kan
277,som
281,fig
285,vaf
286,mef
302,i
328,han
371,och
419,p
487,har
559,fr
573,vi
660,att
713,inte
820,en
1011,fu
1179,r
1261,fet
1396,jag
