1,...
1,»to
1,»vidite,«
1,adijo
1,adijo,
1,aerodinamična
1,afere
1,agata
1,ahmedom.
1,akt
1,akt.
1,aktiviranje
1,aktivni
1,aktivnost.
1,aleksander
1,alenka
1,alergičen
1,alja,
1,aljasko!
1,aljaž
1,alkoholik.
1,ambicija
1,američani
1,amfora
1,ana
1,anagrama.
1,andraž
1,angel
1,anomalija.
1,ante
1,aplikacije
1,aprilu
1,arašidov.
1,arašidovo
1,argument
1,argument?
1,arhimeda.
1,arhitekt
1,aspergerjev
1,astrofizika.
1,avgusta
1,avgusta.
1,avtizma.
1,avto.
1,avtobus
1,avtobus.
1,avtobusi
1,avtoceste.
1,avtomobil
1,avtomobili
1,avtomobilski
1,avtu.
1,azijo.
1,babica
1,babico.
1,bajt.
1,bakra
1,balada
1,banalna.
1,bankovce.
1,baru
1,barvali
1,barve.
1,barvicami.
1,barvo.
1,bata.
1,bati?
1,bedak
1,bedak.
1,bedaki.
1,bedakov
1,bednika.
1,bedo.
1,beg
1,bel.
1,belem
1,belgijo
1,beli
1,belo
1,benedikt
1,benjamin.
1,benjamina.
1,benjaminu.
1,berač,
1,berač.
1,berači
1,berači.
1,bernarda
1,besed,
1,beseda,
1,beseda.
1,besedah.
1,besedami,
1,besede,
1,besede?
1,besedilo.
1,besedna
1,bežečemu
1,beži.
1,bežijo
1,bi?
1,bibavica.
1,bičanju
1,bije
1,bije,
1,bil.
1,bila!
1,bila,
1,bila?
1,bili,
1,bimbo,
1,binarno
1,biserno
1,bistvena
1,bistvu,
1,bit
1,biti,
1,bitja.
1,bitje,
1,bitov
1,bivola
1,bivši
1,bivšo
1,blago
1,blago.
1,blagu.
1,blatna
1,blatnega
1,blatom
1,blaženost
1,blaženost.
1,blazina
1,blazina.
1,blazinice
1,blebetati,
1,blisk;
1,bliža
1,bližini
1,bližje
1,blok
1,bloka.
1,blokov.
1,blondinka
1,bob?
1,bodisi
1,bodočnosti
1,bogastvo,
1,bogat,
1,bogata,
1,bogataš
1,bogataševe
1,bogataši
1,bogatem
1,bogatija
1,bogatin
1,boginjo.
1,bogokletna.
1,bogu
1,boj.
1,boji,
1,boji.
1,bojim
1,bojiš
1,bojte
1,bojujejo,
1,boleča
1,bolečin
1,bolečin,
1,bolečino
1,bolezni
1,bolezni.
1,bolhe.
1,boli,
1,boli.
1,boljša.
1,boljši,
1,bolna
1,bolni
1,bolni.
1,bolnih
1,bolnik
1,bolnikom
1,bolnišnica
1,bolnišnica,
1,bolnišnice.
1,bolnišnici
1,bom.
1,bombaža
1,bombe
1,bos,
1,bos.
1,boš.
1,bosti.
1,boštjan
1,botoksa.
1,božanski?
1,božiču
1,božji,
1,bralci
1,brane.
1,brani
1,braniti
1,branju
1,branku.
1,brat.«
1,brat?
1,brata
1,brati
1,bratov.
1,brazgotina.
1,brcne
1,brcne.
1,bregove
1,brenda.
1,breskov
1,breza
1,brezbrižnost,
1,brezčutna
1,brezdelnost
1,brezen
1,brezhibno.
1,breznu
1,brezplačen
1,brezplačen.
1,brezplačna
1,brezplačno!
1,brezposelnosti
1,bridkega,
1,bruhati.
1,buče
1,bučka
1,budnim
1,burja,
1,burje.
1,c
1,čaka
1,čakaj
1,čakal
1,čakal!
1,čakala
1,čakalnici.
1,čakamo.
1,čakaš
1,čar
1,čara
1,čaroben.
1,čarobno
1,čas,
1,čaša;
1,časa?
1,časi,
1,čast.
1,časti
1,časti.
1,častjo,
1,častni
1,času
1,času,
1,čebel,
1,čebel.
1,čebele
1,čebele.
1,čebeljega
1,čebula
1,čednost.
1,čednostjo
1,celem
1,celi
1,celicami.
1,celice
1,celje?
1,celo.
1,celotno
1,cement
1,cementa
1,čenče
1,ceneno
1,ceniti
1,cenjena,
1,ceno
1,centa.
1,cente
1,center
1,centimetre.
1,centimetrov.
1,centov.
1,čeri
1,cerkev,
1,cerkve
1,česa?
1,cesar
1,česen
1,češenj
1,češnje
1,češnje,
1,ceste
1,cesti.
1,cesto
1,četrtek
1,četudi
1,četvero
1,cev?
1,čevelj?
1,cevi
1,čevljarju!
1,čevlje
1,čevljev,
1,čevljev.
1,čevlji
1,čevlji.
1,čevljih
1,cifra
1,čigar
1,cigareta
1,čigav
1,cilja
1,cilka
1,cirkusu.
1,čist.
1,čista
1,čista.
1,čistiš.
1,čistost
1,čistost,
1,članek.
1,človek,
1,človekova
1,človekove
1,človekovi
1,človekovih
1,človekovo
1,človeku,
1,človeški
1,človeško
1,coklah
1,čokoladne
1,čoln
1,čoln,
1,cooperja?!
1,copate
1,črna.
1,črne
1,črnila
1,črnim
1,črnimi
1,črt
1,črta.
1,črtami.
1,črto
1,črv
1,črva.
1,črvov
1,čudaški.
1,čudes.
1,čudežen.
1,čudežev
1,čudežna
1,čudi,
1,čudne
1,čudoma
1,čudovita!
1,čudovita,
1,čudovita.
1,čudovito
1,čudovito.
1,čul
1,čustvi.
1,čustvo
1,čuti
1,čutim
1,čutimo.
1,čutna
1,cveti,
1,cvetijo,
1,cvetje
1,cvetka.
1,cvetove
1,cvetovi
1,daj.
1,daje,
1,dajejo
1,dajejo.
1,dajmo
1,dala
1,dala.
1,dala?
1,daleč.
1,daljavo,
1,daljavo.
1,daljice.
1,daljnogled.
1,daljša
1,daljša.
1,dalo
1,dame.
1,damo
1,damo.
1,dan!
1,današnja
1,današnji
1,danes.
1,danes?
1,dani.
1,daniela
1,darila.
1,darilo.
1,darilu
1,darovalec,
1,darujejo.
1,daš
1,daš.
1,datoteka
1,datoteko.
1,debela
1,debele
1,debelejši
1,debeli
1,december.
1,dečke.
1,dedek
1,dedič
1,dediščina
1,dediščina.
1,dejanja,
1,dejanji.
1,dejansko
1,dejstva
1,dejstva?
1,dejstvo
1,dejstvo.
1,deklet.
1,dekli.
1,deklica
1,dekolte!
1,dela?
1,delajo.
1,delal
1,delala
1,delam
1,delam,
1,delaš.
1,delaš?
1,delata.
1,delate,
1,delavca
1,delavnici.
1,deli
1,delih,
1,deliti.
1,delnici
1,delo?
1,delom
1,delu,
1,delujejo
1,deluješ
1,denarja
1,denarju
1,depozit.
1,depresiven
1,dere.
1,derenda
1,desetin
1,desetkrat
1,desni
1,desni.
1,devet.
1,devetnajsto
1,deželo
1,deželo,
1,deževalo?
1,deževen,
1,deževnih
1,dežju
1,dežuje?
1,diabetik.
1,diagnosticirana
1,diagnoze
1,diana
1,dihajte
1,dihanja.
1,diktator
1,dimenzija
1,dimitrij
1,dimni
1,dimu
1,diplomo
1,diplomsko
1,dirkač.
1,dirkal
1,dišava
1,dišeči
1,diskretnost
1,divje
1,divji
1,dna.
1,dne
1,dne,
1,dneh
1,dnevi
1,dnevih.
1,dnevnem
1,dnevnik
1,dnevu.
1,dni,
1,dni.
1,dno.
1,doba
1,dober.
1,dobi.
1,dobičkom.
1,dobili
1,dobilo
1,dobimo.
1,dobiš
1,dobite.
1,dobiti
1,dobivam
1,dobra,
1,dobra.
1,dobra?
1,dobri.
1,dobrih.
1,dobrim
1,dobro?
1,dobrodelnost
1,dobrodošla.
1,dobrodošli
1,dobrodošli.
1,dobrota
1,dobroto,
1,dodala
1,dodatne
1,dogaja?
1,dogorel,
1,dojenček
1,dojilja
1,dokazov
1,dokazujem,
1,dokonča.
1,doktorata.
1,dol
1,dol.
1,dolg,
1,dolga,
1,dolgčas.
1,dolgo,
1,dolgočasen
1,dolgočasja.
1,dolgočasje
1,dolgočasna
1,dolgočasnega
1,dolgočasno
1,dolgočasno,
1,dolgočasno.
1,dolguje
1,dolina
1,dolžan.
1,dolžniki,
1,dom
1,dom.
1,doma,
1,doma...
1,domače
1,domačem
1,domači
1,domačih
1,domišljavost
1,domovina
1,domovina.
1,domovine
1,domovini,
1,donijo.
1,dora
1,dosegla
1,dosego
1,doseže
1,dosežejo
1,doskok
1,dosti
1,dostop
1,dotaknile
1,dotika
1,dotikaj
1,dotikal.
1,dovolil,
1,dovolite
1,dovolj!
1,dovolj,
1,dovoljenja
1,dovoljenja.
1,doživlja
1,dozori.
1,drag.
1,draga!
1,draga?
1,dragi
1,drago
1,dragocen
1,dragulj,
1,dresiraš.
1,dreves.
1,drevesni
1,drevo,
1,drevo.
1,droben
1,drobna
1,drobnejša
1,drobnim
1,drog
1,drogami.
1,drugačne
1,drugam
1,druge.
1,drugega!
1,drugem
1,drugi.
1,drugi?
1,drugih.
1,drugim.
1,drugimi
1,drugje?
1,družba.
1,družbe
1,druženje
1,druži.
1,družina
1,družine,
1,družini.
1,drva
1,držal
1,držati.
1,države
1,držim
1,držita.
1,dudo
1,duhove?
1,dunaj,
1,duševno
1,dvaindvajset
1,dvainštirideset
1,dvakrat
1,dvakrat,
1,dvakrat.
1,dvakratna
1,dvanajst
1,dvanajst.
1,dvanajsta
1,dvigalo
1,dvigalo.
1,dvignem
1,dvigni
1,dvignil
1,dvignila
1,dvignilo.
1,dvojčka
1,dvojčka,
1,dvojne
1,dvomi,
1,dvorišče
1,dvorišče.
1,dvorišču.
1,dvornega
1,dvoživke.
1,džamiji?
1,džez
1,džunglo.
1,edina
1,edina,
1,edini,
1,edino
1,egipt
1,egipt?
1,ekskurzijo.
1,elegantni.
1,elegantno
1,elegantno.
1,elena
1,elza
1,en.
1,enak.
1,enaka
1,enaki
1,enakih.
1,enako.
1,ene.
1,enega.
1,enemu.
1,energija
1,energijske
1,energijskimi
1,enih
1,enkrat,
1,enostavno,
1,enota
1,epilog.
1,epinefrin.
1,e-pošta
1,e-pošto.
1,evakuirati
1,evgen
1,facebook
1,fanatik.
1,fanta!
1,fanta,
1,fasadi
1,faza
1,februarja.
1,februarju
1,fig!
1,figuro
1,filma
1,filme,
1,filmi
1,filozofija
1,fino
1,fizika.
1,fjordov.
1,fliper
1,floro.
1,fosfor
1,franci
1,frizuro
1,funkcije
1,funkciji.
1,funt
1,gaj
1,gal
1,galebe,
1,gangsterji
1,garati
1,garažo.
1,gašper
1,gigabajtov
1,git
1,glad
1,gladijo
1,gladko.
1,glas
1,glas,
1,glasbe,
1,glasbeni
1,glasbo.
1,glasen.
1,glasnejši
1,glasnemu
1,glasnim
1,glasno
1,glasovanje,
1,glasovati.
1,glav
1,glava,
1,glava.
1,glave
1,glavi,
1,glavi.
1,glavni
1,glavno
1,glavno,
1,glavobol
1,gledal.
1,gledali
1,gledališču?
1,gledati
1,gledati.
1,glede
1,glej,
1,gleženj.
1,glinenih
1,glino
1,globine.
1,globok
1,globoko.
1,gnezda.
1,gnezdo
1,gnezdu
1,gnile
1,gnilega
1,gnojišču
1,gnojiti.
1,godec
1,godi.
1,gola
1,golfa.
1,goljuf.
1,goljufanju
1,golobov.
1,goni
1,gor,
1,gor.
1,gor?
1,gora
1,gora.
1,gorah
1,gore
1,goreti.
1,gori
1,gori,
1,gori.
1,goro
1,goro!
1,gorsko
1,gos.
1,gospa!
1,gospa,
1,gospa?
1,gospod!
1,gospod,
1,gospod.
1,gospodar.
1,gospodarita.
1,gospodarjev.
1,gospodarju.
1,gospodinji
1,goste
1,gostejša
1,gostilni.
1,gotovini
1,gotovini?
1,govedina
1,govejega
1,govori!
1,govoric!
1,govorice.
1,govorijo
1,govorijo,
1,govorijo.
1,govoril
1,govorila.
1,govorim?
1,govoriš
1,govorite,
1,govorite.
1,govoriti!
1,govoriva
1,govorjenja?
1,gozd
1,gozd,
1,grad,
1,gradijo
1,graditi.
1,gradu
1,gradu.
1,graja
1,grajamo,
1,grajati
1,gram
1,grb.
1,grde
1,grdo
1,grdob
1,grdoba.
1,grebenu.
1,gredo
1,gregor
1,grehe.
1,greje,
1,grenak.
1,grenčica,
1,grenka
1,grenko.
1,grenkoba.
1,grešnik
1,greste
1,greta
1,greva
1,grize.
1,grizeš.
1,grizi,
1,grlo.
1,grmenje
1,grmovja.
1,grmovje
1,grobov,
1,grobu,
1,groma.
1,grozdje
1,grozdni
1,grozi
1,grozi,
1,grozni
1,grozno,
1,grozno.
1,grški
1,guma
1,gumba!
1,gumijastih
1,gumo.
1,halja
1,halucinacije.
1,hans
1,haso
1,he.
1,hecaš?
1,heimlichov
1,helena.
1,helikopterjem
1,heroja
1,hidratov.
1,hihitati!
1,hiperbarični
1,hipertrofija
1,hipotezah.
1,hiša.
1,hiše
1,hiše,
1,hiše.
1,hiše?
1,hiši,
1,hiši?
1,hišnega
1,hišo
1,hišo.
1,hišo?
1,hitijo
1,hitijo,
1,hitra
1,hitre
1,hitreje,
1,hitrim
1,hitrostmi
1,hkrati
1,hlačah
1,hlače
1,hlače.
1,hlačne
1,hladen
1,hladna.
1,hladne
1,hladnem
1,hladni
1,hlapce.
1,hlapec.
1,hleb
1,hleba
1,hlepi,
1,hlevov.
1,hlevu.
1,hlod
1,hoče,
1,hoče.
1,hoče?
1,hočem
1,hodil
1,hodiš!
1,hodita
1,hoditi
1,hoduljah.
1,hojo.
1,hopsanje
1,hosta:
1,hotel,
1,hotel?
1,hotela,
1,hrabrim
1,hrabrosti.
1,hrana.
1,hrana?
1,hrane
1,hrane?
1,hranilnica.
1,hranite
1,hrano!
1,hrbtom;
1,hrbtu
1,hrepeni
1,hriba.
1,hrom
1,hrošč
1,hrošče?
1,hrup?
1,hrupni
1,hrupni.
1,hruške
1,hude
1,hudiča,
1,hudičev
1,hudičevo
1,hudiču
1,hudo!
1,hudo.
1,hugojevo
1,huje
1,hujšega
1,hujši
1,huligan.
1,hura,
1,hvala.
1,hvaležen
1,hvaležnost
1,hvali.
1,hvalimo,
1,hvaliti.
1,idealno
1,idejo
1,idejo.
1,identificirate.
1,ideologiji
1,idol,
1,iger.
1,iglo
1,igor
1,igra,
1,igrač
1,igrače.
1,igrajmo
1,igral
1,igrala
1,igranje
1,igraš
1,igrati
1,igri
1,igri.
1,igrišču.
1,igro.
1,ihtel
1,iluzij
1,imajo,
1,imamo,
1,imaš!
1,imaš?
1,imate.
1,imava
1,ime.
1,imeli,
1,imeli.
1,imelo
1,imena.
1,imenom
1,imenu.
1,imenujeta
1,imeti,
1,imeti.
1,imeti?
1,impresivni,
1,imun
1,ina
1,ines
1,informacije
1,intelektualna
1,internetna
1,inventar?
1,ironije
1,iščejo
1,iščeš
1,iščite.
1,iskali!
1,iskanju
1,iskra
1,iskre
1,iskreni
1,iskrenost
1,islamski
1,islandijo?
1,ista
1,isti
1,iti.
1,ivo
1,izabele?
1,izberete
1,izberi
1,izberite
1,izbije
1,izbira.
1,izbiraj
1,izbiri
1,izboljša
1,izboljšanje
1,izbral
1,izbral.
1,izbrali
1,izbrani
1,izbrati
1,izbrisati
1,izbriše.
1,izbriši
1,izda.
1,izdaja
1,izdajajo
1,izdala
1,izdelano
1,izenači
1,izginil
1,izginil.
1,izginiti!
1,izgleda,
1,izgledala
1,izgledala?
1,izgledaš
1,izgnana.
1,izgovor
1,izgovori,
1,izgovorjena,
1,izgubi.
1,izgubili.
1,izgubimo,
1,izgubimo.
1,izgubiš,
1,izgubiš.
1,izgubite
1,izgublja.
1,izgubljaj.
1,izgubljen,
1,izgubljeni
1,izgubljeno.
1,izgubo
1,izgubo.
1,izhlapela
1,izhod,
1,izjava
1,izkazal?
1,izkazalo.
1,izkaže.
1,izkljuje
1,izklopiti.
1,izkoristi
1,izlet
1,izlije
1,izmed
1,izmeri
1,izmerijo
1,izmerljive
1,izmišljuješ.
1,izmodri
1,iznajdljiv,
1,iznajdljivosti.
1,izobrazbe
1,izogiba,
1,izogibaj
1,izognejo
1,izpadejo.
1,izpela.
1,izpil.
1,izpoje.
1,izpopolnjena
1,izposodili
1,izposodim
1,izpusta
1,izraza
1,izrazil.
1,izreče
1,izrežite
1,izuma.
1,izvajata
1,izvedbi.
1,izvedi
1,izvije.
1,izvir.
1,izvirni
1,izviru
1,izvoli.
1,izvoz
1,izvršil
1,izvršni
1,izziv.
1,ja
1,jabolčna
1,jabolka
1,jabolko?
1,jadri.
1,jadrnico.
1,jagnjetine.
1,jagode
1,jagode.
1,jahača
1,jahajo.
1,jahalnega
1,jahati
1,jajc.
1,jajca
1,jajca,
1,jajca:
1,jajce
1,jajce.
1,jajcem.
1,jakno
1,jakob
1,jamajki?
1,jambora!
1,jamčiš
1,jami.
1,jana
1,janeza,
1,januarju
1,japonske
1,japonskem?
1,jasna
1,jasni,
1,jasno,
1,jate
1,java
1,javascript.
1,javni
1,javor
1,jed,
1,jed.
1,jedel
1,jedi,
1,jedrska
1,jekla
1,jekla.
1,jela.
1,jelu,
1,jem,
1,jemlje,
1,jemlje.
1,jenov.
1,ješ.
1,jeseni
1,jež
1,jezen.
1,jezera.
1,jezero
1,jezeru
1,jezik,
1,jezika
1,jezika,
1,jezikom
1,jezikov.
1,jeziku.
1,jezna.
1,jezne
1,jezo
1,jezo.
1,jezu.
1,jima
1,jo,
1,jo.
1,joče
1,joče.
1,jočeš?
1,jodlati?
1,jogo.
1,joj,
1,joka.
1,jokaj
1,jokom,
1,jopica
1,joško
1,ju
1,juga
1,jugu.
1,juha
1,juhe.
1,juhi.
1,juho.
1,jukebox.
1,juliju
1,junaka
1,junakov
1,juniju
1,jurij
1,jutranja
1,jutrišnji
1,jutro,
1,jutro.
1,jutru
1,južna
1,kabel,
1,kačje
1,kačo.
1,kad
1,kadi,
1,kaj,
1,kajenje
1,kajneda?
1,kakava.
1,kakorkoli
1,kakorkoli.
1,kakršna
1,kakšnega
1,kamenjem.
1,kaminom
1,kamni
1,kamni.
1,kamnitem
1,kamnom.
1,kamnu.
1,kanado.
1,kandidatov,
1,kanjon!
1,kanjona.
1,kante
1,kaos.
1,kapi
1,kapitalizma.
1,kapitan,
1,kapitana.
1,kapljice
1,kapljo
1,karamelne
1,karamelo.
1,karikature.
1,karin
1,karkoli
1,karl
1,karte
1,kartica.
1,kartico,
1,karto
1,kaše
1,kaseto
1,kašlja
1,kašlja,
1,kasneje!
1,kasneje.
1,kašo
1,katarino?
1,katastrofalno.
1,kategorija
1,katera
1,katere
1,katerikoli
1,katerim
1,katoliški
1,katranom.
1,kavarno?
1,kavč?
1,kave.
1,kavo.
1,kažejo
1,kazen
1,kaznuje.
1,kdajkoli
1,kemijska
1,kenguruji
1,kesanja.
1,kesanje.
1,kesanjem.
1,kevin
1,kg
1,kilave
1,kilo
1,kilogramov.
1,kilometre.
1,kima.
1,kimal
1,kino
1,kirurg.
1,kirurgija
1,kisa.
1,kislina
1,kitajske.
1,kitare!
1,kitov
1,klan
1,klavnice.
1,klepet
1,klešče
1,klešče,
1,klesti
1,kletke!
1,kletki.
1,klevete
1,kliče.
1,ključavnica:
1,ključavnici.
1,ključe
1,ključi?
1,kljukica
1,kljukice
1,klobasa
1,klobuk
1,klobuk!
1,klobuka.
1,klonirati
1,klop
1,kmetov.
1,kmetova
1,kmetu
1,kmetu,
1,knez
1,knjig
1,knjige
1,knjigo
1,knjižnica
1,kobila
1,kobilica;
1,kočijaža
1,kockarjevo
1,kocke.
1,koda
1,kode.
1,kodiranje.
1,kodo
1,kokic.
1,kokicami?
1,koklje
1,kokoši
1,kokošji
1,koledarju
1,koledarju.
1,kolega
1,koleno.
1,koles.
1,kolesa.
1,kolesih.
1,kolesom.
1,kolesu
1,koli
1,količinah
1,kolo
1,komaj
1,komori
1,kompasa.
1,kompromis.
1,komunizem
1,končalo?
1,končani.
1,končati
1,koncev,
1,končno
1,koncu
1,konflikt?
1,konico
1,konj,
1,konj.
1,konja,
1,konjenika.
1,konjsko
1,kontekst
1,kontra
1,konvekcije.
1,kopal,
1,kopanju.
1,koper.
1,kopito
1,koprivo,
1,koprivo.
1,korak,
1,korak.
1,koraka
1,koraki.
1,korakom
1,korakom.
1,koreja
1,korenin
1,korenine,
1,korenje,
1,korist
1,korist.
1,koristen,
1,koristi.
1,koristile.
1,koruzo
1,koš.
1,kosa.
1,košare.
1,košaro
1,košaro.
1,košate
1,koščenim
1,kose.
1,kosi
1,kosila.
1,kosilnica
1,kosmičev
1,kost
1,kostanja
1,kosti.
1,kot,
1,kotu,
1,kotu.
1,kovač
1,kovač.
1,kovance
1,kovance.
1,kovanec
1,kovine.
1,kovino
1,kovinske
1,koza
1,kozarce
1,kože
1,kože,
1,koži.
1,kožne
1,kozolec
1,kožuh
1,kožuha,
1,kraj
1,kraj,
1,kraja,
1,krajev,
1,krajnc
1,krajša,
1,kralj!
1,kralj,
1,krapi
1,krasna
1,krasno.
1,kratica
1,kratka;
1,kratkih
1,krav.
1,krava
1,krava,
1,kravata
1,kravca.
1,krave
1,kravo
1,krčmar,
1,krčmarjeva
1,krčme
1,krčmo.
1,kreditno
1,kresilna
1,kretena!
1,krhka.
1,krhkejši
1,krhki
1,kriči.
1,kril.
1,krila!
1,krila.
1,krilih.
1,krilom?
1,kriptona.
1,kristina
1,kristjan
1,kriv,
1,kriv.
1,krivil,
1,kriviš
1,kriviti
1,križ;
1,krmila.
1,krogel.
1,krokodilu.
1,kroma.
1,krompirja
1,krona
1,kronološkem
1,krotiš
1,krpo
1,krt
1,kruha.
1,kruhek
1,kruhom
1,kruhu.
1,krzna.
1,krzno
1,ksenofobi
1,kuga.
1,kuhalnico.
1,kuhalo
1,kuhan
1,kuhar.
1,kuharica.
1,kuharjev
1,kuhati
1,kuhinjske
1,kulijem.
1,kulta
1,kumare.
1,kumaric?
1,kup
1,kupca.
1,kupcem.
1,kupcev.
1,kupčij
1,kupcu
1,kupec
1,kupi
1,kupil
1,kupila
1,kupljene
1,kupuje.
1,kurative.
1,kvari
1,labod
1,labod,
1,lačen.
1,lačna
1,lačni
1,lačni.
1,ladijski
1,ladja
1,ladjedelnica.
1,ladji
1,ladjica,
1,ladjo.
1,lagal
1,lahke,
1,lahkomiselnosti
1,laja.
1,lajati,
1,lajež
1,lakomnemu
1,lakomnež
1,lakoto
1,lana
1,lani.
1,lara
1,las,
1,las.
1,lase
1,lase?
1,laskave
1,lastna
1,lastnega,
1,lastnik
1,lastnina.
1,lastovka
1,laž!
1,laž.
1,laže
1,laže.
1,laži
1,laži,
1,lažna
1,lažne
1,lažni
1,lebdeli
1,led,
1,led.
1,ledena
1,ledeno
1,ledu.
1,legitimno.
1,lekarno
1,lekarno,
1,len.
1,leni.
1,lenoba
1,lenuh
1,leomiosarkmom.
1,leonard,
1,leopard
1,lep,
1,lepa.
1,lepe.
1,lepilo
1,lepimi
1,lepo!
1,lepote.
1,lepotička
1,lesa.
1,lesen
1,lesenem
1,lesenih
1,leseno
1,lešnik
1,lestvica.
1,lesu,
1,lesu.
1,leta,
1,leta.
1,letalo.
1,letalom
1,leteči
1,leteti,
1,leteti.
1,letine
1,letos
1,letu
1,letu.
1,lev
1,leve
1,levje
1,ležal
1,ležati
1,leži,
1,liama
1,lije.
1,lima
1,limon
1,limonina
1,lincoln
1,liniji.
1,lipa
1,lisico
1,lisico.
1,lista.
1,liste.
1,listek
1,listi
1,listje
1,listje.
1,listov.
1,listu.
1,liza
1,ljube,
1,ljubica
1,ljubil,
1,ljubil.
1,ljubila.
1,ljubim
1,ljubim,
1,ljubimca,
1,ljubimčevo
1,ljubimec
1,ljubimo
1,ljubljano.
1,ljubljen
1,ljubljenčka.
1,ljubo
1,ljubosumen
1,ljubosumen,
1,ljubosumen?
1,ljudeh
1,ljudi,
1,ljudi?
1,ljudje.
1,ljudje?
1,ljudožercev.
1,ljudstvo
1,logaritemska
1,logična,
1,lojzka!
1,lok.
1,lomi.
1,lomijo.
1,lomljene
1,lončar
1,lonce
1,lonček
1,lonci
1,loncu,
1,loncu.
1,londonu.
1,lopat.
1,lopove
1,loputo,
1,lošča.
1,lososa.
1,lotevaj
1,lov.
1,lovcem
1,lovci,
1,lovil
1,loviš
1,lovit!
1,lovu
1,luč.
1,luč?
1,luči
1,luči,
1,luknja
1,luknjo.
1,lun
1,lunin
1,lupina.
1,lušten.
1,lutka.
1,lutko
1,m
1,maček
1,mačka.
1,mačke,
1,mačke?
1,mačko,
1,madež
1,madež.
1,madeže
1,madežev.
1,mafije.
1,mah
1,mahovine.
1,maja
1,majhen.
1,majhnega
1,majhnem
1,majhni
1,majhnih.
1,majico
1,majoneze?
1,mala
1,mala.
1,malarja.
1,male
1,malega
1,malih
1,malo;
1,malokdaj
1,mamim
1,mamo.
1,manjkajo.
1,mano
1,mano.
1,manšet
1,mapo
1,mar.
1,maram
1,mare
1,maribora
1,marija
1,marjana
1,marjetica.
1,marko?
1,marsikoga
1,marsu
1,marveč
1,maslo
1,maslom.
1,mastna
1,mat
1,matej
1,matematična
1,matematiki.
1,materinska
1,maternice,
1,matija.
1,matjaž
1,matjaž!
1,mavrice
1,mazač
1,meča
1,meča,
1,mečem
1,medeninasta
1,medeninastih
1,medeninastim
1,medenino.
1,medicinska
1,medicinske
1,medicinsko
1,medtem
1,medtem,
1,medu
1,meduzo.
1,medveda
1,medveda.
1,meglo.
1,mehak,
1,mehak.
1,mehanski
1,mehkega
1,mehko.
1,meja.
1,meje
1,mene,
1,meni,
1,meniha.
1,menim,
1,meniš!
1,menjava
1,menoj
1,menoj!
1,mentor.
1,mera
1,mera,
1,merijo
1,merimo
1,merkur.
1,mesa
1,mesa.
1,mešal
1,mesar
1,mešata.
1,meščan,
1,mesec,
1,mesec;
1,mesni
1,meso
1,mestih.
1,mesto,
1,mestu.
1,meter
1,meter.
1,metla
1,metlami.
1,mi.
1,mia
1,midva?
1,migrene.
1,miha,
1,mikajo,
1,mil
1,mila,
1,mila.
1,miline.
1,milo.
1,milosti
1,mimo
1,mimogrede
1,mina!
1,mine
1,mine,
1,mine.
1,mineta.
1,minilo?
1,minina
1,minljiv
1,minuto!
1,mirnem
1,mirno.
1,miš.
1,miši.
1,mišice.
1,misijo.
1,miški.
1,miško
1,misli,
1,mislijo
1,mislil!
1,mislili.
1,mislili?
1,mislite
1,misliti!
1,misliti.
1,mitju
1,miza!
1,mizar
1,mizarju,
1,mize
1,mize,
1,mize.
1,mizi
1,mizi.
1,mizo
1,mlada
1,mlade
1,mlade.
1,mlademu
1,mladeniča
1,mladiče.
1,mlado.
1,mlajši.
1,mlatiti
1,mleko:
1,mlekom.
1,mletje
1,mlin
1,mlinarjev,
1,mlinarjeva
1,mlinskih
1,mnoge
1,mnogih
1,mnogim
1,množica
1,močan
1,močneje
1,močnejša.
1,močnejše
1,močni?
1,močno!
1,mode
1,moderne
1,modi.
1,modre
1,modremu
1,modrico.
1,modrih.
1,modrosti,
1,modruje,
1,modruje;
1,mogel.
1,mogoče?
1,mohamedom.
1,moj.
1,moji
1,mojim
1,mojmir
1,mojster,
1,mojster.
1,mojstra.
1,mojstrica.
1,mojstroma.
1,mojstrova
1,mojstru
1,moke
1,moker
1,moker.
1,mokra
1,mokra.
1,mokro.
1,molčala
1,molčala.
1,molčali.
1,molčati
1,molči
1,molka.
1,monopol
1,moraš.
1,morata
1,morda,
1,more,
1,morilce
1,morja.
1,morje
1,morje,
1,morje.
1,morje;
1,mornarica
1,morske
1,moškega
1,moškega.
1,moškemu
1,moško
1,mošnja
1,mošnjičku
1,mošnjo
1,mošnjo,
1,most
1,mošt
1,most.
1,mostove
1,mostove.
1,moteč.
1,moti
1,motilo.
1,motnjo
1,motocikel
1,mož.
1,moža
1,moža.
1,možev,
1,možgane
1,možje
1,možnost.
1,mračni
1,mraz,
1,mraza.
1,mrežah.
1,mreže.
1,mreži
1,mrtvega
1,mučna
1,muh
1,muho.
1,muje
1,mujota
1,muka,
1,mukanje
1,muke
1,mulej
1,mulo
1,muzej
1,muzej.
1,muzika.
1,muzikanti
1,muzikanti,
1,nabijaj
1,nabira
1,nabiralnik.
1,načelniku.
1,način,
1,način?
1,načrt
1,načrt.
1,načrta
1,načrte.
1,načrtujejo
1,nadaljeval.
1,nadaljuje
1,nadaljujeva?
1,nadene
1,nadlegovati
1,nadloga.
1,nadmorski
1,nadomesti
1,nadomesti.
1,nadstropij.
1,nadstropju
1,nadstropju,
1,nadstropju.
1,nafto
1,naga.
1,nagemu
1,naglica
1,naglici,
1,nagnil
1,nagnjeno
1,nagubane
1,nahaja
1,nahranim,
1,nahranite
1,naj.
1,najbližjim.
1,najboljšim
1,najbrž
1,najde,
1,najdebelejši
1,najdejo
1,najdemo
1,najden.
1,najdena
1,najdeš
1,najdragocenejši
1,najdražje.
1,najduhovitejši
1,najem
1,najemnino
1,najhujša
1,najin
1,najini
1,najlepša
1,najlepša,
1,najlepše,
1,najlepše.
1,najljubša
1,najljubša!
1,najmanj,
1,najmočnejši
1,najnižje
1,najpametnejša
1,najpreprostejših
1,najredkejša
1,najslabše
1,najslabše.
1,najslajše
1,najslajše.
1,najsrečnejša
1,najsvetlejša
1,najtežje
1,najtežji.
1,naju
1,največja
1,najverjetneje
1,najvišji
1,naključju
1,naključna
1,naključno.
1,nakup
1,nakupa.
1,nakupuje
1,nalepko
1,naleti
1,nalog
1,naloga
1,nalogah.
1,naložite,
1,namazan
1,name
1,namen?
1,namena,
1,nameni
1,namenil?
1,namenjen
1,namenjena
1,namenjene
1,nameravaš
1,nameravate
1,namestil
1,namoči
1,nanjo.
1,naočniki,
1,naoljenih
1,napačna.
1,napačne.
1,napadajo,
1,napadla
1,napak.
1,napaka.
1,napake
1,napake,
1,napake.
1,napako
1,napeta.
1,napeti
1,napetost,
1,napihnjeno.
1,napis
1,napisali.
1,napisano
1,napišete
1,napišite
1,napišite,
1,napoj
1,napolnjena
1,naporno,
1,naporno.
1,napove.
1,napravi
1,napravi,
1,napravil
1,napravili
1,napraviti,
1,naprej!
1,naprej,
1,naproti,
1,napuh
1,narava
1,naravi.
1,naravna.
1,naravno
1,naredi!
1,naredi,
1,naredi?
1,naredil,
1,naredila
1,naredila.
1,naredili
1,naredili?
1,naredim.
1,narediš
1,naredite,
1,narejen
1,narejeni
1,nariši
1,narišite
1,narobe,
1,naroči
1,naročil.
1,naročilo
1,naročiti
1,narodno
1,naš
1,nasa
1,naša.
1,naše
1,našega
1,naseliti
1,naši
1,nasilja.
1,naslanjač.
1,naslanjal
1,naslednje
1,naslednjega
1,naslednjič
1,našli.
1,naslikanega
1,naslonil
1,naslovu.
1,nasmehnejo
1,nasmehnil
1,nasmehnil.
1,nasmehnite
1,nasmehniti.
1,nasmejan
1,nasmejanemu
1,nasmeten,
1,nastavi
1,nastop.
1,nastopi
1,nastopu
1,nasvet,
1,natisnjen.
1,natočil
1,naučijo
1,naučil
1,naučila
1,naučila.
1,naučimo
1,naučiš
1,naučiti
1,navada
1,navade
1,navade.
1,navadna
1,navadnim
1,navadno
1,navajen
1,navedeni
1,naveliča.
1,navijače.
1,navzočnosti
1,nazadnje
1,nazadnje?
1,nazaduje,
1,nazaj,
1,nazaj?
1,neaktiven
1,nebo
1,nebo.
1,nebu.
1,nečakinja?
1,nečistoč.
1,nečlanih.
1,nedelja.
1,nedolžen
1,nedopusten.
1,neenakosti.
1,negotovost.
1,nehaj!
1,nehajta
1,nehala
1,nehali
1,nehaš,
1,neizmerne
1,neizučen,
1,neka
1,nekako
1,nekam
1,nekaterih
1,nekaterim
1,nekje
1,nekomu
1,nekoristna
1,neljubljeni
1,nem.
1,nemčijo.
1,neme.
1,nemoči
1,nemogoče.
1,nemogočih
1,nenaden
1,nenadno.
1,neodgovorni
1,neokrnjena,
1,neonska
1,nepošteno
1,nepravilno.
1,neprecenljivi
1,neprehodna
1,nepreizkušenih
1,neprijetno
1,neprimeren
1,neprofitna
1,nered
1,nerjavečega
1,nese,
1,nesi
1,nesite
1,nesla.
1,nesmisel?
1,nespameten
1,nespametjo
1,nespečnost
1,nesprejemljivo,
1,nesramen!
1,nesreč.
1,nesrečen,
1,nesrečen.
1,nesreči!
1,nesrečna
1,nesrečnih
1,nesrečnimi
1,nesti
1,nestrpnež
1,netočnosti.
1,neučinkovito
1,neugoden
1,neuki
1,neumen!
1,neumna.
1,neumne
1,neumnega.
1,neumnem
1,neumnemu
1,neumni
1,neumno.
1,neumnost,
1,neumnost.
1,neuporabna
1,neuporabnih
1,neuporabno.
1,neurejenosti.
1,neuspeh.
1,neutrujena.
1,nevaren
1,nevarne.
1,nevarnejše
1,nevarnejši
1,nevarno,
1,nevarno.
1,nevarnost
1,nevednost
1,neverjeten.
1,neverjetna
1,nevesta
1,neviden
1,nevihte
1,nevihti.
1,nezakonito.
1,nezdružljivo
1,neznanec
1,neznanje
1,neznanka.
1,nežne
1,nežno
1,ničesar,
1,ničvredna
1,nihče.
1,nikjer!
1,nikogar.
1,nikomur.
1,niku,
1,nil,
1,nima,
1,nimaš
1,nimata.
1,nimava
1,ninino
1,nitka
1,nitko
1,nizek
1,nizka
1,nizka.
1,nizkega
1,njega.
1,njegovem
1,njegovih
1,njej.
1,njej?
1,njem.
1,njem?
1,njemu
1,njemu.
1,njemu?
1,njen
1,njenem
1,njeni
1,njih.
1,njihov
1,njihovi
1,njim.
1,njimi.
1,njimi?
1,njivama
1,njive.
1,no
1,no!
1,noč
1,nočemo
1,nočeš
1,nočeta
1,noči.
1,nočnim
1,nocoj?
1,nog,
1,noga
1,nogavice.
1,nogi.
1,nogomet
1,nogometne
1,nogometno
1,norca,
1,norca.
1,norčka.
1,nore
1,norec!
1,norosti.
1,norveška
1,nos,
1,noseča
1,nošenja
1,nosim
1,nosiš
1,nosiš?
1,nosita
1,nosite.
1,nositi.
1,nostalgija
1,nosu
1,not
1,notarjevim
1,notri
1,nov.
1,nova.
1,novak
1,novembru
1,novembru.
1,novic
1,novica.
1,novice
1,novice.
1,novih
1,novo.
1,novorojenček
1,novorojenček.
1,nož
1,nuja
1,nujnost
1,nuša
1,nutelo.
1,oba,
1,obali,
1,obarvajo
1,občini
1,občudujemo
1,občutek?
1,občutite
1,obdajal
1,obdelovati.
1,obdobje.
1,obdržati.
1,obdrži
1,obdrži.
1,obeduj
1,obeh
1,obeša,
1,obešaj
1,obesite
1,običaje
1,obira
1,obišče,
1,obiskal
1,objame.
1,objela.
1,objem!
1,objemam!
1,obkrožala
1,oblači
1,oblačil.
1,oblačimo
1,oblačne
1,oblak.
1,oblaki
1,oblaki.
1,oblakih;
1,oblast
1,obleče,
1,oblečeni
1,obleganje
1,obleka
1,obleka.
1,obleka?
1,obleke,
1,obleki
1,obleki,
1,obleko
1,obleko?
1,oblič
1,obliki
1,obliki.
1,obliko
1,oblikujte
1,obljub,
1,obljuba
1,obljube
1,obljubim,
1,obljubiš,
1,obljublja,
1,območju.
1,obnavljanje
1,obnese
1,obogatijo.
1,oboje.
1,obrabijo,
1,obrabljen.
1,obrabljeno
1,obrača
1,obrača.
1,obrambe.
1,obrambno
1,obrambo.
1,obratno.
1,obratov.
1,obremenjen
1,obrezuje
1,obrezuje,
1,obriše
1,obrišite
1,obrne
1,obrne,
1,obrni
1,obrnil
1,obrniti.
1,obrok
1,obrok.
1,obrti.
1,obrvi.
1,obšel
1,obstaja?
1,obstajati.
1,obstane.
1,obtožuje,
1,obuje.
1,obupa.
1,obupu.
1,obvaruj
1,obvestiti
1,obvezano
1,obvezna
1,obveznic.
1,očala
1,očesi.
1,očesom.
1,očeta
1,očeta,
1,očisti
1,očmi!
1,očmi.
1,ocvrto
1,odbije
1,odbiješ.
1,oddaljuje
1,oddata
1,odganjamo
1,odgovarjaj,
1,odgovor!
1,odgovoren
1,odgovoril
1,odgovorilo.
1,odgovorite
1,odgovorna
1,odgovorna?
1,odhajajo
1,odide,
1,odidemo?
1,odideš
1,odidi.
1,odišavljeno
1,oditi.
1,odkloniti
1,odkorakal
1,odkrije
1,odkril
1,odletel
1,odleti,
1,odličen,
1,odlična.
1,odlične
1,odlično,
1,odlično.
1,odloča
1,odločil
1,odločil.
1,odločitev.
1,odločiti,
1,odloženo
1,odložite
1,odnaša.
1,odnese.
1,odneseš
1,odobravajo
1,odpadli
1,odpelje
1,odpeljite
1,odpihne.
1,odpiraj
1,odpotoval
1,odpravljam?
1,odpravljaš
1,odprejo.
1,odpreti
1,odpri
1,odprl
1,odpro,
1,odpro.
1,odprta.
1,odprtih
1,odprtina
1,odprto
1,odpuščena.
1,odpusti
1,odrasli?
1,odrekla
1,odrežeš
1,odšel
1,odšel.
1,odšel?
1,odseli
1,odseliti,
1,odsev
1,odšla,
1,odšli?
1,odsoten?
1,odsotnost
1,odstopil.
1,odstopiš
1,odstotkov.
1,odstranil
1,odstraniti
1,odstranjuje
1,odtekla
1,odtenka.
1,odtrgajte
1,odvetnika
1,odvetnikom.
1,odvisno
1,odvrgli.
1,odziv
1,odziva.
1,ogenj:
1,ogenj;
1,oglasi
1,oglasi.
1,oglasili
1,oglasili.
1,oglasov.
1,oglate
1,ogledalo
1,ogledati
1,ogljikovih
1,ognja,
1,ognja.
1,ognjišču
1,ognju,
1,ograja
1,ograje.
1,ograjo
1,ograjo,
1,ogrlico.
1,ogrne.
1,ogrožen,
1,ogrska
1,oh...
1,ohcet
1,ohišje.
1,ohlaja,
1,ohranijo
1,ohranili
1,ojoj,
1,oklepaje
1,okna
1,oko,
1,okras
1,okrepil
1,okrepiš
1,okrog
1,okrogli
1,okus
1,okus.
1,okusa.
1,okusen.
1,okusil
1,okusna
1,okusne
1,okusnih
1,okusno?
1,okužena
1,okvare,
1,olajšala
1,olga,
1,oliva.
1,olja.
1,olje:
1,olje?
1,olju
1,omaka
1,omaka.
1,omara?
1,omare
1,omari
1,omari?
1,omarja?
1,omogoča
1,omogočam.
1,on.
1,on?
1,onemogel
1,oni,
1,opažen!
1,opazi
1,opazovalca.
1,opazuje
1,opeče
1,opek.
1,opira
1,opisal.
1,opisal?
1,opiši
1,opogumi
1,opoteča.
1,opoteča;
1,opravičil.
1,opravičiti
1,opravil
1,opravil!
1,opravim.
1,opraviti
1,opravljena!
1,opravljenih.
1,opravo
1,opreme.
1,opremo.
1,oprošča.
1,oprostiš,
1,oprostite!
1,optimizem
1,oreh
1,oreh;
1,organizacija.
1,orje,
1,orkanov.
1,orkester
1,orla.
1,orodja.
1,oropajo
1,oropana
1,osamljena.
1,oseba!
1,osebi.
1,osebne
1,osebnost.
1,osel
1,osem
1,osemkrat.
1,osemnajst
1,osivi,
1,osla,
1,oslepi
1,osnova
1,osnutek.
1,osramoti.
1,osreči
1,ostaja
1,ostajaj.
1,ostal
1,ostala
1,ostali.
1,ostane,
1,ostanejo.
1,ostariš.
1,ostre.
1,ostrem
1,ostrina
1,ostriti
1,ostro
1,ostrog.
1,ostudne
1,osvajati,
1,osvetlil
1,osvetlitev
1,osveži.
1,osvežil
1,osvojil
1,osvojite
1,otežuj
1,otolaringologa.
1,otresti.
1,otroci.
1,otroka,
1,otroke
1,otrokom
1,otrokom!
1,otrokom.
1,otroška
1,ovacijami.
1,ovalni
1,ovca,
1,ovce
1,ovčji
1,ovco
1,oven
1,oves,
1,ovil
1,ovinek?
1,ovirajte.
1,ovirata
1,ovratnik.
1,ovseni
1,ozdravil
1,ozdraviti
1,oženi.
1,oživijo
1,ozka
1,ozka.
1,označen
1,označite
1,označujeta
1,oznako
1,ozrl
1,ozrla
1,ozrla.
1,pa,
1,pač
1,pacienti
1,padajoči
1,padavine
1,padcu
1,padec
1,padeš
1,padeš.
1,pahne
1,pajčevin,
1,pajek
1,palačinke.
1,paličice?
1,palico
1,palico,
1,palico.
1,pameten,
1,pameten.
1,pameti
1,pametnega
1,pametnem
1,panj
1,papež
1,papež.
1,papeža!
1,papirja
1,papirja.
1,papirnati
1,papirnica
1,paprika
1,par
1,para
1,paradižnika?
1,paradižnikova
1,pari
1,pariza
1,park,
1,parkinsonovo
1,parkiranega
1,parkirni
1,paro.
1,partija.
1,partnerja.
1,past,
1,past.
1,pasta
1,pasti
1,pastirjema
1,patetična.
1,pavla
1,pavza
1,pavza.
1,pazi,
1,pazite
1,pečatov
1,pedal
1,pekarna
1,pekel.
1,peklom
1,peko.
1,peli
1,peljal
1,peljala
1,pelje,
1,penasta
1,penicilin.
1,pepel
1,pere.
1,perilo
1,peruja.
1,peš.
1,peščena.
1,peščeni
1,pesek
1,pesem.
1,pesimist!
1,peska,
1,peskom.
1,pesmi
1,pesmi,
1,pest.
1,pesti
1,pestjo!
1,peta
1,petah
1,petami,
1,peti.
1,petih
1,petih.
1,petindvajset
1,petindvajsetega
1,petnajst.
1,petra
1,petra?
1,pice
1,piflarska
1,piha
1,pihajte
1,pihal
1,pihati
1,pijača
1,pijače?
1,pijači.
1,pijačo.
1,pijan
1,pijanec
1,pijani.
1,pije,
1,pijem
1,pikolovski.
1,pil.
1,pilot.
1,pina
1,pingvinu.
1,pisali
1,pisanju
1,pisarna
1,pisarne
1,pisarni
1,pisarniška
1,pisarno?
1,piščance
1,piščancev.
1,piščanci
1,piščančja
1,piščanec
1,piše
1,piše,
1,pišem
1,pišite
1,piškotov.
1,pismo.
1,pismu
1,pita
1,pita.
1,piti
1,pitje
1,pito.
1,piva
1,pivci.
1,pivo,
1,pižamo
1,pižamo.
1,plača,
1,plača.
1,plačaj,
1,plačal
1,plačal?
1,plačam
1,plačan
1,plačano
1,plačate
1,plačati
1,plačati.
1,plačniki.
1,plačo.
1,pladenj
1,pladnje
1,pladnju.
1,plamen,
1,plamena
1,plamena.
1,plamenom.
1,planira
1,planiran
1,plapolala,
1,plašen
1,plastenki
1,plasti
1,plastična
1,platforma.
1,platinaste
1,plava
1,plavajo
1,plavajoči
1,plavala
1,plavanje.
1,plavati:
1,plavolasec
1,plaža
1,plaže
1,plaži
1,plazil
1,plazilci,
1,plen.
1,plesalci
1,plesati.
1,plešavost.
1,plešejo.
1,plesen.
1,plesniv
1,plesno
1,plesom
1,plesu
1,plezalci
1,plimovanje
1,plin
1,plin.
1,plišasti
1,pljunil
1,pljuvale
1,pločevinasti
1,pločevinkah
1,plošč.
1,plošča
1,ploščice
1,ploskaj
1,plug
1,pluje
1,plujemo!
1,plus
1,pluta,
1,plutonij
1,pobegniti.
1,poberem
1,poberi
1,poberi!
1,pobirajo
1,pobočja.
1,pobrat
1,pobrije.
1,počakal
1,počakata.
1,počakati
1,počaščen
1,poceni
1,poči
1,počila
1,počila.
1,počistil.
1,počistiti.
1,počite
1,počitek.
1,počitnicami.
1,počiva.
1,počivaš.
1,počnejo?
1,počnem
1,počnemo?
1,počutil
1,počutim
1,počutiš
1,podarjenemu
1,podatke
1,podcenjuje
1,podcenjuješ
1,podira.
1,podjetju,
1,podjetju.
1,podkupnine
1,podlogo.
1,podmornici.
1,podnebje
1,podnevi,
1,podobne
1,podobnega.
1,podobnega?
1,podobni.
1,podobnim
1,podobno
1,podpisal
1,podpreti.
1,podreti.
1,podrli
1,podrobnosti.
1,podstavek?
1,podstrešju!
1,podstrešju.
1,poduhal
1,pogača.
1,pogače.
1,poganja
1,poganjajo
1,poganjata
1,pogleda
1,pogleda.
1,pogledati
1,poglej!
1,pogoltniti.
1,pogovarjala
1,pogovarjali
1,pogovarjam
1,pogovoril.
1,pogovorimo
1,pogovorite
1,pogovorom.
1,pogrejem?
1,pogrešaš
1,pogube
1,pogum.
1,poguma.
1,pogumen
1,pogumni
1,pogumnih.
1,pohištvo,
1,pohištvo.
1,pohištvo?
1,pohiti
1,pohodijo.
1,pohvala
1,poide,
1,poišči
1,poiščite
1,poizkusila
1,pojasnilo!
1,poje
1,pojedel
1,pojeden
1,pojedla
1,pojejo
1,pojejo,
1,pojem.
1,pojesti.
1,pojma.
1,pokaže,
1,pokažemo
1,pokažete?
1,pokimal.
1,poklical?
1,pokličeš
1,pokliči
1,pokliči!
1,pokličite
1,pokojni
1,pokopališča.
1,pokoplje
1,pokoplje.
1,pokosi
1,pokrij
1,pokrije
1,pokriti
1,pokriva
1,pokrivajte
1,pokrižala
1,pokrovom.
1,pokupil
1,pokusil
1,pokvarila.
1,pokvarjena.
1,pokvarjeno...
1,pol.
1,poleni.
1,poleti
1,poležaval,
1,policah.
1,police.
1,polici
1,policija
1,policije?
1,policijske
1,policisti
1,politika.
1,politiki
1,poliže,
1,polje.
1,polju;
1,poljub
1,poljubi
1,poljubljali
1,poljubov
1,polna.
1,polnega
1,polni
1,polnijo
1,polnim
1,polnoči.
1,polovica
1,polovico
1,položaj.
1,položi.
1,polprevodnik.
1,pomaga
1,pomaga.
1,pomagajo
1,pomagal.
1,pomagal...
1,pomagal?
1,pomagala
1,pomagalka,
1,pomagam
1,pomagam.
1,pomagam?
1,pomagate
1,pomagati
1,pomagati,
1,pomakni
1,pomanjkljivost,
1,pomaranč.
1,pome
1,pomembne
1,pomembno
1,pomembno.
1,pomen
1,pomenil
1,pometi
1,pomiri,
1,pomiriš,
1,pomisli,
1,pomislil,
1,pomislite
1,pomlad,
1,pomlad.
1,pomladi
1,pomniti.
1,pomoči.
1,pomočjo
1,pompom.
1,ponarejeni
1,ponedeljek.
1,poniža,
1,ponižuj
1,ponoči
1,ponoči.
1,ponoči?
1,ponos
1,ponudba
1,ponudil
1,ponuditi
1,pop
1,popek
1,popil!
1,poplača.
1,poplavilo
1,popoldne
1,popoldne?
1,popoln
1,popolna
1,popotnik
1,popotnikom?
1,popotniku
1,popra.
1,popraviti
1,popravlja
1,popravljaj
1,popularna?
1,popularno.
1,porabi
1,porabite
1,porcelanu
1,poročil
1,poročilo?
1,poročite
1,poroki
1,poroko,
1,poroko.
1,porota,
1,portugalske.
1,posadite
1,posebnega.
1,posedi.
1,posest
1,pošiljanje
1,poskoči
1,poškodoval
1,poškodovan.
1,poskrbite,
1,poskus
1,poskušal
1,poskušala
1,poskušali
1,poskusi
1,poskusu.
1,poslali
1,poslali.
1,posledice.
1,poslednji
1,poslih
1,pošlje
1,pošljejo
1,pošljem
1,pošljite
1,poslopje
1,poslovi.
1,posluša.
1,poslušaj.
1,poslušajte
1,poslušal.
1,poslušala.
1,poslušalcu
1,poslušali
1,poslušati,
1,posmeh.
1,posmehuje.
1,posnela
1,posneli
1,posnetkov.
1,posodi
1,posodi.
1,posodico
1,posodobitev
1,posojilo
1,pospešil
1,pospraviti.
1,pospravljati.
1,posreči.
1,posrečijo.
1,post
1,postale
1,postalo
1,postanejo
1,postaneš
1,postara.
1,postav,
1,postavil.
1,postavljaj
1,pošte
1,postelj.
1,postelji.
1,posteljo,
1,posteljo.
1,poštene
1,pošteno
1,pošteno!
1,pošteno,
1,postrežemo
1,postrežen
1,postrezite
1,posušen,
1,posušena
1,posuši
1,posuši,
1,posušijo.
1,posvečal
1,posvetoval
1,posvetuj
1,pot?
1,potapljača.
1,potegne.
1,potegnite
1,poteka
1,potekalo
1,potekel.
1,potekla.
1,poteklo.
1,potem.
1,potem?
1,potepenka;
1,potepuh
1,poteza
1,potezo.
1,poti!
1,poti,
1,potisne
1,potok
1,potok.
1,potomca
1,potone
1,potopom.
1,potovanje.
1,potovanju?
1,potovati
1,potreba
1,potrebe
1,potrebe.
1,potreben,
1,potreben.
1,potrebovali
1,potrebuje.
1,potrebuješ.
1,potrebujete
1,potrebujeva
1,potresel
1,potrka
1,potrpežljivi
1,potrpežljivost
1,potrti?
1,potuje
1,potuje.
1,poučevala
1,poučevanja
1,poučuje
1,povabil.
1,poveča.
1,povedali,
1,povedana.
1,povejte
1,povejte,
1,poveš
1,poveš,
1,poveš?
1,poveste,
1,povezava
1,povezavo
1,povezavo,
1,povezujete
1,povleči
1,povlecite
1,površje.
1,povsem
1,povzdiguje.
1,povzpeti
1,povzpne.
1,povzročajo
1,povzroči
1,povzroči,
1,pozabi
1,pozabi,
1,pozabi.
1,pozabil.
1,pozabiš.
1,pozabite
1,pozabite.
1,pozablja,
1,pozabljiv.
1,požar.
1,požari
1,pozdravite
1,poželi
1,poželi.
1,pozen.
1,pozna.
1,poznam.
1,poznamo.
1,poznaš
1,poznata
1,poznavanje
1,pozni
1,pozno,
1,pozno.
1,pozor!
1,pozor,
1,pozoren
1,pozorni
1,pozornost
1,pozornost.
1,požrešnost
1,požrl.
1,požrla.
1,prag
1,prag.
1,praga,
1,pragom.
1,prah
1,prah.
1,prahu
1,praktično
1,praproti
1,prašič!
1,prasica.
1,prašiči
1,praske.
1,prašna
1,prav!
1,pravda,
1,pravem
1,pravi?
1,pravica
1,pravična
1,pravične
1,pravični
1,pravijo
1,pravijo.
1,pravil.
1,pravila.
1,pravilom.
1,praviloma
1,pravim.
1,pravite,
1,pravite.
1,pravljice
1,pravni
1,pravo
1,praženi
1,praznega
1,praznijo
1,praznik
1,praznuje
1,prebode.
1,prebodenem
1,prebrala.
1,prebrali.
1,prebrati
1,precenjuje.
1,prečkajte
1,prečkal
1,predam
1,predavanje
1,predlagam
1,predlagaš
1,predlagaš,
1,predmet.
1,prednosti
1,prednosti.
1,predolga,
1,predolga.
1,predpostavimo,
1,predsodke
1,predstavljaš
1,predstavo
1,predvajalnik,
1,predvidevam,
1,predvsem
1,prefinjen
1,pregnati.
1,prehitra
1,prehitro
1,prehlad
1,prehladil.
1,preiskavo.
1,preiskujejo
1,preizkuša
1,preizkuša.
1,prej.
1,prej?
1,prejšnjem
1,prejšnjo.
1,prekinete
1,prekinil
1,prekinila
1,prekleta
1,prekletega
1,prekratek.
1,prekratka.
1,prekrij
1,prelaz
1,prelivati.
1,preluknjana
1,premagal
1,premagaš
1,premagate?
1,premagovanja
1,premaknil
1,premaknil.
1,premaknila
1,premakniti.
1,premika
1,premikal
1,premikal.
1,premislim!
1,premišljati
1,premišljujte,
1,prenaša.
1,prenesti.
1,prenočišča
1,preorješ,
1,preostaja.
1,preostalo
1,prepevajo.
1,prepirajo,
1,prepirajte
1,prepirata,
1,prepočasna.
1,prepolovljen.
1,prepovedala
1,prepovedano.
1,prepozno,
1,prepredle.
1,prepričal
1,prepričan,
1,prepričan?
1,prepričani,
1,preproga
1,preprogi.
1,preprogo
1,preprost.
1,preprosto.
1,prepuščam
1,prepusti
1,prerada
1,prerekanju.
1,presahnejo.
1,preseda.
1,presenečen.
1,presenečena.
1,presenečenje.
1,presenetljiva.
1,preseže
1,preskočiti
1,preslišal
1,preslišati.
1,presojanje
1,prestavil,
1,prešteval
1,presti,
1,prestolu.
1,prestrašena
1,prestrašeni.
1,prestraši
1,prestrašili.
1,prestrašiti.
1,preteklosti
1,pretentali!
1,pretežko.
1,pretvarja.
1,pretvarjamo
1,prevaro
1,preveč,
1,preveč.
1,preveč?
1,preventiva
1,preveril
1,preverili.
1,previden!
1,previden.
1,previdni
1,previdni.
1,previdnost
1,previsoko.
1,prevoziti
1,prevroče.
1,prevrteli
1,prevzemi
1,prevzetnost
1,prezir.
1,prho.
1,pribita
1,približno
1,priča,
1,pričajo
1,pričakoval
1,pričakovala?
1,pričakuješ,
1,priče,
1,pridejo
1,pridejo,
1,pridelek.
1,pridelovanje
1,pridi,
1,pridi.
1,pridigat
1,pridirja
1,pridite,
1,pridobi
1,pridobiš,
1,pridobita.
1,pridobivamo,
1,pridobljeno,
1,pridružili,
1,prihaja.
1,prihajajo
1,prihajajo,
1,prihajam
1,prihodnost.
1,prihrani
1,prihranjen,
1,prijatelj,
1,prijatelj?
1,prijatelja.
1,prijatelje
1,prijatelje.
1,prijateljem.
1,prijateljstva.
1,prijaviti.
1,prijaznejša
1,prijazno
1,prijel
1,prijela
1,prijem?
1,priklenjen,
1,priklopimo
1,prikoplje.
1,prikuha
1,prilagajati?
1,prilagodljivi
1,prilega
1,prileti
1,prilezeš,
1,priljubljena
1,priložnost
1,priložnosti
1,primarna
1,primemo.
1,primer.
1,primere
1,primere.
1,primeren
1,primerjava
1,primerna
1,primeru
1,primeš
1,primi
1,prinašajo
1,prinašalka
1,prinese,
1,prinesem
1,prinesemo
1,prinesi
1,prinesite
1,pripadajo
1,pripeljal
1,pripeljala
1,pripelje
1,priplava
1,pripombe
1,priporočilo.
1,pripravi
1,pripravite
1,pripraviti,
1,pripravljeno
1,pripravljeno.
1,prireditev.
1,prirezuje
1,prisego
1,prišel.
1,prišel?
1,priseljenec
1,prišli
1,prišli,
1,prišli?
1,prisluži,
1,prispel
1,prispeli
1,pristanku.
1,pristopil.
1,priti?
1,pritiskom.
1,pritisnila
1,pritlikavec
1,pritožijo.
1,pritrdite
1,privabijo
1,privije,
1,privila
1,privlačna,
1,privlačno
1,privošči,
1,prizadel.
1,prizadeneta.
1,prizanaša
1,priznaj
1,priznam.
1,priznanje
1,priznati
1,prizor
1,prizorišče
1,prodajaj
1,prodajalno
1,prodajnih
1,prodajte
1,prodala
1,prodane.
1,prodrejo
1,program.
1,programer.
1,programske
1,programu.
1,proktolog
1,promet.
1,prosil,
1,prosim!
1,prosim?
1,prosimo,
1,proste
1,prostitutke
1,prostor
1,prostora
1,prostovoljci
1,prožiš
1,prstan
1,prstana
1,prste.
1,prtljaga.
1,prve
1,prvega
1,prvemu
1,prvim
1,pšenica.
1,psihopati
1,psom.
1,ptic
1,ptič,
1,ptica,
1,ptica.
1,ptica;
1,ptice
1,ptici
1,ptiči
1,pudri
1,puloverju
1,pultu
1,pultu?
1,puščajte
1,puščica
1,puščico
1,pustile
1,pustili.
1,pustite
1,pustolovščina
1,putin.
1,rabljen
1,rac!
1,račke
1,računalnik
1,računov.
1,rada,
1,rada.
1,rade
1,radi,
1,radikalen.
1,radioaktivna.
1,radost.
1,radoveden
1,rafael
1,rahel
1,raj
1,rajši
1,rajsko
1,raju.
1,raketo.
1,rakom
1,rakov.
1,rakuni
1,ramenih.
1,rami.
1,ran.
1,rana
1,rane.
1,rani
1,ranijo,
1,rasko
1,raste,
1,rastejo
1,rasteta
1,rasti
1,raven.
1,ravna
1,ravna.
1,ravnajte
1,ravnati,
1,ravnih
1,ravnilo.
1,ravnino.
1,ravno
1,ravnotežja.
1,razbiješ,
1,razbil
1,razbito
1,razčistimo,
1,razdalja
1,razdelite
1,razdor
1,razen
1,razen,
1,razglasi.
1,razgori.
1,raziskave.
1,razjezi
1,razjokal.
1,razkolje
1,razkosana
1,razkritju.
1,razlago.
1,različico?
1,različna
1,različni.
1,razlila
1,razlitim
1,razloga
1,razmerje
1,razmetano.
1,razmislil.
1,razmislite
1,razmišljajo,
1,razmišljal.
1,razmišljaš.
1,razmišljati
1,razpetimi
1,razpoke.
1,razpoko
1,razpolovil
1,razpotju
1,razprla,
1,razpustite
1,razredu
1,razredu.
1,razsedla
1,razsipa
1,razsodila
1,razsvetlilo
1,raztegujejo
1,raztezala
1,raztrgal
1,razum,
1,razumeli.
1,razumem,
1,razumeš,
1,razumeta?
1,razumete,
1,razumete?
1,razumeti
1,razumevanje.
1,razumevanju.
1,razumljivo.
1,razumnemu
1,rdeča,
1,rdečih
1,rdečo
1,reč
1,reče.
1,rečem
1,rečem.
1,recepta.
1,rečeš?
1,rečete
1,reci
1,reči
1,red.
1,redek
1,redka.
1,redkega
1,redki
1,redu?
1,reflektor.
1,refren.
1,reka,
1,reke
1,rekel!
1,rekla?
1,rekli?
1,rep.
1,replicirati.
1,repom
1,repozitorija.
1,res!
1,rešen.
1,reševalna
1,reši
1,rešila
1,rešimo
1,rešiš,
1,rešitev
1,rešitev.
1,rešiti
1,resničen,
1,resnici,
1,resnična
1,resnična.
1,resnične
1,resničnih
1,resnico?
1,resno.
1,restavracija
1,restavraciji.
1,rešuje
1,reven.
1,revež
1,revež.
1,revežu
1,revni
1,revolverjem.
1,rez
1,rezanci
1,rezanju
1,rezano
1,reže
1,rezerviran
1,rezervni
1,rezervoar
1,rezervoarja
1,rezervoarju.
1,rezine.
1,rezultat
1,rezultat.
1,rib
1,riba,
1,ribe,
1,ribe.
1,ribi
1,ribiška
1,ribolov.
1,rim
1,rini
1,risank?
1,riti?
1,ritmu.
1,riž
1,rja
1,rjave
1,rjave.
1,rjave?
1,rjavega
1,rjaveti,
1,rjavijo.
1,rob
1,roba
1,robček.
1,roblek
1,robov.
1,robova
1,ročico
1,rodi,
1,rodi.
1,rog.
1,rogata.
1,roge,
1,rojeva
1,rojstvo
1,rok.
1,roka,
1,rokah
1,rokah.
1,rokami
1,rokami.
1,rokavic.
1,rokavice.
1,roman
1,roman;
1,romuniji.
1,ronaldom.
1,rop.
1,roparica
1,rosa,
1,rosa;
1,rotim
1,rože
1,rugbyjem.
1,ruleto
1,rum!
1,rum.
1,rumena
1,rumena.
1,rumeni.
1,rumom,
1,ruščini?
1,ruševinah.
1,rusije
1,rušijo
1,rusko
1,sabo.
1,sad.
1,sadil,
1,sadimo,
1,sadja
1,sadjar.
1,sadje,
1,sadje?
1,sadove
1,sadove.
1,sadu
1,šah.
1,šah?
1,šahist.
1,šahov,
1,šahovska
1,saksofon
1,saksofon.
1,šala.
1,salama.
1,šališ
1,šališ.
1,šalite
1,šaljivec
1,šalo
1,šalo.
1,šalša
1,sama,
1,samba!
1,same
1,samega
1,samem
1,samemu
1,sami.
1,samoljubje
1,samomorilen.
1,samomorilski
1,samoti.
1,samozavest
1,sandra!
1,sanja.
1,sanjah
1,sanjal.
1,sara,
1,sardele
1,šarija.
1,sarkazem
1,saturnovih
1,ščepec
1,ščiti
1,ščurki.
1,še?
1,sebe,
1,sebičnosti.
1,seboj.
1,sedaj.
1,sedaj?
1,sedanja.
1,sedanjosti.
1,sedel.
1,sedel?
1,sedela
1,sedem,
1,sedemdesetih.
1,sedemkrat.
1,sedemsto
1,sedeti
1,sedež.
1,sedeži
1,sedežnica
1,sedi
1,sedi.
1,sedijo
1,sedim?
1,sedimo.
1,sediš
1,sedli.
1,šef
1,šeg
1,šega
1,sejal,
1,seje
1,seje,
1,sejem,
1,sejem.
1,sejete,
1,sekaš,
1,sekira
1,sekira,
1,sekundo
1,sel
1,šele,
1,sem!
1,seme
1,semena.
1,semeni.
1,semensko
1,semenu
1,sena.
1,sence
1,senco.
1,seno.
1,senu.
1,šepa.
1,september.
1,septembra.
1,sesalci.
1,šest
1,šest.
1,sestanek.
1,sestavljajo
1,sestavljena
1,šestdesetimi
1,šestnajst
1,sestra?
1,sestre.
1,setev
1,seveda!
1,seveda,
1,seveda.
1,severna
1,severu,
1,seže
1,sezname
1,sezona
1,sheldon.
1,sheldona
1,shranite
1,si.
1,šibkega
1,šibkim,
1,sicer
1,signale.
1,sijaj
1,sijaj,
1,sijajne
1,sijal
1,sije.
1,sijejo,
1,sila,
1,šildkapa
1,silo
1,silo.
1,simptomih.
1,simulacija
1,sin.
1,sindrom
1,singapurju?
1,sinko.
1,sinoči
1,sinuse.
1,sira
1,široke
1,široki
1,sirom.
1,siromak
1,sirovo
1,sirup
1,sistem!
1,sistem,
1,sistem.
1,sitega
1,situ
1,situacijo.
1,šiv
1,šiva.
1,šivanka
1,sive
1,skače
1,skalah.
1,skalo
1,škarje
1,škatla
1,škatle
1,škatli
1,škatlo.
1,skedenj
1,skedenj.
1,skisa.
1,skleda.
1,sklepaj
1,skloni
1,skočila
1,skočiš.
1,škoda,
1,skodelici.
1,škodljiva
1,škodo
1,škodo.
1,skok
1,skopuh,
1,škornja.
1,skotila
1,skrb.
1,skrbi!
1,skrbi.
1,skrbite.
1,skrbnost
1,skregajo,
1,skrije
1,skrinji
1,skrit
1,skrivamo,
1,skrivati
1,skrivnost.
1,skrivnost?
1,skrivnostna
1,skrivnostno
1,skromna
1,skromni.
1,skromnost
1,skuha.
1,skuhati.
1,skup
1,skupine.
1,skupna
1,skupnega.
1,sla
1,slabega
1,slabo,
1,slabo.
1,slabosti.
1,slabotno
1,slabovoljen
1,slabši
1,sladak,
1,sladek
1,sladke
1,sladkega.
1,sladko.
1,sladkorja.
1,slajša
1,slajše.
1,slama
1,slama?
1,slami;
1,slamnatem
1,slamo.
1,slana
1,slast
1,slastne
1,sleče.
1,sled.
1,sledi
1,sledijo
1,slepa
1,slepa.
1,slepcu
1,slepo
1,slik.
1,slika.
1,slika?
1,slikovito
1,slišal,
1,slišala
1,slišala?
1,slišale.
1,slišati,
1,slišati.
1,slišijo
1,slišim,
1,slivovem
1,šlo
1,šlo.
1,slon
1,sloni
1,sloni?
1,slonovina
1,slovenije.
1,slovenska
1,slovenski
1,sluga,
1,slutijo
1,službo?
1,služi
1,služijo
1,služita,
1,služiti
1,služkinjo.
1,smeh
1,smeh.
1,smehlja!
1,smejal
1,smejal.
1,smejali,
1,smejati.
1,smeje.
1,smeješ?
1,smeji.
1,smem
1,smemo
1,šment,
1,smešno!
1,smešno.
1,smešno?
1,smeti
1,smeti,
1,smeti.
1,smisel,
1,smiselno.
1,smisla.
1,smo.
1,smo?
1,smodnik,
1,smodnik.
1,smole.
1,smrčala.
1,smrekam
1,smrti
1,smrtnim
1,snaha.
1,snamemo
1,sne
1,sneg:
1,sneg;
1,snega,
1,snegu;
1,sneženo.
1,snežnih
1,soba
1,sobe.
1,soboto.
1,sodišče
1,soditi
1,sodnik
1,sodnikov.
1,sodobna
1,šokirana
1,sol
1,šole
1,soli
1,šoli
1,soli.
1,šolska
1,šolske
1,solz.
1,solza.
1,solza;
1,sonc,
1,sonce,
1,sonce.
1,sončen
1,sončnih
1,sončnik.
1,soncu
1,soncu.
1,soočili
1,sorodnik,
1,sorte
1,sosed
1,sosed.
1,sosedov
1,sosedovo
1,sosedstvo
1,sosedu
1,sosedu,
1,sostanovalka
1,sovraštvom
1,sovraži
1,sovraži.
1,sovražijo
1,sovražni
1,sovražnik,
1,sovražnike.
1,sovražnikom?
1,sovražnikovo
1,sovražniku
1,spadata
1,spala
1,spalnici.
1,spanca.
1,španciral
1,speča
1,spekel
1,spi
1,spim
1,spiš,
1,splača.
1,splete
1,spleti
1,spletnega
1,splezal
1,spodaj,
1,spodbadati.
1,spodnjice.
1,spodnjice?
1,spodobi.
1,spogledali
1,spoliran
1,spomin
1,spomin.
1,spominsko
1,spomladanske
1,spomnil!
1,spomnite.
1,sporočilo.
1,športniki!
1,sposoben
1,sposoben,
1,sposobnosti,
1,sposodim
1,spoštoval?
1,spoštuješ,
1,spotaknil
1,spozna
1,spozna,
1,spozna.
1,spoznam.
1,spoznamo
1,spoznaš
1,spoznaš,
1,spoznaš.
1,spoznaš?
1,spoznati
1,spraševal
1,sprašuje
1,sprašujem
1,sprašuješ?
1,spravijo
1,spravim
1,spravimo
1,spraviš
1,spravljena
1,sprednjem
1,sprednji
1,spregovorim?
1,spregovorite
1,sprejema
1,sprejemaj
1,sprejemajo
1,sprejemam.
1,sprejemati
1,sprejeti,
1,sprejeti.
1,sprejmem
1,sprejmemo
1,sprejmeš
1,sprejmi
1,sprememba
1,spremeni?
1,spremenijo.
1,spremenila
1,spremenilo?
1,spremeniti
1,spreminjamo.
1,spremlja
1,spretnemu
1,spretnosti
1,spričevalo!
1,sprostite
1,sprva
1,spustil
1,spustili
1,srajca
1,sramežljiva
1,sramota,
1,sramoti,
1,sramu.
1,sramuje
1,srca,
1,srcem,
1,srcem.
1,srcu.
1,srebrno
1,srebrno,
1,srebro,
1,srečal
1,srečal,
1,srečala
1,srečamo
1,srečanju
1,srečata.
1,srečen!
1,sreči,
1,sreči.
1,srečna,
1,srečne
1,srečnega
1,srečnejše
1,srečnejši
1,srečni
1,srečni,
1,srečni.
1,srečni;
1,srečo,
1,sredina
1,središču
1,sredo.
1,sredstvo
1,sredstvo.
1,srhljivo
1,stal
1,štalca,
1,stale
1,stali
1,stalnim
1,stalo
1,stalo?
1,stane.
1,stanejo.
1,stanovanje,
1,stanovanje?
1,stanovanjem.
1,stanovanju,
1,star,
1,star?
1,staranje
1,starca,
1,starce,
1,starci
1,starec
1,starejših.
1,starejšo
1,starem
1,stari,
1,starinsko
1,staro,
1,starost.
1,starosti.
1,starostjo.
1,starše?
1,staršem.
1,staršev
1,starši
1,stati
1,status?
1,stavba
1,steber.
1,stebri
1,šteje.
1,stekel
1,stekla.
1,steklenica
1,steklenici.
1,steklo:
1,stene.
1,stenski
1,stepe.
1,šteti,
1,številka.
1,številke
1,številke.
1,številko.
1,številna
1,stezah
1,stežaj!
1,steznik
1,stikala
1,stikalo
1,štipendijo
1,štiridesetih.
1,stiski
1,stiski.
1,stisnil.
1,stojalo
1,stojalu.
1,stoječa
1,stoječimi
1,stoji.
1,stojnici
1,stokom.
1,stola
1,stolček
1,stolpec
1,stopa
1,stopi,
1,stopijo
1,stopnicah
1,stopnicah?
1,stopnja
1,štora.
1,storila,
1,storili
1,storim
1,storim.
1,storiš.
1,storite
1,storiti!
1,storiti,
1,storjeno,
1,stradam.
1,strahopetce
1,strahu.
1,stran?
1,straneh
1,stranišče.
1,stranka
1,stranskem
1,strašen
1,strašilo.
1,strast
1,strasti,
1,straži!
1,stre,
1,streho.
1,strela
1,strelivo
1,strelja.
1,stresa?
1,stresel
1,stresen
1,stresite
1,streznitev.
1,strga
1,strga,
1,strga.
1,stric
1,strici
1,strinjam
1,stripov?
1,stripovskega
1,štrli.
1,strlo
1,strma
1,strmel
1,strmine.
1,strmiš
1,strmoglavili
1,strog
1,strojno
1,štruklji
1,strun.
1,struna.
1,strupa.
1,strupen
1,strupene
1,studenca,
1,stvar:
1,stvari?
1,šugman
1,suh
1,suhega
1,suhih
1,sukno
1,šunke
1,šunko.
1,super
1,surova
1,suženj
1,svatbo
1,svet,
1,sveta
1,sveta.
1,svetel
1,sveti,
1,sveti.
1,svetilniki!
1,svetla
1,svetla,
1,svetle
1,svetlejši
1,svetlo!
1,svetlobo.
1,svetnika.
1,svetnikov.
1,sveto!
1,svetovanje.
1,svetovati,
1,svetu
1,svetu!
1,svetujete,
1,svetujete?
1,svilena
1,svinčene
1,svinčeno.
1,svinčniki
1,svinčnikom.
1,svinec
1,svinec,
1,sving
1,svobode.
1,svobodna
1,svobodna.
1,svobodo,
1,svojemu
1,tablet.
1,tabletami.
1,tablete
1,tablete.
1,tajiti
1,tajsko
1,tajsko,
1,tajvanu.
1,taka
1,takega.
1,taki
1,takimi?
1,tako!
1,takoj!
1,takoj,
1,takrat?
1,taksi?
1,takšnega
1,takšnega.
1,takšnega?
1,takšni
1,tale
1,tanek
1,tango
1,tanjša
1,tanka,
1,tanko
1,tara
1,tašča
1,tat
1,tat.
1,tatove
1,tatovi,
1,tatvina.
1,teče,
1,tečen.
1,tedaj,
1,tedna.
1,tednu
1,tednu.
1,tega!
1,tehta
1,tehtnica
1,tej,
1,tekla
1,tekli
1,tekmovanju.
1,tekne.
1,tekoči
1,teku.
1,tele
1,tele,
1,telefon
1,telesa
1,teleta
1,telo
1,telovadnico,
1,temelj
1,temen
1,temi.
1,tempelj.
1,temperament,
1,temu
1,teniški
1,teoriji
1,tepe
1,tepejo.
1,tepi
1,termin
1,terminal
1,tesno
1,tesno,
1,testno
1,težava
1,težave
1,težave.
1,težek.
1,težje
1,težki
1,težkih
1,težo.
1,ti!
1,ti?
1,tiger
1,tigri
1,tiho,
1,tihotapsko
1,tina?
1,tinto
1,tisk.
1,tiska
1,tisoč.
1,tisto
1,tkalcu
1,tla,
1,tlakovana
1,tlakovane
1,tlemi.
1,tli.
1,toče.
1,toči
1,točili
1,točka
1,točko
1,točno
1,tokio
1,tokrat
1,toku
1,tolčejo.
1,tolmač
1,tolpa
1,tomaž?
1,tona
1,tople
1,toplo,
1,toplo.
1,toplote.
1,torba.
1,torbica
1,torek
1,torek?
1,torta
1,torte
1,torto,
1,torto.
1,tovarno
1,tovor
1,tovornjaka.
1,tožbo?
1,tožil
1,traja,
1,traja.
1,trajal
1,trajala
1,trajata.
1,trajekt
1,trajektom
1,trajna.
1,trajni.
1,trak,
1,trami
1,trampolin
1,transakcija
1,travniku.
1,travo?
1,trd
1,trd.
1,trde.
1,trdni
1,trdno
1,trdo
1,trebuha
1,trebuha.
1,trebuhu
1,treh
1,trenutkov.
1,trenutno
1,tresel.
1,tresočem
1,tretje
1,tretjo
1,trgovca
1,trgovina
1,trgovine
1,trgovine.
1,trgovino
1,trgovino.
1,tri.
1,trideset
1,tridesetkrat.
1,triglava.
1,trkal
1,trn
1,trnje.
1,trnova.
1,trobento.
1,trobijo
1,trpiš
1,trpljenje,
1,trpljenjem.
1,trši
1,trudi
1,trudijo,
1,trudom
1,tu
1,tujcem.
1,tujcu
1,tuje
1,tujec
1,tujec.
1,tujega.
1,tuji
1,tujini
1,tujo
1,tujo.
1,tuljava
1,tuš.
1,tuširal
1,tv
1,tvojem
1,tvojih
1,tvojim
1,ubežiš.
1,ubija,
1,ubije.
1,ubijte
1,ubili
1,uboga
1,uboga,
1,učenca.
1,učencev.
1,učenci
1,učenci.
1,učene
1,učeni
1,učenje
1,uči
1,uči.
1,učijo
1,učil
1,učinek
1,učitelj,
1,učitelj.
1,udarce,
1,udarcem.
1,udarci
1,udarcu.
1,udari
1,udarila
1,ugani
1,uganil
1,ugasnila
1,ugasnilo
1,ugasnite
1,ugibam,
1,ugled
1,ugodnim
1,ugotovili
1,ugovarjal,
1,ugriza.
1,ugriznil
1,ugriznite
1,uhaja.
1,uhajajo.
1,ujame,
1,ujamejo
1,uje.
1,ujete
1,ujeti
1,ujeti,
1,ujeti.
1,ukazi
1,ukazuje
1,ukiniti.
1,ukrade
1,ukradel
1,ukriviš,
1,ukrivljeno
1,ulice.
1,ulico.
1,ulov
1,ulovi
1,ulovi.
1,ulovili.
1,uloviš.
1,uma.
1,umazana.
1,umazane
1,umazanega
1,umazanija.
1,umazanije.
1,umazano
1,umaže
1,umestite
1,umetnik?
1,umetnino
1,umetnost,
1,umije
1,umira
1,umirajo
1,umirajo.
1,umirati.
1,umiril.
1,umiriti.
1,umiti
1,umolknili.
1,umre,
1,umremo
1,umreti
1,umrl
1,uničil
1,uničiti
1,uniforme.
1,univerzo.
1,up
1,upa
1,upajmo,
1,upala
1,upamo,
1,upanjem,
1,upati.
1,upih
1,upognejo
1,uporaba
1,uporabil
1,uporabiti
1,uporablja,
1,uporabljaj
1,uporabljeni.
1,upoštevajte
1,upoštevan.
1,upoštevati.
1,upreti.
1,upu,
1,ura,
1,ura.
1,ura?
1,uran
1,uredila.
1,ureditev
1,urejenost?
1,urejenosti?
1,uri?
1,urologija.
1,usb
1,ušel!
1,ušesa
1,ušesa,
1,ušesu
1,usiha.
1,usmiljenja.
1,usnje
1,usnjenimi
1,usode.
1,uspavanko?
1,uspejo
1,uspeš.
1,uspeti
1,uspeva?
1,uspevaš.
1,usta
1,usta,
1,ustavi
1,ustavite
1,ustih
1,ustih.
1,ustnico.
1,ustreza
1,ustreza,
1,ustreza?
1,ustrezal
1,ustvarila
1,ustvarjajo
1,ustvarjalna.
1,ustvarjalni
1,utegnil
1,utone.
1,utoniti,
1,utopljen
1,utripa
1,utripala
1,utrjen
1,utrudi,
1,utrudila!
1,utrujeni
1,uvoda?
1,užalil?
1,užaljena
1,uzdo,
1,užil.
1,užitek
1,užitek.
1,užiti.
1,užitka,
1,užitki.
1,užitkom.
1,uživajo.
1,uživati
1,uživati,
1,vaba
1,vabimo
1,vagon
1,vajenec.
1,valentin
1,valovi
1,vam.
1,vama
1,vampirjem.
1,vanj.
1,vanjo
1,vanjo.
1,varnost,
1,varnosti
1,varnostna
1,varnostnik?
1,varuh
1,vaš
1,vas.
1,vas?
1,vaša
1,vaši
1,vasi,
1,vate!
1,vaza
1,včeraj
1,včeraj.
1,vdiranje
1,vdor
1,vdovčeva
1,vdrla
1,več!
1,več,
1,večen
1,večer.
1,večerja,
1,večerjo
1,večerjo?
1,večerne
1,večje
1,večje.
1,večji.
1,večna,
1,vedel.
1,vedel?
1,vedela.
1,vedeli?
1,vedeš
1,vedeti!
1,vedež,
1,vedi,
1,vedno!
1,vedno,
1,vedo,
1,vedra.
1,vedrega
1,vegetarijanci.
1,vej.
1,veje.
1,veji.
1,vejo.
1,veličina
1,velikan.
1,velike.
1,velikega
1,velikem
1,velikimi
1,velikokrat
1,velikosti.
1,velja
1,vem
1,ven!
1,ven?
1,venejo.
1,ventil
1,ventila.
1,ventilator
1,vera.
1,veriga
1,verige,
1,verigo.
1,verjamem!
1,verjameš
1,verjeli,
1,vero.
1,veš.
1,vesela.
1,vesele.
1,veselega
1,veselice
1,veselici.
1,veselim.
1,veselja.
1,veselje!
1,veselo.
1,vesolja.
1,vesolju?
1,vesta,
1,veste
1,vesti
1,vetra.
1,vetričem.
1,vetrom.
1,vetrovi
1,vetru:
1,veverica
1,vezano
1,veže
1,vezi.
1,vida
1,vida.
1,videla,
1,videla?
1,videli,
1,videli.
1,videti.
1,vidijo,
1,vidimo,
1,vidiš?
1,vidite.
1,vidre
1,viha
1,vijak
1,vijugasti
1,vikend.
1,viktorija
1,vila
1,vilic
1,vinom.
1,vinu
1,violini.
1,više
1,visela
1,višini
1,višjo
1,visoke
1,visokih
1,visokim
1,vladal
1,vladamo
1,vladar,
1,vladarjevi
1,vladi?
1,vladimir
1,vlak.
1,vlažna
1,vlažnosti
1,vleče.
1,vleči
1,vlogo.
1,vlomiti
1,vname,
1,vnameta.
1,vnete
1,vneti,
1,vnetljiv.
1,vodi,
1,vodijo
1,vodil
1,voditelji
1,vodja
1,vodnjak
1,vodnjaku.
1,vogal.
1,vogalom.
1,vogle
1,vojaki
1,vojakov
1,vojni,
1,vojni.
1,vojno
1,vojska
1,vojskovanje
1,vol
1,vola
1,volja,
1,voljo.
1,volk.
1,volkom
1,volku
1,volov.
1,vonj
1,vonj.
1,vonja
1,vonjali
1,voodoo.
1,vosek
1,voskasta
1,vozi.
1,voziček.
1,vozil
1,vozila
1,voziti
1,vožnja
1,vožnji.
1,vozovnico
1,vozovnico.
1,vpliv
1,vpraša
1,vprašal!
1,vprašal?
1,vprašanje
1,vprašanjem?
1,vprašaš
1,vprašaš.
1,vprašati
1,vprašati.
1,vrabčku
1,vrača
1,vrag
1,vragu
1,vrane
1,vrani
1,vrat
1,vrat,
1,vrat.
1,vrati.
1,vratolomnež
1,vrčka
1,vreča
1,vreča,
1,vreče
1,vrečki.
1,vrečko?
1,vreden
1,vreden,
1,vredno,
1,vrednost
1,vrednostjo
1,vredu.
1,vreme.
1,vreme?
1,vremena
1,vremenom?
1,vremenu.
1,vrgel
1,vrh.
1,vrha
1,vrhove
1,vrlina
1,vrlina.
1,vrnem.
1,vrni
1,vrnite
1,vrniti
1,vrniti.
1,vrnitve.
1,vrnitvi
1,vroč
1,vroč.
1,vroča.
1,vroče
1,vročega
1,vročem
1,vročemu
1,vročih
1,vročim
1,vročino
1,vročino.
1,vrst
1,vrsti,
1,vrtel.
1,vrtinec
1,vrtnar,
1,vrtnicami,
1,vrtu.
1,vrvi.
1,vrže
1,vrže,
1,vrzi
1,vrzite
1,vsakemu
1,vse?
1,vsebino
1,vsebino.
1,vsebnost
1,všeč!
1,všeč,
1,vseeno,
1,vseh.
1,vso
1,vstaja,
1,vstal.
1,vstane
1,vstavite
1,vstavljajte
1,vstopi!
1,vstopil
1,vstopil.
1,vstopimo?
1,vstopiti.
1,vstopiti?
1,vstran.
1,vtipkati.
1,vtisi
1,vzajemna
1,vzame
1,vzame!
1,vzame,
1,vzame.
1,vzameš
1,vzdignil
1,vzdignile
1,vzdiguje,
1,vzdihi.
1,vzdušje.
1,vzel
1,vzel?
1,vzeli
1,vzemite
1,vzeti.
1,vzgoja
1,vzgoja,
1,vzgoje
1,vzgojiti.
1,vzhoda.
1,vzhodno
1,vžiganje
1,vznemirjen.
1,vzorec
1,vzpenjaj
1,vztrajajo
1,vztrajati
1,vztrepetala
1,vzvod
1,watt
1,wau!
1,wifi
1,wi-fi?
1,wikipedija
1,william
1,wow,
1,x,
1,ž
1,žaba
1,zabavajta
1,zabaval.
1,zabavamo.
1,zabavi,
1,zabavne
1,zabavno!
1,žabe
1,žabe,
1,zabit
1,zaboj,
1,začasna
1,zaceli
1,začenja
1,začetek,
1,začetek?
1,začeti,
1,začeti.
1,začetku.
1,začetna
1,začetnika
1,začimba
1,začimba.
1,začini.
1,začinjena
1,začinjeno
1,začnem
1,začnite
1,začutiš
1,zadaj
1,zadaj.
1,zadavim
1,zadene
1,zadev.
1,zadevajo
1,zadevi.
1,zadnja
1,zadnjega
1,zadnji,
1,zadnjo
1,zadosti.
1,zadostovati.
1,zadovoljilo.
1,zadovoljna!
1,zadovoljni.
1,zadovoljstvo
1,zadrega.
1,zadržala
1,zadržane.
1,zadržati,
1,zadrževati
1,žaga
1,zagledamo
1,zagnati
1,zagrajen,
1,zahajajoče
1,zahodne
1,zahrbtnost.
1,zahteva,
1,zahvala
1,zahvalim?
1,zajahati.
1,zajca,
1,zajček
1,zajcem.
1,zajcev
1,zajec
1,zajemaj
1,zajezi,
1,zajokala.
1,zajtrk
1,zajtrkoval
1,zajtrkuje.
1,zakaj,
1,žakelj
1,zaklad
1,zaklad,
1,zaklad:
1,zaklenjeni
1,zaključka.
1,zakon,
1,zakonov.
1,zakonu
1,zakoplje,
1,zakrpano
1,zakrpati
1,žal,
1,žal.
1,zalepil
1,zaletel
1,zaljubila
1,zaljubljencem
1,zaljubljencev
1,zaljubljenci
1,zaljubljenci.
1,žalost.
1,žalosten.
1,žalosti
1,žalostni.
1,žalostno.
1,zaman
1,zaman.
1,zame,
1,zame.
1,zamenjajo.
1,zamenjal
1,zamenjati
1,zamenjuje
1,žamet.
1,zametih.
1,zamišljeno
1,zamolčati
1,zamrznjen
1,zamrznjeni
1,zamrzujte
1,zamuda
1,zamudi.
1,zamujal?
1,zamujala.
1,zamujeno
1,zanaša,
1,zanašajte
1,zanesi
1,zanetiti.
1,zanimive
1,zanimivo
1,zanimivo.
1,žanje
1,žanje.
1,zanjo
1,zanjo.
1,žanr.
1,zaobljube
1,zapadlo.
1,zapeljala!
1,zapiha
1,zapira,
1,zapiraj.
1,zapleteno.
1,zapletete!
1,zapletla
1,zapoješ
1,zapolnil
1,zapomnite
1,zapor.
1,zapor?
1,zapora
1,zaposluje
1,zapravi.
1,zaprejo,
1,zaprt.
1,zaprta
1,zaprti?
1,zaprto
1,zapuščamo
1,zapuščina.
1,zapustila
1,zapustim
1,zapustite
1,žar.
1,zaraslih
1,zarečenega
1,žargon.
1,zarjavela
1,zarjavi;
1,žarkih.
1,zaročiti.
1,zasajenega
1,zasebni
1,zasebnosti?
1,zaseženo
1,zaskrbljen.
1,zaskrbljujoča.
1,zaslišiš
1,zaslon.
1,zaslužen.
1,zaslužijo
1,zaslužijo.
1,zaslužil
1,zasnovali,
1,zaspana
1,zaspati
1,zaspi,
1,zaspi.
1,zastali
1,zastarel.
1,zastavica
1,zastonj.
1,zasvojujoč?
1,zataji.
1,zataknil
1,zate.
1,zate?
1,zatekel.
1,zatemnile
1,zatiča
1,zatone.
1,zatopil
1,zatreti,
1,zaudarja.
1,zaupaj
1,zaupaj.
1,zaupajte
1,zaupamo
1,zaupanja,
1,zaupanja.
1,zaupanje
1,zaupati.
1,zaustavljanja
1,zavajajoči.
1,zavarovanje.
1,zavaruj
1,zavedaš
1,zavedaš,
1,zavedata,
1,zavemo,
1,zavesa
1,zaveznica
1,zaveznik
1,zavija,
1,zavira.
1,zavist.
1,zavistnežu.
1,zaviti
1,zavpil
1,zavpila
1,zavrela
1,zavrela.
1,zavrnila
1,zavrnjen.
1,zavrnjena.
1,zavrti
1,zavrtimo
1,zavzdihnil.
1,zaženite
1,zaznamovala
1,zazvonil
1,zazvonil.
1,zbega.
1,zbira
1,zbiral
1,zbrali
1,zbrana
1,zbrani?
1,zbudil
1,zbuditi,
1,zda.
1,zdelo
1,zdelo,
1,zdrav
1,zdrave.
1,zdravi
1,zdravila.
1,zdraviti.
1,zdravje!
1,zdravje.
1,zdravko
1,zdravniško
1,zdravo
1,zdravo!
1,zdravstveno
1,že,
1,žeblji
1,zebra.
1,žejen
1,žejen.
1,žejo
1,žele
1,želel.
1,zelene.
1,želenemu
1,zelenim
1,zeleno,
1,želeti
1,želeti.
1,železna
1,železo
1,želijo
1,želimo
1,želiš?
1,želite?
1,zelje.
1,želje.
1,želodca
1,želodec
1,želodec,
1,želve
1,zemljevid
1,zemljevida.
1,zemlji?
1,žena?
1,žene
1,ženi,
1,ženitev,
1,ženo,
1,ženskami,
1,ženskami.
1,ženskarja.
1,ženske,
1,ženske.
1,ženski
1,ženski,
1,žensko
1,žep
1,žepa,
1,žepov.
1,žerjav
1,žetvi
1,zevs
1,žgal
1,žgance
1,zgane
1,zganiti
1,žge.
1,žgečka,
1,zgleda,
1,zgledi
1,zgodaj.
1,zgodb
1,zgodba
1,zgodba.
1,zgodbe
1,zgodbe,
1,zgodbe.
1,zgodbice,
1,zgodbo.
1,zgodile
1,zgodilo.
1,zgodnji
1,zgodovinskih
1,zgornjem
1,zgraditi
1,zgrajene
1,zgrudil
1,žica
1,žice
1,zida
1,zidove.
1,zidu.
1,zima.
1,zime
1,zimo
1,zimske
1,žirafe
1,žito
1,žito.
1,živa
1,živali.
1,živci
1,žive
1,žive,
1,živeti.
1,živi!
1,živijo
1,živim.
1,živimo
1,živimo,
1,živiš
1,živiš?
1,živite,
1,življenj.
1,življenje,
1,življenjem.
1,življenju?
1,zjutraj.
1,zlasti
1,zlate
1,zlatega
1,zlati
1,žlice
1,žlico
1,žlico,
1,žlico.
1,zlih
1,zlil
1,zlo
1,zločinec
1,zlomil
1,zlomila
1,zlomila.
1,zlomiti.
1,zlomljenega
1,zlorabljen
1,zložene
1,zloženih
1,zmaga
1,zmagajo?
1,zmagali.
1,zmage.
1,zmago
1,zmago.
1,zmagoslavje.
1,zmanjka.
1,zmanjšati.
1,zmečkal
1,zmedeni.
1,zmenek
1,zmeni
1,zmenijo
1,zmenjena.
1,zmeren
1,zmerja,
1,zmerno
1,zmešate,
1,zmešnjav,
1,zmore
1,zmore,
1,zmota
1,zmota.
1,zmoto,
1,zmožnost
1,zmrzuje!
1,zn.
1,značilnosti.
1,znajde,
1,znakom.
1,znamka
1,znamko.
1,znana
1,znanje
1,znanju.
1,znano
1,znanstvenik
1,znanstvenik.
1,znanstvenika.
1,znanstveno
1,znaš
1,znašel
1,znese
1,znesek
1,znesti
1,znojim.
1,znotraj.
1,znova
1,znova.
1,zob.
1,zoba,
1,zobal.
1,zobozdravnika.
1,zora
1,zora,
1,zoro.
1,zrasla
1,zraste
1,zraste,
1,zrastejo
1,zredi.
1,zrediti,
1,zrele.
1,zrezek
1,zrno,
1,žulijo.
1,zunaj.
1,župan
1,župan.
1,župniku.
1,zvedeti
1,zveri,
1,zvest
1,zveza,
1,zvezd
1,zveze.
1,zvil
1,žvižgati
1,zvon
1,zvon,
1,zvona.
1,zvonca
1,zvonci
1,zvonil
1,zvoniti
1,zvoniti.
1,žvrgole.
2,ampak,
2,andrej
2,april
2,avto
2,banka
2,banko.
2,barva
2,besede.
2,besedo.
2,bilo,
2,bistvu
2,blagoslovi
2,blato.
2,blizu
2,bog,
2,bogat
2,bogate
2,boja.
2,bolezen
2,bolezen,
2,bolezen.
2,boli?
2,bolje.
2,bom,
2,bombone.
2,bosta
2,branje
2,branje.
2,brlogu
2,brž,
2,čaja
2,časa,
2,časa.
2,čast
2,čeden
2,čem
2,čemu
2,cene
2,cent
2,cesta.
2,ceste.
2,četrtem
2,čevelj
2,citre
2,človeška
2,črk
2,črn
2,črno
2,črte.
2,čudno
2,čudovit
2,cvete,
2,da.
2,daje.
2,dajo
2,dalje.
2,danes,
2,dati
2,datoteke
2,debela,
2,dekla
2,delaj
2,delajo
2,delati
2,delati.
2,delavec
2,delovnem
2,delu
2,deluje
2,denar,
2,denar.
2,denarja,
2,denarja.
2,deset.
2,desno.
2,dež
2,dežja.
2,dežuje,
2,diabetes
2,diamanti
2,dih
2,dim
2,dim,
2,direktor
2,dneh.
2,dneva
2,dober,
2,dobiček
2,dobil?
2,dobri
2,dobro!
2,dolarjev,
2,dolg.
2,dolga.
2,dolgi
2,dolgujem
2,doma?
2,domačo
2,domovino
2,draga
2,draga,
2,drevesa
2,drevesa.
2,drevesu
2,drevja
2,drug
2,drugače.
2,drugemu
2,drugih
2,drugo.
2,družbo.
2,duše.
2,duši.
2,dušo
2,dva,
2,dvaintrideset
2,dveh.
2,dvema
2,dvignite
2,dvojna
2,dvom
2,dvoma
2,dvoma.
2,eden
2,ema
2,ena.
2,enake
2,enega
2,enemu
2,eni
2,enim
2,eva
2,evrov
2,evrov.
2,fantje.
2,formula
2,ga.
2,gladi
2,glasnejša
2,glasom.
2,glavne
2,gleda
2,gor
2,gospa.
2,gospod?
2,gospodinja
2,gosto
2,gotova
2,govor
2,govoril.
2,govorim
2,govoriš,
2,govoriš?
2,govoriti.
2,gre,
2,gremo?
2,grenke
2,grozno!
2,h
2,hiša
2,hiša,
2,hiši.
2,hitel
2,hiter
2,hiti
2,hitro.
2,hitrost
2,hladno.
2,hm,
2,hočem.
2,hočeš,
2,hočeš.
2,hodila
2,hotela
2,hrana
2,hrano
2,hrano.
2,hrast
2,hrast.
2,hrbet.
2,hrupa.
2,hvali
2,ideja
2,idejo?
2,igra
2,igralec
2,igrati.
2,igrati?
2,igre
2,igro
2,ima,
2,ima;
2,imaš,
2,imata
2,ime
2,imenuje
2,iščejo,
2,istega
2,iti
2,iti?
2,izbirčni.
2,izgine.
2,izgleda
2,izgleda?
2,izgledajo
2,izgledal?
2,izguba
2,izgubila
2,izgubiti
2,izgubljen.
2,izklopite
2,izkoristite
2,izkušnje
2,izobraževanje
2,izzivam
2,jabolk
2,jajc
2,janez
2,janko
2,januarja
2,jasno.
2,jaz?
2,je!
2,jed
2,jedi
2,jej
2,jernej
2,jerry
2,jezero.
2,junak
2,junak.
2,junija
2,jutri,
2,kače.
2,kakršen
2,kakršno
2,kakšni
2,kamna,
2,kamor
2,kaplja
2,kartico.
2,katerem
2,kateri
2,katero
2,kavču.
2,kavo
2,ključ?
2,ključe?
2,klobuk,
2,klobuk.
2,knjiga
2,knjigo.
2,kogar
2,kolesa
2,komu
2,konca
2,konča
2,konča.
2,končala.
2,končati.
2,konja
2,konja.
2,koruze.
2,kosti
2,kozarec
2,kožo.
2,kratek
2,kri.
2,krivi
2,križ
2,kruha
2,kruha,
2,kruhom.
2,kura
2,lačen
2,lačen,
2,lagal?
2,lahko.
2,lahko?
2,lastni
2,lastno
2,lažnivca.
2,lena
2,lep
2,lepega
2,lepilom.
2,lepljivim
2,lepo,
2,lepoto.
2,les.
2,let.
2,leti.
2,letijo
2,letijo.
2,leto.
2,leva
2,ležala
2,leži
2,ležijo
2,lisic
2,ljubezenski
2,ljubeznijo
2,ljubi,
2,ljubi.
2,ljubici
2,ljubosumje
2,ljudmi
2,luč
2,luknjo
2,luna
2,majhen
2,majhna
2,malce
2,mali
2,malo,
2,manjka
2,manjka.
2,mara
2,mast
2,me,
2,medom
2,medu.
2,medved
2,megla
2,mehka
2,meje.
2,melje.
2,mene
2,mene?
2,mesecev.
2,mesta
2,mesta.
2,mesto.
2,mestu?
2,mi,
2,milo
2,minut.
2,miru
2,miši
2,misli.
2,mislim
2,miza
2,mladih
2,mleko
2,mnogi
2,moč,
2,moč.
2,moči
2,močno
2,moder
2,moder,
2,modrem
2,mogla
2,mojega
2,mojem
2,moke.
2,molčal.
2,molči,
2,morali
2,morate
2,morava
2,moreš,
2,moške.
2,možnosti
2,možu
2,mudi,
2,muhe
2,način
2,način.
2,načrtujemo
2,naglas.
2,najde
2,najde.
2,najdejo.
2,najlepše
2,najlepši
2,najti
2,nakupu
2,nalogo
2,nalogo.
2,nama
2,namerava
2,nami.
2,napolnite
2,napoveduje.
2,napravo
2,naprej
2,naprej.
2,naredi.
2,naredim
2,naredimo?
2,narediš?
2,narediti
2,narejena
2,naročnik
2,nas.
2,naslednja
2,nasmeh
2,nasprotje
2,nasvete,
2,natančno
2,naučili
2,ne?
2,nečakinja
2,nehaj
2,nehvaležnost
2,neke
2,nekoč
2,neprestano
2,nesreči.
2,neumen
2,nevarna
2,nevihta
2,ničesar.
2,nikdar
2,nikogar
2,nikoli.
2,nimamo
2,nismo
2,nižjim
2,njega
2,njegovega
2,njegovi
2,njene
2,njenega
2,njih
2,njimi
2,njiva,
2,nobena.
2,nobenega.
2,nobenih
2,noči
2,nocoj
2,nogavicah.
2,nogo.
2,nos.
2,nosi.
2,nosijo
2,nosilo
2,novega.
2,novica
2,nujne
2,obdobje
2,obisk.
2,obiskali
2,oblačila
2,oblak
2,oblake,
2,obleko.
2,obožujem
2,obraz
2,obraza.
2,obrazi
2,obrne.
2,obstajajo
2,oče,
2,oče?
2,očeh,
2,očeh.
2,očitno
2,odgovor.
2,odgovora.
2,odgovorila.
2,odhaja.
2,odide
2,oditi
2,odličen
2,odlično
2,odločili.
2,odložiti
2,odnese
2,odnesejo.
2,odpira.
2,odšla
2,odšla.
2,odvetnik
2,ogenj,
2,ograjo.
2,ohladil.
2,okno.
2,okrogla
2,oktobru
2,oliva
2,omari.
2,opeče.
2,opije
2,opoldne
2,opomni
2,opravi
2,orodje
2,osla
2,ostane.
2,ostani
2,otrok!
2,otroka
2,otroka.
2,otroke.
2,otroku
2,ovene.
2,oznaka
2,padla
2,padlo
2,palača.
2,palice.
2,pamet,
2,pameten
2,pameti.
2,pametna
2,pametnemu
2,pametni.
2,pestjo
2,petdeset
2,petek
2,petek.
2,peter
2,pevka.
2,pijejo
2,plača
2,plačilo.
2,plašč
2,plašč.
2,plavali
2,plesala
2,plodove.
2,počakali.
2,počel
2,počneš
2,podcenjuje,
2,pogača,
2,pogledala
2,poglejte
2,pogovor
2,pojdite
2,poje,
2,poje.
2,pokažem.
2,poklicala
2,pokonci.
2,pokopavajo
2,pokvari
2,pokvarjeno
2,poln.
2,polž
2,pomaga,
2,pomagaj
2,pomagajte
2,pomagal
2,pomagati.
2,pomembno?
2,pomislil
2,pomlad
2,ponedeljek
2,ponovno
2,ponuja
2,popolnoma
2,poskušaj
2,poskusite
2,poslal
2,poslušaj
2,postal
2,postala
2,postavi
2,postavka
2,pošten
2,poti
2,potovanje
2,potrebujem
2,potrpljenje
2,pove.
2,povedal,
2,povedal.
2,povedal?
2,povedali
2,povedati.
2,povedo.
2,povem
2,povem?
2,povsod.
2,povzroča
2,pozabil
2,požene,
2,pozimi
2,poznamo
2,poznaš?
2,pozorno.
2,pozornosti.
2,požre.
2,prava
2,pravi,
2,pravila
2,praviš
2,praviš,
2,praviš?
2,pravočasno.
2,prazni
2,prazno
2,predmetov.
2,predolgo
2,predstavim
2,preganja
2,premaga
2,premaknite
2,premišljeval.
2,prepozno
2,prepozno.
2,prepričan.
2,prepričani
2,preprogo.
2,prevelika
2,previdno.
2,pričakuj
2,pride.
2,pridem
2,pridi
2,pridobljeno
2,prihaja,
2,prijatelj.
2,prijatelja,
2,prijatelje,
2,prijateljev.
2,prijatelji,
2,primeru,
2,prinaša
2,prinesejo
2,prinesla
2,pripeljali
2,prišlo
2,prišlo?
2,prispel?
2,pritisnite
2,problem.
2,prodaj
2,prosim
2,prosim.
2,prošnja
2,prostor.
2,prst,
2,prva
2,prvem
2,prvo
2,psa.
2,psi
2,ptica
2,punca
2,pusti
2,pusti,
2,pustil
2,pustil,
2,pustila
2,raje
2,rameni.
2,ramo.
2,rastline
2,različne
2,raztrgala
2,razumem
2,razumeš?
2,rdeča
2,rdeče
2,rdečega
2,rdečim
2,reč.
2,rečejo,
2,rečem?
2,reči!
2,redkokdaj
2,redu
2,redu,
2,rekel.
2,reki.
2,rekla
2,reko
2,renesančni
2,repa,
2,resnice,
2,resnično
2,resnico
2,rjavi
2,robert
2,rodila
2,rodimo
2,roge
2,roka
2,roki.
2,roko.
2,rumene
2,sadje
2,šah
2,sam,
2,samo,
2,sara
2,sarkazem?
2,se.
2,sebe.
2,sebi
2,seboj
2,seči
2,sedem.
2,šef?
2,šele
2,sestra
2,sestro.
2,setve
2,seznam
2,sheldon,
2,si?
2,sijala
2,sije
2,sila
2,širok
2,široka
2,sit.
2,siva
2,škatli.
2,skoči
2,škoda!
2,skodelica
2,škodovalo.
2,skoki
2,skomignil
2,skrb
2,skrbi
2,skriti.
2,skriva
2,skrivati.
2,skrivnosti.
2,skupaj
2,slaba
2,slabe
2,slabega.
2,slabi
2,slabša
2,sladko
2,sladkorja
2,sladoled
2,sladoled.
2,sledila
2,slep
2,slepi
2,sliko
2,slišal
2,slišati
2,slišiš?
2,slo
2,službe?
2,smeje
2,smeje,
2,smel
2,smeš
2,smešen.
2,smešna.
2,smo,
2,smrdi.
2,smrt.
2,sobo
2,sobo.
2,sodi
2,sodu
2,sok
2,šola
2,šoli.
2,solo
2,sonca.
2,sonce;
2,soseda
2,sovraštvo.
2,sovražnik.
2,sovražnikov.
2,spala?
2,spat.
2,spi,
2,spi.
2,spletni
2,spoznali
2,sprememb.
2,spremeni
2,spremeniti.
2,spreminja
2,sreča,
2,srečen,
2,srečno
2,sredini
2,stanovanja
2,stanovanje
2,stara.
2,starca
2,starosti
2,steno.
2,številka
2,številko
2,številko?
2,stisnjeno
2,stoji
2,storil
2,storila.
2,storila?
2,storili?
2,storimo?
2,strah
2,strah.
2,strahopetec.
2,stroj
2,stvareh.
2,stvari,
2,stvari.
2,suh.
2,suha
2,superman
2,sva,
2,svet.
2,sveti
2,svetloba
2,svetnik.
2,svetovni
2,svetu.
2,svež
2,svinčnik,
2,svoja
2,svoje.
2,svojim
2,svojimi
2,tabo.
2,tak
2,takšnih
2,tanka
2,tankem
2,tatovi
2,te,
2,tebe
2,tebe.
2,tebi
2,tednov.
2,tega,
2,tega?
2,tekmo.
2,telefon.
2,telesa.
2,telo,
2,temno
2,težav.
2,ti,
2,tiha
2,tiho
2,tipa
2,tišina.
2,tiste
2,tja
2,tja!
2,tja,
2,to!
2,toliko,
2,toplo
2,trajajo
2,trava.
2,travi.
2,trebuh
2,tretji
2,trgu
2,tri,
2,trikrat
2,trpi
2,tuja
2,tujem
2,tukaj,
2,tvegaš,
2,tvojo
2,ubogi
2,učence.
2,ujame.
2,umetnost.
2,umira.
2,umre.
2,upanja,
2,upanje
2,upanje.
2,uporabite
2,ure
2,uro.
2,ušes.
2,ušesi,
2,ušesu.
2,ustreza.
2,ustvarja
2,utrga.
2,vaju
2,včasih
2,ve
2,ve.
2,večera.
2,večerjo.
2,večja,
2,večkrat
2,vedeti.
2,velikih
2,veliko.
2,velikost
2,vem!
2,ven
2,ven.
2,vendarle
2,verjame.
2,verjamem
2,vesel
2,veseli
2,veste,
2,veter.
2,vetru.
2,vid
2,videl?
2,videli?
2,videti!
2,vidi.
2,vidim
2,vidim?
2,vidimo
2,vidiš
2,vidita
2,vidva
2,vihar
2,vijolična
2,vino,
2,visel
2,vlada,
2,vlaknin.
2,vlečejo.
2,vnaprej
2,vnesite
2,vneto
2,voda.
2,vodile
2,vodo,
2,vojna,
2,vol,
2,volja
2,vpraša,
2,vprašati,
2,vraga
2,vrana
2,vredu?
2,vrh
2,vrhu.
2,vrline,
2,vrne.
2,vrnil
2,vrstnem
2,vrt.
2,vrtnico
2,vsakega
2,vsakem
2,vsakič,
2,vsebuje
2,všeč.
2,všeč?
2,vstopa
2,vzela
2,zabave
2,zabavi.
2,zabavna
2,zabavno.
2,zabavo?
2,začeti
2,začneš,
2,zadnje
2,zahteva
2,zahtevek
2,zaide.
2,zakril
2,zame
2,zamudil
2,zamujena
2,zanj.
2,zase
2,zase.
2,zasluži
2,zasmejal
2,zastava
2,zastonj
2,zate,
2,zavist
2,zbral
2,zdaj!
2,zdravilo.
2,zdravnika
2,zdravo,
2,želel
2,zelen
2,zelene
2,železo,
2,želi,
2,zemlja
2,zemlje.
2,zemlji.
2,ženin
2,ženo
2,ženo.
2,žensk
2,ženske
2,žetve.
2,žganje
2,zgrajen
2,zima
2,živali
2,živel
2,živi,
2,živi.
2,živim
2,življenja
2,zla.
2,zlato,
2,zleze
2,zlomi
2,zmaga.
2,znak
2,znan
2,znanja
2,zob
2,zrak
2,zrak.
2,zraku.
2,zrna
2,zrno
2,zvok
2,zvok.
2,zvon.
2,zvonec.
3,bela
3,besedah
3,besedo
3,bile
3,blato
3,bo,
3,bodite
3,bogati.
3,bolečine
3,bolje,
3,boljše
3,brat
3,časom
3,cena
3,cev
3,človeku.
3,čudna
3,cvet
3,dan,
3,darila
3,dejanj
3,dejanja.
3,dekle
3,dela,
3,dela.
3,delu.
3,dni
3,dobi
3,dobijo
3,dobro.
3,dodajte
3,domov.
3,draga.
3,druga
3,druge,
3,drugo
3,drži
3,drži.
3,dušo!
3,dvorani.
3,edini
3,ene
3,enem
3,enostavno
3,glas.
3,glava
3,glave.
3,glavo,
3,gledal
3,gospodarja.
3,govori.
3,govoriti
3,gremo
3,greš?
3,gripo.
3,hiši
3,hitreje
3,hitri
3,hrani.
3,huda
3,igralec.
3,išče
3,iščemo
3,izbira
3,izgubil.
3,izgubiti,
3,jajca.
3,jasno
3,jedo
3,jesti
3,jezi
3,jezi,
3,jezik.
3,jim
3,jutri.
3,kadi.
3,kaj?
3,kajne?
3,kakšne
3,kamna
3,kesanje
3,ključ
3,ključ,
3,ključ.
3,kmalu
3,kmetje
3,komur
3,konju
3,korak
3,korenin.
3,korenine
3,koristi
3,kos
3,kralj
3,kratka
3,kratko
3,kruh.
3,kuj
3,kupiti.
3,les
3,leti
3,levi
3,levo
3,mačko.
3,majhno
3,malo.
3,marko
3,menoj?
3,meri
3,mimo.
3,mir
3,mir.
3,miru.
3,mislil?
3,mislim.
3,mislite,
3,mlado
3,mladost
3,mladosti
3,modra
3,modro
3,mojo
3,molk
3,moraš
3,morda
3,načrti
3,najljubši
3,najprej
3,najslabši
3,največ
3,napad
3,naravnost
3,naredite
3,narobe
3,narobe?
3,naslednji
3,našli
3,navadi
3,nebu
3,nedelja
3,nehajte
3,nekateri
3,nenadoma
3,ni,
3,nimam
3,nista
3,nizko
3,njegovo
3,njem
3,njim
3,norec
3,nosi
3,obisk
3,obraz,
3,očeh
3,odgovoril.
3,odžene
3,oglejte
3,oko
3,okoli
3,ona
3,pade.
3,palica
3,pameti,
3,pazi
3,pelje
3,pesem
3,pije
3,plačilo
3,ples
3,počakaj
3,počasi.
3,podobna
3,pogum
3,pokaži
3,polno
3,pomenilo?
3,pomladi.
3,ponuja.
3,posoda
3,poštena
3,posuši.
3,poti.
3,potisnite
3,povedala
3,povsod
3,poznam
3,pravkar
3,prazen
3,prazne
3,preberite
3,predsednik
3,predstava
3,prejšnji
3,prepir
3,preprosto
3,preverite
3,pride,
3,prijateljev
3,prijatelji
3,prijazna
3,prijetno
3,pripravljen
3,problem
3,psa
3,raste
3,raste.
3,razum
3,rdeči
3,reči,
3,redka
3,redu.
3,rekel
3,revščina
3,riba
3,ribe
3,rojstni
3,rok
3,roke,
3,roke.
3,roko
3,roza
3,sama.
3,sedel
3,sem.
3,sendvič
3,seveda
3,severni
3,sin
3,skoraj
3,sladka
3,slepa,
3,šli
3,slika
3,sliši
3,sme
3,smrti.
3,sod
3,sodni
3,sovraštvo
3,sovražnik
3,spoznati.
3,spustite
3,srca
3,srcu
3,sreča.
3,sreči
3,srečnemu
3,srečo.
3,sredi
3,stane
3,starega
3,stari
3,sto
3,storiti
3,stran.
3,strani
3,študent
3,stvar
3,stvar.
3,svetilka
3,svojem
3,tabo?
3,take
3,tam?
3,te.
3,teče
3,teden
3,teden.
3,telefonsko
3,temi
3,teta
3,tišina
3,tiste,
3,tla
3,tla.
3,tomaž
3,trak
3,trava
3,trebuhom
3,trenutek
3,tri
3,učitelj
3,udaril
3,ulici.
3,usta.
3,vaše
3,več.
3,večina
3,večino
3,večja
3,vedel
3,vedeli,
3,vedno.
3,vem?
3,verjeti.
3,videl.
3,videla
3,videti
3,vidi
3,vidi,
3,vidim.
3,vina,
3,visoka
3,vleče
3,vode
3,vodi
3,vodi.
3,vodo.
3,vojne.
3,volk
3,vprašanje.
3,vrata,
3,vreči.
3,vredna
3,vroča,
3,vroče.
3,vročo
3,vrste
3,vsaki
3,vse,
3,vseeno
3,vsega
3,vsem
3,vzdolž
3,vzrok
3,začela
3,začela.
3,začne,
3,zadosti
3,zadovoljen
3,žalost
3,zares
3,zasmejal.
3,zate
3,zato
3,zato,
3,zdi,
3,zdravilo
3,žel.
3,želi
3,želi.
3,želiš
3,želiš,
3,želodec.
3,zemljo.
3,ženi
3,žep.
3,žepu.
3,zgodilo
3,življenja.
3,zlahka
3,znati
3,zobe.
3,zvečer
4,bo.
4,boj
4,boljša
4,čaj
4,ceno.
4,čisti
4,čisto
4,človek.
4,človeka,
4,človeku
4,cvet,
4,dal
4,darilo
4,devet
4,dobim
4,doma
4,domov
4,dovolite,
4,drevo
4,drugega.
4,drugim
4,dušo.
4,ekipa
4,enako
4,enkrat.
4,glasba
4,gnezdo.
4,gospod
4,gre.
4,gre?
4,hej,
4,hotel
4,hrani
4,hudič
4,imamo
4,izdelavo
4,izgubi
4,je?
4,jeza
4,kmet
4,končal
4,konec
4,konec,
4,krčmar
4,kri
4,lakota
4,let
4,lisica
4,mačka
4,mačke
4,majhne
4,mama
4,mano?
4,me.
4,mesto
4,midva
4,mizo.
4,moč
4,modrost
4,modrosti.
4,mogel
4,molči.
4,morala
4,morejo
4,najbolje
4,napisal
4,naredijo
4,nazaj.
4,nekatere
4,nekdo
4,nesreča.
4,nesreče
4,ni.
4,niste
4,njegova
4,njena
4,nobene
4,noč.
4,nove
4,obe
4,obleke
4,oblika
4,obraz.
4,oče
4,odprta
4,oh
4,padel
4,paket
4,papir
4,petelin
4,počneš?
4,poglej,
4,poleg
4,pomeni
4,pot.
4,potrebna
4,potrebno
4,potrebujemo
4,povedal
4,povej
4,pozna
4,pozno
4,prav,
4,preklinjaj
4,prepričan
4,prestrašil
4,prideš
4,prijatelj
4,prijatelja
4,prinese
4,prišla.
4,ptič
4,rado
4,rekel,
4,res.
4,res?
4,resnica,
4,resnici
4,rodi
4,roke
4,sam.
4,sebe
4,sedaj
4,šel?
4,sem?
4,skupaj.
4,solze
4,spal
4,srce,
4,sreče.
4,stala
4,stanovanje.
4,starih
4,štiri
4,storil.
4,storiti.
4,svojega
4,tako?
4,takoj
4,takrat
4,tebi.
4,teh
4,tej
4,tem,
4,traja
4,tvoja
4,ujame
4,umre
4,upam,
4,ust
4,vedel,
4,velika
4,verjeti,
4,verjetno
4,veš?
4,vest
4,veter
4,vi
4,videli
4,vina
4,vino.
4,visoki
4,vlak
4,vode.
4,vodo
4,voljo
4,vreme
4,vsaj
4,vsakdo
4,vsake
4,vstal
4,začel
4,začetek
4,začudil.
4,zaprite
4,zdaj?
4,zgodaj
4,živeti
4,življenje.
4,zlato
4,zlato.
4,zunaj
5,bil?
5,bilo?
5,bova
5,čas.
5,časa
5,čeprav
5,daje
5,del
5,delaš
5,delo.
5,dobil
5,dobrega
5,dolg
5,dolgo.
5,doma.
5,dovolj.
5,drugega
5,duša
5,dveh
5,fant
5,glavi
5,govori,
5,hoče
5,hočeš?
5,imela
5,išči
5,izkušnja
5,jabolko
5,konec.
5,konj
5,legel
5,lepi
5,lepota
5,leta
5,ljubezni,
5,ljudi.
5,mati
5,med.
5,misliš,
5,modri
5,moral
5,moramo
5,moremo
5,najmanj
5,naredim?
5,naredimo
5,nato
5,nič.
5,nikomur
5,nimajo
5,njegove
5,noben
5,nobenega
5,noge.
5,oči,
5,odprite
5,ogenj
5,ogenj.
5,ok,
5,plavati.
5,počasi
5,poglej
5,pomeni,
5,postane
5,potrebuje
5,prazna
5,prišla
5,rada
5,razumem.
5,reči.
5,resnica.
5,sedem
5,si,
5,spet
5,sploh
5,storil?
5,tako,
5,takšen
5,tega.
5,tisti
5,to,
5,travo.
5,tukaj?
5,tvoje
5,uporablja
5,vemo,
5,veselje
5,vinu.
5,vlada
5,vrata.
5,vrne
5,vse.
5,zadnji
5,žal
5,življenju
6,besed
6,besed.
6,bog
6,dejanja
6,glavo
6,glavo.
6,hudo
6,hvala,
6,imate
6,ime?
6,imeti
6,kakšno
6,kod
6,koga
6,kolikor
6,kruh
6,lahko,
6,lažje
6,lepe
6,leto
6,ljubezni.
6,ljubi
6,ljudi
6,mislil
6,mladi
6,mnogo
6,moči.
6,morajo
6,morete
6,nad
6,našel
6,njeno
6,nov
6,obstaja
6,oči.
6,pade
6,pol
6,poln
6,polna
6,pomeni?
6,prav.
6,račun
6,rekel?
6,se,
6,šla
6,smrt
6,srečen
6,star
6,storim?
6,svojih
6,tam,
6,tam.
6,tisoč
6,tisti,
6,ura
6,velike
6,veliki
6,veš
6,vojni
6,vsako
6,zakon
6,zdravnik
6,želim
6,zjutraj
6,zlata
7,–
7,bilo.
7,bodo
7,bogastvo
7,boljši
7,človeka
7,človeka.
7,da,
7,daleč
7,deset
7,dovolj
7,druge
7,dva.
7,dve
7,enkrat
7,grem
7,greš
7,hodi
7,hvala
7,imeli
7,kamen
7,lepa
7,ljubezen,
7,ljubezen.
7,misliš?
7,najboljše
7,naredil
7,nazaj
7,ne.
7,njim?
7,nobena
7,nova
7,ostane
7,pes
7,pet
7,pojdi
7,pravi
7,prihaja
7,redko
7,resnico,
7,skozi
7,srca.
7,stare
7,starost
7,storiti?
7,svoji
7,tako.
7,tam
7,tem?
7,težko.
7,tisto,
7,tukaj.
7,vem.
7,vsaka
7,zdi
7,želite
7,žena
7,ženska
7,zgodilo?
7,zna
8,bili
8,bomo
8,celo
8,dela
8,dobro,
8,dolga
8,drugi
8,govori
8,laž
8,misliš
8,morem
8,moški
8,mož
8,nisi
8,njegov
8,oba
8,oči
8,pamet
8,pogledal
8,prišel
8,radi
8,slab
8,slabo
8,sonce
8,sreče
8,strani.
8,svet
8,ve,
8,visoko
8,vseh
8,živi
8,zmeraj
9,-
9,dan.
9,globoko
9,gre
9,imel
9,ker
9,najboljša
9,najboljši
9,nas
9,nesreča
9,ničesar
9,otroci
9,pot
9,precej
9,prej
9,srce
9,srce.
9,staro
9,stvari
9,tem
9,to.
9,toliko
9,torej
9,vem,
9,ves
9,veš,
9,voda
9,vrata
9,začne
10,beseda
10,česar
10,daj
10,eno
10,hočeš
10,jezik
10,jutri
10,kakšna
10,najbolj
10,nam
10,novo
10,otrok
10,pod
10,pogosto
10,prijateljstvo
10,saj
10,srečo
10,tukaj
10,tvoj
10,vas
10,velik
11,dober
11,imam
11,ja,
11,jaz
11,k
11,kakšen
11,manj
11,moje
11,moreš
11,naredil?
11,nima
11,niso
11,potem
11,preden
11,prosim,
11,proti
11,videl
12,bodi
12,boste
12,denar
12,dva
12,imaš
12,kdaj
12,koliko
12,mogoče
12,res
12,resnica
12,sam
12,sama
12,šel
12,sem,
12,stara
12,tem.
12,vam
13,dobra
13,kadar
13,more
13,niti
13,no,
13,prav
13,pride
13,to?
13,torej,
13,všeč
13,zaradi
14,čez
14,danes
14,delo
14,imajo
14,lepo
14,moram
14,preveč
14,sva
14,svojo
14,toda
15,kdo
15,med
15,nihče
15,prvi
15,težko
15,vendar
15,vino
16,dokler
16,en
16,je.
16,ljudje
16,naredi
16,pred
17,ena
17,hitro
17,kam
17,mislim,
17,ob
17,on
17,vojna
18,ji
18,mora
18,nisem
18,oh,
18,vsi
19,čas
19,dolgo
19,rad
20,bolje
20,dan
20,ljubezni
20,svoj
20,svoje
20,zdaj
21,bom
21,kakor
21,smo
21,tega
22,besede
22,moja
23,biti
23,bolj
23,je,
24,treba
24,zelo
25,moj
25,nekaj
26,me
27,ampak
27,jih
27,kjer
27,le
27,življenje
28,kje
28,ne,
28,sta
29,do
29,malo
29,vsak
30,a
30,boš
30,vedno
30,že
31,ste
32,dobro
33,nikoli
34,ta
35,nič
36,te
37,mu
37,več
38,jo
39,človek
39,o
40,vse
41,sreča
43,pri
44,veliko
45,zakaj
46,samo
47,kar
48,naj
53,brez
56,bil
57,bila
58,po
58,še
60,ima
60,iz
62,tudi
63,bo
65,tako
66,bilo
66,ti
67,ljubezen
69,ko
69,od
72,mi
72,sem
75,ga
76,kako
76,ki
76,s
86,ali
107,kdor
113,če
113,pa
115,bi
115,z
116,lahko
130,si
133,kot
136,so
163,za
181,ni
196,da
199,kaj
206,to
216,na
249,in
351,v
450,ne
453,se
1201,je
