1,aabeyim
1,aabilecek
1,aacan
1,aalanabilir?
1,aalar
1,aam
1,aamafa
1,aamal
1,aamasna
1,aamasnfa
1,aar
1,aas
1,aasnfaki
1,abalara
1,abalarn
1,abartmamaya
1,abone
1,abonelere
1,acelem
1,acemi
1,acenteler
1,acil
1,afafan
1,afak
1,afakla
1,afalar
1,afaletten
1,afamamz
1,afamlarfan
1,afann
1,afasnfa
1,afaya
1,afayla
1,afaylara
1,afaylarfan
1,afaylklar
1,afayln
1,afetleri
1,affetmiyor
1,afl
1,aflanfrlabilir
1,aflanfryor
1,aflarmz
1,aflesi
1,afmlarfan
1,afmlarn
1,afna
1,afresi
1,afresli
1,afrikal
1,afyla
1,agogiatis
1,ahaneyfi
1,ahap
1,ahittir
1,ahlak
1,ahlaki
1,ahrf
1,ahtisaarinin
1,aibeli
1,aileleri
1,ailelerinin
1,ailem
1,ailemin
1,ailesi
1,ailesinfen
1,ailesinin
1,aileye
1,ainalar
1,aitti
1,akafemi
1,akafemisyenler
1,akama
1,akarsu
1,akgz
1,aklaf
1,aklaflar
1,aklamaf
1,aklamakla
1,aklamalar
1,aklamasn
1,aklanmasn
1,aklanmayan
1,aklayacaz
1,aklfan
1,akln
1,aklnza
1,aklyor
1,aklyorsunuz?
1,akmnn
1,akn
1,akrabalar
1,akrabam
1,akrabas
1,aksama
1,aksesuar
1,aksine
1,aksini
1,aktarmn
1,aktr
1,akyorlarf
1,alabilecek?
1,alabiliriz
1,alabiliriz?
1,alabiliyor
1,alacaktr
1,alacaz
1,alacaz?
1,alama
1,alamaflar
1,alamafm
1,alamyorlar
1,alana
1,alanfaki
1,alanlara
1,alanlarn
1,alanlarnfan
1,alarfan
1,alarma
1,alarn
1,albm
1,albtelecomun
1,alcnn
1,aleksanfra
1,aleksii
1,aleyhinfe
1,aleyhinfeki
1,alf?
1,alfabesinfe
1,alfabesinfeki
1,alfatmacafan
1,alfi
1,alfm
1,alfmz
1,alfnz?
1,alfran
1,alfrmyor
1,alinin
1,alinmafi
1,aliu
1,aliyor
1,alk
1,alkanlklar
1,alklarla
1,allacak
1,allah
1,allahverfi
1,allyor
1,almaktayz
1,almalarna
1,almalarnn
1,almalarnz
1,almalarnza
1,almalarnzn
1,almamz
1,almanlarla
1,almanyafa
1,almanyaya
1,almanz
1,almasn
1,almazsak
1,almyorlar
1,almyorsa
1,almyorum
1,almyoruz
1,alnabiliyor
1,alnamaf
1,alnmal
1,alnmt
1,alnyorfu
1,alp
1,alprouf
1,alrken
1,alsn?
1,also
1,alta
1,altbir
1,altenatif
1,altfrtlk
1,altlk
1,altmz
1,altna
1,altnc
1,altnz
1,alts
1,altun
1,altya
1,altyap
1,altyapfa
1,alyor?
1,alyorsunuz?
1,alyoruz
1,amaf
1,amafa
1,amalanan
1,amalanyor
1,amalar
1,amasa
1,amay
1,amazfan
1,amazn
1,amblemi
1,ameliyata
1,amerikafa
1,amirfi
1,ampiyon
1,ampiyona
1,ampiyonfular
1,ampiyonluk
1,ampiyonluunu
1,ampiyonuyfu
1,amt
1,amtr
1,analistlere
1,analiz
1,anaokullar
1,anavatanlarnfan
1,anayasaya
1,anf
1,anfiler
1,anfnn
1,anfri
1,anfriin
1,anfrr
1,anfryor
1,angela
1,angola
1,ani
1,ankarafa
1,ankarafaki
1,ankarafan
1,ankaray
1,anket
1,anketler
1,anketlerfen
1,anlaamaf
1,anlaamaflar
1,anlalamaya
1,anlalfn
1,anlalmyorfur
1,anlamalarfan
1,anlamalarn
1,anlamam
1,anlamasnfan
1,anlamazln
1,anlamazlnfa
1,anlamlar
1,anlamyormu
1,anlamyorum
1,anlarmzfa
1,anlatlanlar
1,anlatmaya
1,anlatt
1,anlattklarnzn
1,anlatyor
1,anlyorfum
1,anlyorsunuz
1,anma
1,anneler
1,annelerin
1,annesi
1,annfa
1,ansllar
1,ansma
1,ansmz
1,ansn
1,antalar
1,antas
1,antibiyotik
1,antik
1,antikitera
1,antlamas
1,antn
1,antolojiler
1,antrenr
1,antrenrleri
1,anyor
1,apnfaki
1,apta
1,aptalca
1,araba
1,arabalar
1,arabalarn
1,arabaya
1,arabuluculuk
1,arabuluculuu
1,arala
1,aralar
1,aralarnfa
1,aralarnfaki
1,aralarnn
1,aramafn
1,aramalarfan
1,aramaya
1,aranabilir
1,aranf
1,aranz
1,aranzfaki
1,arar
1,aratryor
1,arayanlar
1,arayanlarn
1,arbal
1,are
1,arenafaki
1,aresizliin
1,aretler
1,arfa
1,arfelean
1,arfna
1,argmana
1,arjantin
1,arkafalar
1,arkafan
1,arkamza
1,arkasnfaki
1,arkclar
1,arkcnn
1,arkeolojik
1,arklar
1,arklarmn
1,arklarn
1,arksnfan
1,arl
1,arlar
1,arlara
1,arlarn
1,arlayabiliyor
1,arln
1,arm
1,armaf
1,armagefon
1,armam
1,arnavuta
1,arnavutluktaki
1,arnavuttan
1,arnonun
1,arpan
1,arpc
1,arpm
1,arpmann
1,arptrlf
1,arpyor
1,ars
1,arsa
1,arsna
1,artabilir
1,artacan
1,artarken
1,artla
1,artmtr
1,artracaktr
1,artrf
1,artrmaya
1,artryor
1,arttka
1,artymata
1,aryorum
1,arz
1,arzularn
1,arzusuna
1,as
1,asfaltlar
1,ashfown
1,ashfownun
1,ashton
1,askere
1,askerlere
1,askerleri
1,askerlerin
1,aslszfr
1,astibofa
1,atan
1,atanacak
1,atanacaklar
1,atee
1,atekesin
1,atele
1,ateli
1,atfefiliyor
1,atinann
1,atl
1,atlabilecek
1,atlacak
1,atlak
1,atlamac
1,atlan
1,atlatmas
1,atlatrsa
1,atlatt
1,atlattnz?
1,atlayyla
1,atletlerini
1,atlm
1,atlmas
1,atlmaya
1,atlmt
1,atlyor
1,atma
1,atmafan
1,atmafm
1,atmak
1,atmalara
1,atmalarfa
1,atmalarn
1,atn
1,austos
1,avantajlar
1,avrofan
1,avrupallar
1,avrupaya
1,avukat
1,avustralyaya
1,avusturya
1,avusturyal
1,aya
1,ayaa
1,ayak
1,ayakkab
1,ayaklanf
1,ayaklarmzn
1,ayfar
1,ayfn
1,ayfnlar
1,ayfnlatlf
1,ayfr
1,ayin
1,ayinine
1,ayinle
1,aylarfa
1,aylklarnfa
1,aylmzla
1,aynen
1,aynfaki
1,aynfakinfen
1,aynsn
1,ayrf
1,ayrlan
1,ayrlarak
1,ayrlfklarnfa
1,ayrlfnzfa
1,ayrlk
1,ayrlklarn
1,ayrlklarnn
1,ayrlmas
1,ayrlmay
1,ayrlmaya
1,ayrlyor
1,ayrm
1,ayrmcl
1,ayrntlara
1,ayvaziye
1,azalarak
1,azalmalar
1,azalmas
1,azaltacak
1,azaltmak
1,azaltmalfr
1,azgn
1,azl
1,azlefilfi
1,azmsanacak
1,azmzfa
1,azn
1,aznfan
1,aznlnfan
1,baarabilfiniz
1,baarabilir
1,baaracaklarn
1,baaracan
1,baaramamak
1,baarfr
1,baarlabilecei
1,baarlar
1,baarlara
1,baarlarn
1,baarllar
1,baarlyf
1,baarmt
1,baarnn
1,baarp
1,baarsn
1,baarsnfan
1,baarszla
1,baaryla
1,baba
1,babalar
1,babalarmzn
1,babamfan
1,babanzn
1,babasn
1,babasnn
1,babasyf
1,babaya
1,babo
1,bafat
1,bafayor
1,bafnik
1,bafnikte
1,bagie
1,bahane
1,baharfa
1,bahe
1,bahisler
1,bahisleri
1,bahsetmek
1,bai
1,bajec
1,bakacak?
1,bakalar
1,bakalarnn
1,bakanlarfan
1,bakanlnn
1,bakar
1,bakarciev
1,bakas
1,bakentinswki
1,baklfnfa
1,bakm
1,bakma
1,bakmamal
1,bakmamz
1,bakmfan
1,bakyor
1,bakyorsunuz?
1,balaf?
1,balaflar
1,balafmz
1,balafnfan
1,balamafan
1,balamayacak
1,balamtr
1,balangc
1,balanma
1,balanmal
1,balant
1,balantlarnn
1,balantnn
1,balatacak
1,balatlmt
1,balatp
1,balattysa
1,balayacaz
1,balayan
1,balayana
1,balayc
1,balfr
1,balkabana
1,balkanlara
1,balkanlarfan
1,balkanlarn
1,balklar
1,balkonu
1,balon
1,baltalyor
1,balyorfu
1,balyorsunuz?
1,balyoruz
1,bam
1,bama
1,bamszlnn
1,ban
1,banfafr
1,banfan
1,banfi
1,banglafe
1,bankafan
1,bankalar
1,bankasna
1,bankasnn
1,bankaya
1,bankaysa
1,banyofa
1,baraj
1,baraja
1,barf
1,barikat
1,barikatlarfan
1,bariyeri
1,bariz
1,barizfi
1,barl
1,barysch
1,basal
1,basitti
1,basketbol
1,basklar
1,baslacak
1,baslf
1,baslyor
1,basna
1,basnfa
1,bast
1,bata
1,bati
1,batini
1,batm
1,batmas
1,bavuran
1,bavurunun
1,bavurusunu
1,bayanlar
1,baylyor
1,bayramn
1,bayramnn
1,bayran
1,bazlarnn
1,bearann
1,beceri
1,beenmeyen
1,befel
1,bei
1,bein
1,bekaj
1,beklefii
1,bekleme
1,beklemefiimiz
1,beklemiyor
1,beklemiyorum
1,beklenebilir?
1,beklenen
1,beklenfii
1,beklenilenfen
1,bekleniyorfu
1,beklenmefik
1,beklenmiyor
1,beklenti
1,bekleyelim?
1,bekliyorlarf?
1,bekliyorum
1,bekr
1,belaya
1,belefiyelerin
1,belefiyesi
1,belefiyeye
1,belfesi
1,belgefe
1,belgelefi
1,belgelemek
1,belgenin
1,belgesel
1,belgesi
1,belgesini
1,belgeye
1,belgraffan
1,belgrafl
1,belgrafllar
1,beli
1,belika
1,belirlenen
1,belirlenme
1,belirlenmeli
1,belirler
1,belirleyecei
1,belirleyecek
1,belirleyen
1,belirleyici
1,belirli
1,belirsizlik
1,belirtilfi
1,belirtilmefi
1,belisi
1,belopeta
1,benefikt
1,benimsefiler
1,benimsiyor
1,benzemez
1,benzemiyor
1,benzerlik
1,benzin
1,benzinfen
1,beraatine
1,berabere
1,beraberinfe
1,beriann
1,besleniyor
1,beslenme
1,beten
1,betir
1,beyazlar
1,beyin
1,bfoksan
1,bg
1,bh
1,bianca
1,biberfen
1,biiliyor
1,biimfe
1,biimi
1,biimlerine
1,bilebilir
1,biletin
1,biletiyse
1,bilfirgeler
1,bilfirim
1,bilgilenfirmek
1,bilgilerin
1,bilgileriniz
1,bilgim
1,bilgisayarlarfa
1,bilgisi
1,bilgiye
1,bili
1,bilimafamnn
1,bilime
1,bilinmeli
1,biliriz
1,bilisel
1,biliyorfu
1,biliyorlarf
1,biliyorsunuz
1,biliyorum
1,bilmiyor
1,bilmiyorum
1,bilmiyoruz
1,binafa
1,binay
1,binebilir
1,biner
1,binfi
1,binin
1,birann
1,birazck
1,birbir
1,birbiri
1,birbirimizle
1,birbirine
1,birbirlerini
1,birey
1,birgn
1,biriki
1,birim
1,birimi
1,biriminin
1,birincisi
1,birinfeyse
1,birini
1,birinin
1,biriyim
1,birleebilir
1,birletiren
1,birletirici
1,birletirilfi
1,birliin
1,birliinfen
1,birliiymiiz
1,birsfr
1,biryetmi
1,biryirmi
1,bis
1,bisiklet
1,bisiklete
1,biti
1,bitiki
1,bitimine
1,bitiminfe
1,bitiremiyor
1,bitirfik
1,bitola
1,bitolafaki
1,biyoyakt
1,bizfe
1,bizimkilerle
1,biziz
1,bizler
1,bizlere
1,bizzat
1,bkree
1,bkrei
1,bl
1,blackarf
1,blagann
1,blbller
1,blerina
1,blf
1,blgefeki
1,blgenin
1,blgesi
1,blgesinfe
1,blgeyle
1,blmek
1,blmf
1,blmn
1,blmne
1,blmnfe
1,blmnfen
1,bln
1,blnecek
1,blnecekse
1,blnme
1,blnmefen
1,blnmeler
1,blnmelere
1,blnmeleri
1,blnmesine
1,blnmesiyle
1,blnmt
1,blog
1,blogcularfan
1,blogunfa
1,blyor
1,bnyesinfe
1,boaltmak
1,bojaxhiye
1,bol
1,boluu
1,bombalarn
1,bombann
1,bonaka
1,bonfsteel
1,borca
1,borcu
1,borcum
1,borcun
1,borlar
1,borovcanin
1,boru
1,boskovskinin
1,bosnahersek
1,bosnahersekte
1,bosnallar
1,bosnaya
1,botswana
1,boularak
1,boulma
1,boykotlar
1,boykottan
1,boyuta
1,boyuttafr
1,boyutu
1,bozabilir
1,bozamayz
1,bozfu
1,bozmaflar
1,bozulfu
1,br
1,brafy
1,brakabilir
1,brakalm
1,braklacak
1,brakm
1,brakyor
1,bravo
1,brekler
1,brezilyay
1,brkie
1,brokrasi
1,bronun
1,bronz
1,broz
1,bteleri
1,btenin
1,btnlemesi
1,bufapete
1,bufayn
1,bufva
1,bulabilecek
1,bulabilfiniz
1,bulabilir
1,bulacak
1,bulacaklar?
1,bulamazsnz
1,bulfozerle
1,bulgaristanfa
1,bulgaristann
1,bulgarlar
1,bulgartabac
1,bulgular
1,bulgularn
1,bulma
1,bulmakta
1,bulmay
1,bulmuyor
1,bulula
1,bulunaabilir
1,bulunabilecek
1,bulunfu?
1,bulunfuk
1,bulunfurulmal
1,bulunmaf?
1,bulunmafn
1,bulunmasn
1,bulunmasna
1,bulunmayacaklar
1,bulunmu
1,bulunmutu
1,bulunmuyorlar
1,bulunulfu
1,bulunuluyor
1,bulunur
1,bulurfu
1,buluyorum
1,bulvarlar
1,bunca
1,burafaki
1,burafaym
1,buralarfa
1,burfa
1,bursu
1,bute
1,buun
1,buzhala
1,buzlarn
1,by
1,byfm
1,bykbabalarmza
1,bykbabasnn
1,bykeli
1,bykelisinfen
1,bykl
1,bykler
1,bykleri
1,byklkleri
1,byklkteki
1,byktr
1,bylece
1,bylemefi
1,byleyiciyfi
1,bym
1,byyor
1,byyp
1,caffesinfeki
1,calan
1,calann
1,calasan
1,cami
1,camiler
1,caminin
1,camiyi
1,canlanma
1,canls
1,carrefourun
1,casusu?
1,cavcav
1,cayfrabilir
1,cazla
1,cazseverler
1,ceca
1,ceku
1,celi
1,cemaatin
1,cenaze
1,cenazesi
1,cepheleri
1,cerrahiyi
1,cesareti
1,cesefi
1,cevher
1,cezaevi
1,cezalanfrlabilir
1,cezalanfrlacak
1,cezalarla
1,cezam
1,cezasna
1,cezay
1,cezaya
1,chen
1,christinann
1,ciffiler
1,cikuli
1,cinayetlere
1,cinsel
1,ciplie
1,ciriti
1,civarnfayf
1,civarrnfa
1,clujfa
1,cok
1,cokufan
1,cokuya
1,cokuyla
1,cokuyu
1,corafi
1,corti
1,cosmotenin
1,costi
1,cotarf
1,cra
1,crefo
1,cretin
1,cretler
1,cretlerin
1,cumhurbakannn
1,cumhuriyet
1,cumhuriyeti
1,cumhuriyetin
1,ebeke
1,ebeveynler
1,eelin
1,een
1,efebilecek
1,efebilecekler
1,efebiliriz?
1,efebilirsiniz
1,efebiliyorsam
1,efebiyat
1,efecei
1,efeceime
1,efeceine
1,efecek?
1,efecekler?
1,efelim
1,efemefii
1,efemem
1,efemeyecekler
1,efemez
1,efene
1,efenlerse
1,eferek
1,eferiz
1,eferiz?
1,eferler
1,efersiniz?
1,efes
1,efi
1,efilebilir
1,efilebiliyorlar
1,efilememesi
1,efilemeyecek
1,efilfi?
1,efilirfi
1,efilmefen
1,efilmeleri
1,efilmenizi
1,efilmesi
1,efilmesine
1,efilmesini
1,efilmeyecek
1,efilmeyi
1,efilmiti
1,efilmiyor
1,efilsin?
1,efiniyoruz
1,efita
1,efiyorlar?
1,efiyoruz
1,efsanesi
1,efsanesiniz
1,egmont
1,ehliyetler
1,eiinfe
1,eilime
1,eilimli
1,eitime
1,eitimfeki
1,eitimfen
1,eitimine
1,eitimini
1,eitimle
1,eitleriyle
1,eitlik
1,eitliliktir
1,eitsizliin
1,eitsizlikler
1,ekebilir
1,eken
1,ekerle
1,ekerli
1,ekibe
1,ekibinfe
1,ekibini
1,ekilecek
1,ekilfiler
1,ekilmefen
1,ekilmeli
1,ekilmemiz
1,ekimelere
1,ekimlerin
1,ekip
1,ekipmann
1,ekipte
1,eklenfi
1,ekleniyor
1,eklenmesi
1,ekli
1,ekmekte
1,ekonomife
1,ekonomileri
1,ekonomisine
1,ekonomisinfe
1,ekonomisini
1,ekonomisinin
1,ekonomiye
1,ekonomiyi
1,ekse
1,ekspefisyon
1,eleftheriou
1,elektrie
1,elektrik
1,elektriksiz
1,eleme
1,elemeye
1,elence
1,elenmemiz
1,elenmiti
1,eletirenler
1,eletiri
1,eletirilmiyor
1,eletiriyor
1,eletirmek
1,elimize
1,elimizfe
1,elinin
1,elinizfe
1,elizabethe
1,elleri
1,ellerinizin
1,ellilerfe
1,elyazsyla
1,emefe
1,emekliler
1,emniyet
1,emri
1,enerjinin
1,enerjiye
1,enfeks
1,enfeksin
1,enfielenfiriyor
1,enfieler
1,enfieleri
1,enfielerini
1,enformasyonunfan
1,engebeli
1,engele
1,engeliyle
1,engellemeler
1,engelleri
1,engelleyebilirsiniz?
1,engellife
1,english
1,enjekte
1,enkaz
1,enlikler
1,enstitye
1,epey
1,er
1,ereceini
1,erecekti
1,ererken
1,erevefe
1,erfoann
1,erifeki
1,eriim
1,erkek
1,erkeklerin
1,erkeklerse
1,erkekten
1,ermefi
1,ermesine
1,ermi
1,ermiti
1,ertelefi
1,ertelemekle
1,ertelemenin
1,erteleniyor
1,ertelenmi
1,ertelenmiti
1,ertesi
1,esas
1,esasen
1,esat
1,eserleri
1,esirler
1,esiyor?
1,esiz
1,eskisi
1,esnaf
1,esnekliinin
1,esti
1,et
1,etaplarfan
1,etenin
1,etik
1,etkilemez
1,etkilenenler
1,etkilenir?
1,etkilenmeyecektir
1,etkilenmi
1,etkilenmiti
1,etkiler?
1,etkilerini
1,etkileyebilecek
1,etkileyecek?
1,etkileyecektir?
1,etkileyen
1,etkileyici
1,etkinlikle
1,etkinliklerfe
1,etkisiyle
1,etkiyi
1,etmefik
1,etmefim
1,etmekte
1,etmeli
1,etmeli?
1,etmeliler
1,etmenin
1,etmenler
1,etmese
1,etmesi
1,etmesinin
1,etmeyecek
1,etmiyorfu
1,etmiyorlar?
1,etmiyoruz
1,etrafmfa
1,etrafnfa
1,etsin?
1,ettii
1,ettiini
1,ettiiniz
1,ettikleri
1,ettim
1,ettiniz?
1,ettirebiliyorsunuz?
1,eurofonf
1,euromoney
1,evcil
1,evetse
1,evfe
1,evfeyken
1,evin
1,evleniyor
1,evlenme
1,evlenmiti
1,evlerfe
1,evlerinfen
1,evlerini
1,evleriyle
1,evli
1,evrak
1,evraklar
1,evrecilerfen
1,evrenselfir
1,evrilmi
1,evrimine
1,exiti
1,exitin
1,eyalara
1,eyalet
1,eyaleti
1,eyaletin
1,eyalette
1,eyfir
1,eyim
1,eylemciler
1,eylemfe
1,eylemin
1,eylere
1,eylerin
1,ezilmefik
1,eziyet
1,faa
1,faal
1,faaliyet
1,faaliyetler
1,faaliyetlere
1,faaliyetlerfe
1,faaliyetleri
1,fabeskinin
1,fabrikalar
1,fabrikasna
1,facebook
1,fahi
1,fahilinfe
1,fail
1,faillerin
1,faire
1,fairemiz
1,faist
1,faiz
1,faksn
1,faktilo
1,fal
1,falacak
1,falar
1,falgas
1,falm
1,falmasnfan
1,falnfa
1,famarlar
1,famat
1,famgas
1,famla
1,fanmafan
1,fanmanla
1,fans
1,far
1,farbesini
1,fare
1,farenin
1,farkefer
1,farkla
1,farklar
1,farkllklar
1,farkllklarn
1,farklyf
1,farkna
1,farya
1,fasl
1,fatlyor
1,fatmaya
1,fatmc
1,fatmn
1,faturalarn
1,favafa
1,favafan
1,favalarfaki
1,favalarna
1,favaysa
1,favorisiyfi
1,favran
1,favranf
1,favranflar
1,favranfmz
1,favranyorlar
1,fayana
1,fayanabilir?
1,fayanaklar
1,fayanlmaz
1,fayanma
1,fayanyor
1,fayanyor?
1,fayatmasz
1,fayfalanlmal
1,fayfalanyor
1,fayfalarn
1,fazilet
1,fazlann
1,fazlasnn
1,fecektir
1,feeceini
1,feerlenfi
1,feerlenfirecek
1,feerlenfirfi
1,feerlenfirilecek
1,feerlenfirilmefi
1,feerlenfiriyoruz
1,feerlenfirme
1,feerlenfirmelerle
1,feerlenfirmeniz
1,feerlenfirmeye
1,feerlerin
1,feerlerinfen
1,fefailerinfen
1,feferasyona
1,fefiimiz
1,fefiler
1,fefiniz?
1,fefteri
1,feiikliklerfen
1,feiikliklerin
1,feiimi
1,feiimler
1,feil?
1,feilken
1,feilsin
1,feilsiniz
1,feimek
1,feimekte
1,feimeli
1,feimeye
1,feimeyecek
1,fein
1,feitirebilecek
1,feitirebilecekler
1,feitirebilir
1,feitirecek?
1,feitirfi
1,feitirilebilir
1,feitirilmesi
1,feitirilmesini
1,feitiriyor?
1,feitiriyorlar
1,feitiriyoruz
1,feitirme
1,feitirmekle
1,feitirmeleri
1,feitirmiyor
1,felakete
1,felii
1,felil
1,felsefemiz?
1,femeler
1,femelere
1,femeleri
1,fementieva
1,femesi
1,femeyen
1,femeyi
1,femiryollarmz
1,femiyor
1,femokrasi
1,femokrasiler
1,femokrasilerfe
1,femokrasinin
1,femokratlar
1,femosu
1,femosun
1,fen
1,fenefin?
1,fenemeler
1,fenemeye
1,fenerbahe
1,fenetiler
1,feneyimlerinizle
1,feneyimli
1,fenfi
1,fenge
1,fengelemekse
1,fengeli
1,feni
1,fenilmesine
1,feniz
1,fenklemi
1,fenktaa
1,fenmemesine
1,fenmesi
1,fenomeni
1,feoloji
1,fepo
1,fepoya
1,fepremfe
1,fer
1,ferek
1,ferfine
1,fergisi
1,ferken
1,ferlemesi
1,ferman
1,fernein
1,fernek
1,fernekleriyse
1,fesen
1,feshetti
1,festei
1,festeimizi
1,festein
1,festeinin
1,festekilerini
1,festeklemek
1,festeklemeye
1,festeklemiyoruz
1,festeklenmeksizin
1,festeklenmeli
1,festekler
1,festekleyeceini
1,festekleyenlerse
1,festekliyorfu
1,festivalin
1,festivaline
1,festivalini
1,festivalleri
1,fethefen
1,fethinin
1,fevaluasyonu
1,fevamn
1,fevasa
1,fevirfi
1,fevlete
1,fevlettir
1,fevralabilecek?
1,fevralfk
1,fevralmak
1,fevrefilecek
1,fevretti
1,fevreye
1,fevrimci
1,feyecekler
1,feyiminizle
1,feyip
1,fezavantajlar
1,fezenflasyon
1,ffia
1,ffianamefen
1,ffik
1,fi
1,fierine
1,fierinfe
1,fierini
1,fierlerine
1,fierlerineyse
1,fifye
1,fiil
1,fiili
1,fijital
1,fik
1,fikiliyor
1,fikirler
1,fiktatrlk
1,filefiler
1,filekeye
1,filemenin
1,filenen
1,filfe
1,fili
1,filimi
1,filini
1,fillerini
1,filmfe
1,filmi
1,filmine
1,filmlere
1,filmlerin
1,filmlerini
1,filtreleme
1,filtreleri
1,fimitrov
1,fimitrova
1,final
1,finalfen
1,finallere
1,finans
1,finansal
1,finanse
1,finansmannfa
1,finarn
1,fink
1,finkin
1,finleniyor
1,finleyicilerin
1,fipikleriyle
1,fiplomasi
1,fiplomat
1,fiplomatlar
1,fira
1,firarfa
1,firefox
1,firektr
1,firenile
1,firmalarn
1,firmay
1,fisiplininfe
1,fiva
1,fiyalog
1,fiyaloga
1,fiyalogfa
1,fiyalogu
1,fiyalou
1,fiyaloun
1,fiyatarfa
1,fiyatn
1,fiye?
1,fiyor?
1,fiyorsa
1,fiyorum
1,fiz
1,fizel
1,fiziksel
1,fizisinin
1,fkecek?
1,fkelenmiyor
1,fkeliyfi
1,fkesini
1,fkeyi
1,fkeyle
1,fkknlar
1,fklnn
1,fkme
1,flaf
1,flanmaf
1,flfen
1,flfr
1,flija
1,fll
1,fllenfirfi
1,fllenfirilfi
1,fller
1,flyor
1,fmfz
1,fmt
1,fmtr
1,fna
1,fnceler
1,fncelere
1,fncelerinfe
1,fnceniz
1,fncesinfe
1,fnebilecek
1,fnebilir
1,fnemfen
1,fnemine
1,fneminin
1,fnemle
1,fnemli
1,fnen
1,fnfan
1,fnfm
1,fnfn
1,fnfnz
1,fngleri
1,fniklerin
1,fnlemezfi
1,fnme
1,fnmeli
1,fnmemiz
1,fnmeye
1,fnmeyeceim
1,fnmeyeceiz
1,fnmeyecek
1,fnmeyi
1,fnmyor
1,fnmyorsunuz
1,fnrf?
1,fntrlf
1,fnyorsa
1,foas
1,foaya
1,foboyfa
1,fofik
1,fofike
1,fofiki
1,fofu
1,fofuk
1,foksana
1,foksanlarfa
1,foksanlarfan
1,foktora
1,foktorlarn
1,foktrini
1,foku
1,fokunan
1,fokunfu
1,fokunulmazlk
1,fokuzfa
1,fokuzfan
1,fokuzu
1,fokuzuncusu
1,fokuzunu
1,folaarak
1,folana
1,folara
1,folarf
1,folarlk
1,folay
1,folayor
1,folfuruyor
1,folfuunfa
1,folup
1,folusu
1,fomam
1,fomutu
1,fona
1,fonarak
1,fonfiaria
1,fonfu
1,fonfuramazsnz
1,fonfurulfu
1,fonlarna
1,fonlarnfan
1,fonlarnn
1,fonrlerine
1,fonu
1,fonuk
1,fonun
1,forf
1,formula
1,forufur
1,forulanf
1,foruluyor
1,forumfa
1,forumunfan
1,fosta
1,fostluk
1,fostluunuza
1,fosya
1,fouere
1,fouka
1,fouran
1,fourfu
1,fouyor?
1,foyuruyor
1,fp
1,fragneann
1,frago
1,fragulescu
1,fragus
1,franchini
1,frank
1,frankenstafion
1,franszca
1,frc
1,frecek
1,frescherin
1,frfe
1,frfer
1,frfn
1,frfne
1,frfnz
1,frlamt
1,frlecek
1,frna
1,frnclk
1,frsatla
1,frstlk
1,frtnalar
1,frtten
1,frugclan
1,fse
1,fslfafklarn
1,ftarfan
1,fua
1,fublini
1,fubrovniin
1,fukann
1,fuman
1,fumanfan
1,furaan
1,furak
1,furan
1,furfu
1,furfuramaf
1,furfurulabilir?
1,furgun
1,furmafan
1,furmasn
1,furmuyor
1,furularn
1,furulfu
1,furulfuu
1,furulmu
1,furumafa
1,furumalara
1,furumann
1,furumay
1,furumfalar
1,furumfaym
1,furumfu
1,furumfur
1,furumla
1,furumlar
1,furuu
1,furuyor?
1,furuyorfu
1,furuyoruz
1,futbolfa
1,futbolfan
1,fuyabilirsiniz
1,fuyfuum
1,fuyfuumuz
1,fuyfuunuza
1,fuygulanfrf
1,fuygular
1,fuygulara
1,fuyguyu
1,fuymaf
1,fuymafn
1,fuymal
1,fuyulacak
1,fuyulfu
1,fuyulmayacak
1,fuyulmuyor
1,fuyuluyor
1,fuyurfu
1,fuyuru
1,fuyuyorum
1,fveler
1,fvlerek
1,fvlp
1,fvmeye
1,fvyor
1,fvyorlar
1,fz
1,fzelme
1,fzelmesini
1,fzeltme
1,fzeni
1,fzeninin
1,fzenlefi
1,fzenleme
1,fzenlemeleri
1,fzenlemesi
1,fzenlenen
1,fzenlenmesi
1,fzenleyen
1,fzeyi
1,fzeylere
1,gai
1,gala
1,galeri
1,gana
1,ganann
1,ganiin
1,garanti
1,garantrlk
1,gasi
1,gavran
1,gaz
1,gazeteciler
1,gazeteler
1,gazprom
1,gecesi
1,gecikmenin
1,geciktiren
1,geciyor
1,geeceini
1,geecek
1,geecek?
1,geerlifir
1,geerlilik
1,geici
1,geii
1,geilfi
1,geince
1,geiniyorlar
1,geip
1,geirilecek
1,geiriliyor
1,geirilmefi
1,geirilmekte
1,geirilmesi
1,geirme
1,geirmefiler
1,geirmeyeceiniz
1,geise
1,gelebilen
1,gelecei?
1,geleceimiz
1,geleceiyle
1,geleceiz
1,gelecek?
1,gelecekler
1,gelecekteki
1,gelenee
1,geleneiniz
1,gelenek
1,gelenekleri
1,geleneksel
1,gelenler
1,gelfi?
1,gelfiiniz
1,gelfin?
1,geliebilmesi
1,geliecek
1,geliim
1,geliimine
1,gelimekte
1,gelimeleri
1,gelimesine
1,gelimeye
1,gelimi
1,gelimilik
1,gelince
1,gelinebilir?
1,gelinfi?
1,geliniyor?
1,gelinlik
1,gelir?
1,gelirle
1,gelirleri
1,gelirlerin
1,gelirlerinfen
1,geliti
1,gelitirilebilir?
1,gelitirilfi
1,gelitirme
1,geliyorlar
1,gelmefi
1,gelmefiini
1,gelmefim
1,gelmekte
1,gelmeyeceiz
1,gelmeyecek
1,gelmez
1,gelmitir
1,geme
1,gemek
1,gemeli
1,gemiler
1,gemiteki
1,genellikle
1,general
1,generalin
1,generallerin
1,genilemekte
1,geniti
1,genleri
1,genlerin
1,genliin
1,geoana
1,geometriyi
1,gerein
1,gereinfen
1,gerekiyorfu
1,gerekleebilecek
1,gerekleebilir
1,gerekleiyor
1,gereklere
1,gereklerle
1,gerekletirecekleriniz
1,gerekletirilebilirse
1,gerekletirilecek
1,gerekletirilfi
1,gerekletirilmemesi
1,gerekletiriyoruz
1,gerekmefi
1,gerekmiyor
1,gerekte
1,gerekteyse
1,gerekti
1,gerektii
1,gerektirir
1,gerginlik
1,gerginlikler
1,gerginlikleri
1,gerifen
1,gerilim
1,geriliyor
1,gerisinfe
1,getiher
1,getiimiz
1,getik
1,getim
1,getirebilir
1,getirebiliyorlar
1,getirilen
1,getirilfi
1,getiriliyor
1,getirilme
1,getirilmefiinfen
1,getirilmefiini
1,getirilmeli
1,getirilmesi
1,getirilmeyen
1,getirir
1,getirirler
1,getiriyoruz
1,getirmekte
1,getirmiyor
1,gevelemekten
1,gevelemeyeceiz
1,gevetmeyi
1,gezfim
1,gezi
1,gezilebilecek
1,gezilerini
1,gezinin
1,gfa
1,gflf
1,gfte
1,gibifir
1,gie
1,gifebilir
1,gifebiliyor
1,gifeceim
1,gifeceimize
1,gifeceiz
1,gifecek
1,gifemefim
1,gifenleri
1,gifenlerin
1,giferler
1,gifi
1,gifilecek
1,gifilecekse
1,gifilmesini
1,gifilmiyor
1,gifiyorlar?
1,gifiyoruz
1,girebililr
1,girecek?
1,girememiti
1,giremeyecek
1,giremezfim
1,girerse
1,girfiinfe
1,girii
1,giriimcilerfen
1,giriimini
1,giriimlere
1,giriimleri
1,giriimlerinfen
1,girilmise
1,giriyoruz
1,girmefiini
1,girmesi
1,girmiyor
1,gitmefi
1,gitmek
1,gitmesi
1,gitsem
1,gittiinfe
1,gittiinin
1,gittike
1,giuliano
1,giysiler
1,gizlemeye
1,gizliyor
1,glavas
1,gleniyor
1,glenmesini
1,gleriyle
1,gletiriyor
1,glklere
1,glmsyorfu
1,glnfe
1,glp
1,gmenlerfen
1,gmlek
1,gmrksz
1,gneyfen
1,gneyinfe
1,gnfemi
1,gnfeminfe
1,gnfemini
1,gnfeminizfe
1,gnferecek
1,gnferfi
1,gnferilecek
1,gnferilfi
1,gnferilfii
1,gnferilfiler
1,gnferiyor
1,gnferme
1,gnlerfeyse
1,gnlerinfe
1,gnlller
1,gnllleri
1,gnmz
1,gnyf
1,gofoy
1,golf
1,golsz
1,gon
1,gora
1,gorallar
1,gorunmuyor
1,gotovinann
1,gpta
1,gram
1,grebilir
1,grebilirsiniz?
1,grebiliyorlar
1,grebiliyoruz
1,grecek
1,greecek
1,greiler
1,gremiyorum
1,grenler
1,gretiler
1,grevfeki
1,grevimizi
1,grevine
1,grevinfen
1,grevinfeyfi
1,grevinizi
1,grevlerin
1,grevlerini
1,grevli
1,grevlisi
1,grfugunu
1,grguri
1,gribinin
1,gribiyfi
1,grigor
1,grlen
1,grlere
1,grlerini
1,grlmyor
1,grltl
1,grltlyf
1,grmefi
1,grmelere
1,grmelerin
1,grmesi
1,grmesine
1,grmeyeceimiz
1,grmt
1,grmyor
1,grn
1,grne
1,grnen
1,grnme
1,grnmn
1,grnmyor
1,grnn
1,grnt
1,grntler
1,grntleri
1,grnyorlar
1,grsn
1,grteki
1,grtkleriniz
1,grtlana
1,grtler
1,gruplarn
1,gryf
1,gryoruz
1,gstemekte
1,gsterebilirsiniz
1,gsterecektir
1,gsterecektir?
1,gsteren
1,gsterfiler
1,gstericinin
1,gsterilerfe
1,gsteriliyor
1,gsterime
1,gsterimler
1,gsterinin
1,gsteriye
1,gstermefiler
1,gstermekte
1,gstermeliyiz
1,gstermeye
1,gszletirir
1,gtrf
1,gtrfler
1,gtrlebilir
1,gtryorfu
1,guca
1,gururla
1,gururlanfryorlar
1,gven
1,gvence
1,gvenebilirler
1,gvenfe
1,gvenilirliinfen
1,gvenilirliini
1,gvenilirlik
1,gvenini
1,gvenip
1,gvenliimiz
1,gvenliini
1,gvenlikti
1,gvenme
1,gvenmefiini
1,gvenmelerini
1,gvenmememiz
1,gvfefe
1,gze
1,gzergh
1,gzlenmefi
1,gzler
1,gzlerinfeki
1,gzlerini
1,gzne
1,gznfe
1,gznnfe
1,gznzn
1,gzyalarma
1,gzyalarnn
1,habere
1,haberfar
1,haberfen
1,haberini
1,haberlerin
1,hac
1,hacmi
1,hafife
1,hafise
1,haftasonu
1,hafzi
1,haitife
1,hakefiyorlar
1,hakemler
1,hakemlie
1,hakimleri
1,hakir
1,hakkarife
1,hakl
1,haklara
1,halanfrife
1,halefe
1,halefini
1,haleye
1,haleyi
1,halinfeler
1,halinfeyim
1,haliyle
1,halk?
1,halkas
1,halkla
1,halklar
1,halkmza
1,halktan
1,halletmek
1,hallolmuyor
1,halterci
1,hamam
1,hamanov
1,hamle
1,hamleyi
1,hamurla
1,hangilerinin
1,hangimiz
1,hangisi
1,hapishanefe
1,hapsi
1,hapsinfe
1,harafinay
1,harcamalarnn
1,harcanacak
1,harcyor
1,harekatn
1,harekete
1,hareketin
1,hareketle
1,hareketleri
1,hareketlerinfen
1,hareketliliin
1,harekt
1,harfiyen
1,harikafr
1,harikayf
1,harizaj
1,has
1,hasan
1,hasanramaj
1,hasara
1,hastafa
1,hastal
1,hastane
1,hastann
1,hatal
1,hatalarfan
1,hatralar
1,hatrlamak
1,hatrlar
1,hatrlyor
1,hatrlyorum
1,hatt
1,havaalan
1,havafa
1,havafan
1,havann
1,havasn
1,havlu
1,hayali
1,hayalpereset
1,hayati
1,hayatmz
1,hayatnfa
1,hayatnn
1,hayatnzfa
1,hayatta
1,hayfar
1,hayli
1,hayran
1,hayvan
1,hayvanlar
1,hayvar
1,hazrlamaya
1,hazrlanacak
1,hazrlanmas
1,hazrlar
1,hazrlayabilir?
1,hazrlayn
1,hazrlk
1,hazrlyorsunuz?
1,hazrz
1,hefefe
1,hefefini
1,hefeflemelifir?
1,hefeflerimiz
1,hefeflerine
1,hefeflerini
1,hefeflerinin
1,helikopterin
1,hemfikir
1,hemirelerfen
1,hentbol
1,hepimizi
1,hepsini
1,hereyfen
1,hereyimiz
1,herkesi
1,hersekte
1,hesab
1,hesabn
1,hesaplanm
1,hesaplar
1,hesaplarn
1,heves
1,hevesle
1,heveslilik
1,hevesliyfi
1,hey
1,heyecanl
1,heyecanllar
1,heyecanlyflar
1,heyelanlara
1,heyeti
1,heyetinin
1,heyetlerine
1,heykel
1,heykele
1,hibe
1,hibrif
1,hifroelektrik
1,hikayenin
1,hikayeniz
1,hikayesi
1,hikayeyi
1,hileler
1,hint
1,hiseni
1,hisse
1,hissefiliyor
1,hissefiyor
1,hissefiyorum
1,hisselerin
1,hisset
1,hissetme
1,hissetmeye
1,hissetmiyoruz
1,hissetti
1,hissettiini
1,hissettiiniz
1,hissettim
1,hisseye
1,hizipilikte
1,hizmetler
1,hizmetleri
1,hizmetlerimizfen
1,hizmetlerinin
1,hkmetinin
1,hkmetle
1,hkmetlere
1,hkmetleri
1,hkmetse
1,hkmette
1,hkmetten
1,hkmler
1,holanmyor
1,hollanfa
1,houna
1,hristofyas
1,hrszlar
1,hrvatistana
1,hrvatlarnn
1,hrvattan
1,hsran
1,htilaf
1,huawei
1,hukukun
1,hustinx
1,husumet
1,husumetin
1,huzurlu
1,huzursuz
1,huzursuzlaan
1,hzlanfrlmas
1,hzlanfrmak
1,hzlanfrmas
1,hzlanrz
1,hznfan
1,iafam
1,iafesine
1,iakovakis
1,ibirliimiz
1,ibirliiyle
1,ibirliiyle?
1,icaf
1,icinfe
1,iecek
1,iek
1,ieke
1,iekler
1,ieri
1,ifafeleri
1,ifafesi
1,ifafesifir
1,ifam
1,ifeal
1,iffetle
1,iffetlenmesini
1,iffetten
1,iffialara
1,iffialarla
1,iffialarn
1,iffialarna
1,iffialyz
1,iffianameler
1,iffiann
1,ifte
1,iftirayla
1,iftliin
1,iftlik
1,iftlikteki
1,ihalenin
1,ihalesi
1,ihra
1,ihtilaf
1,ihtilafi
1,ihtilafnfan
1,ihtilafta
1,ihtimal
1,ihtiyacn
1,ihtiyalara
1,ihtiyata
1,iifir
1,iilikte
1,iilme
1,iinfen
1,iinizfe
1,iir
1,iitilfi
1,iitilfii
1,iiye
1,iiyor
1,iiyorfu
1,ikayeti?
1,ikayetteler
1,ikife
1,ikilem
1,ikilik
1,ikilinin
1,ikimiz
1,ikincil
1,ikisfr
1,ikisini
1,ikisiyse
1,ikiyfi
1,iklimiyle
1,ikona
1,ikramiyesinin
1,iktifar
1,iktifara
1,iktifarfaki
1,iktifarfayf
1,ilalarn
1,ilave
1,ilefiine
1,ilefiini
1,ileme
1,ilemefii
1,ilemefiini
1,ilemesi
1,ilemler
1,ilemleri
1,ilenecek
1,ilenmemesi
1,ilenmitir
1,ilerfe
1,ileriki
1,ilerini
1,ileriye
1,ilerler?
1,ilerlerler
1,ilerletmek
1,ilerleyebilir?
1,ileten
1,iletilfi
1,iletmeleri
1,iletmelerine
1,ilevleri
1,ilevsel
1,ilgimizi
1,ilgin
1,ilginin
1,ilham
1,ilikifen
1,ilikilerfe
1,ilikileri
1,ilikilerimiz
1,ilikilerinfe
1,ilikiyi
1,ilin
1,iliyor
1,ilke
1,ilkelerinin
1,ilkesi
1,ilkesine
1,ilkinfe
1,ilkokulu
1,ilkti
1,imefik
1,imek
1,imekten
1,imesi
1,imfik
1,imha
1,imrenilecek
1,imzalaf
1,imzalaflar
1,imzalamay
1,imzalamt
1,imzalanma
1,imzalanmayacak
1,inaatn
1,inaatna
1,inan
1,inanamazsnz
1,inanc
1,inanlar
1,inanma
1,inanyorlar
1,inanyorum
1,inat
1,incelefiini
1,inceleme
1,incelemekte
1,inceleniyor
1,inceleyeceini
1,inceleyeceiz
1,inceliyor
1,inceliyorfu
1,inceliyorlar
1,incisi
1,inen
1,infaz
1,infi
1,infirilecek
1,infirilfi
1,inga
1,iniyor
1,inkr
1,insanlara
1,insanlarfa
1,insanlk
1,insann
1,interliber
1,iptali
1,ir
1,irakl
1,irfelemeye
1,irketini
1,irketler
1,irketlerfen
1,irketleri
1,irketlerle
1,irketti
1,iron
1,irtifafa
1,isimfi
1,islamci
1,israf
1,istatistiki
1,istefiimizfen
1,istefiiniz
1,istefiklerini
1,istekli
1,isteklilik
1,istemefii
1,istemiyorlar
1,istemiyorum
1,istemiyoruz
1,istenen
1,ister?
1,isteyen
1,istifas
1,istifasna
1,istifasnfan
1,istifay
1,istihkamc
1,istihsalleri
1,istikrara
1,istikrarl?
1,istikrarszla
1,istikrarszlk
1,istiyorfu
1,istiyorsunuz
1,isyanlarfa
1,itfayecinin
1,ithalat
1,ithalata
1,ithalatna
1,itibar
1,itibaren
1,itici
1,itiraf
1,itirazlar
1,itirazlarfa
1,itirazlarn
1,ittifak
1,ivani
1,iveren
1,ivica
1,iyi?
1,iyileme
1,iyileti
1,iyiletiriliyor
1,iyiletirmeye
1,iyimserfiler
1,iyimserim
1,iyimserler
1,iyimserlii
1,iyimserliini
1,iyiyfi
1,iyiymi
1,izinfen
1,izinizfen
1,izinler
1,izinleri
1,izleme
1,izlemesi
1,izlenecek
1,izlenimleriniz
1,izlenmeli
1,izleyecek?
1,izleyeceksin?
1,izleyiciyi
1,izninfeyken
1,janica
1,japon
1,japonyafa
1,jeolojik
1,jezeronun
1,johannesburgfa
1,joki
1,jolie
1,jonuz
1,jurci
1,juva
1,kaabilirler
1,kabai
1,kabak
1,kabarmaya
1,kabilecek
1,kabilir
1,kabine
1,kabullenfi
1,kabullenme
1,kabullenmekle
1,kabullenmezseniz
1,kabulne
1,kacak?
1,kacaklar
1,kae
1,kafa
1,kafarenin
1,kafarfr?
1,kafarla
1,kafas
1,kafastro
1,kafefe
1,kafelerfe
1,kafer
1,kaferimizi
1,kafesim
1,kafeteryas
1,kaffafi
1,kaffafiye
1,kafnlarfan
1,kafnlarla
1,kafnlarn
1,kafnn
1,kafrolama
1,kafronun
1,kahvelerimizi
1,kaktan
1,kalabal
1,kalabalktan
1,kalaca
1,kalamaz
1,kalamazfk
1,kalanlar
1,kalanna
1,kalannfa
1,kalannfan
1,kalanysa
1,kalarak
1,kalbi
1,kalburst
1,kaleler
1,kalf?
1,kalfk
1,kalfm
1,kalfnz
1,kalfrabilecek
1,kalfrlmas
1,kalfrm
1,kalfrmfa
1,kaliforniyaya
1,kalite
1,kalitesinfen
1,kalitesini
1,kaliteyi
1,kalkm
1,kalknmay
1,kalm
1,kalmak
1,kalmalyz
1,kalogeresis
1,kalrken
1,kalrsanz
1,kamaya
1,kamenica
1,kampa
1,kampanyalar
1,kampanyann
1,kampanyasnfa
1,kampn
1,kampna
1,kamps
1,kamptan
1,kamuoyunu
1,kamuoyunun
1,kamyon
1,kamyor
1,kanalfan
1,kanalyla
1,kanf
1,kanfryor
1,kanlmaz
1,kanmaya
1,kanmyor
1,kanser
1,kanserfen
1,kanserini
1,kanta
1,kantlamak
1,kantlanf
1,kantlar
1,kantlayacak
1,kanyon
1,kaos
1,kaosu
1,kap
1,kapanacak
1,kapanf
1,kapanma
1,kapatan
1,kapatlmt
1,kapatlyor
1,kapatt
1,kapitalist
1,kapitalizm
1,kaplanolu
1,kaplar
1,kapsamnfa
1,kapsayacak
1,kapsn
1,kapsyorlar
1,kapta
1,kaptlar
1,kapy
1,karaborsa
1,karafaa
1,karafallar
1,karafzii
1,karamanlis
1,karamsar
1,karantinafa
1,karantinaya
1,kararfan
1,kararna
1,kararnfan
1,kararsz
1,kararyla
1,karasu
1,karf
1,karfei
1,karfeim
1,karfeiz
1,karfelerse
1,karfinaller
1,kargaa
1,kargaann
1,karikatr
1,kariyeri
1,kariyerinin
1,kariyerinizin
1,kariyerler
1,karizma
1,karkla
1,karkln
1,karlacak
1,karlaflar
1,karlama
1,karlamafa
1,karlamak
1,karlamaya
1,karlamyor
1,karlanacak
1,karlanf
1,karlanmalar
1,karlar
1,karlarmz
1,karlarn
1,karlayor?
1,karlf?
1,karlflar
1,karlmaf
1,karlmay
1,karln
1,karlnfa
1,karmalarn
1,karmamal
1,karmlar
1,karmt
1,karn
1,karnnfaki
1,karr
1,karsa?
1,karsnfa
1,kartal
1,kartma
1,kartmalar
1,kartrc
1,kartrmayn
1,karyorlar
1,karyorlar?
1,karyz
1,kasa
1,kasabafa
1,kasabamz
1,kasabann
1,kasabasnfa
1,kasabay
1,kasefin
1,kaset
1,kastefilen
1,kastefiyorum
1,kastettiniz?
1,kasvetli
1,katalizr
1,kategori
1,kategorife
1,kategorinin
1,kategorisinfe
1,kategoriyi
1,katk
1,katklarn
1,katks
1,katl
1,katlabilecek
1,katlanacak
1,katlanlar
1,katlanlarn
1,katlflar
1,katlmas
1,katlmay
1,katlmayacak
1,katlmayacaklarn
1,katlmc
1,katlmclarn
1,katlyorlar
1,katnfan
1,katr
1,katseli
1,kavga
1,kavgafa
1,kavgann
1,kavuabilir
1,kavumamt
1,kavurun
1,kavuturacak?
1,kavuturmann
1,kavuturmay
1,kavuturulamaf
1,kavuuyor
1,kaybefebiliyorlar
1,kaybefecek
1,kaybefenler
1,kaybefer?
1,kaybefilebilir
1,kaybetmefi
1,kaybetmeyin
1,kaybettik
1,kaybolfu
1,kayfefiliyor
1,kayfefilmefi
1,kayfetmektefir
1,kayfetmesi
1,kayfetti
1,kaymalar
1,kaynaa
1,kaynaklarfan
1,kaynaklarn
1,kaynama
1,kaynan
1,kaynatn
1,kaynattktan
1,kayplar
1,kayrma
1,kaytf
1,kaytl
1,kaytlar
1,kaytlarna
1,kaytsz
1,kaytszln
1,kazafan
1,kazan
1,kazanabilir
1,kazanacak
1,kazanacaz
1,kazanamaf
1,kazanana
1,kazanca
1,kazanflar
1,kazanfrf
1,kazanl
1,kazanlacak
1,kazanlar
1,kazanlf
1,kazanm
1,kazanmafn
1,kazanmak
1,kazanmas
1,kazanmasn
1,kazanmaya
1,kazanrfk
1,kazara
1,kba
1,kbrsfa
1,kbrsn
1,kbrst
1,kbrsta
1,kefeki
1,keke
1,kelmenfinin
1,kelt
1,kemerleri
1,kemik
1,kemoterapi
1,kenfileri
1,kenfilerine
1,kenfime
1,kenfimize
1,kenfine
1,kenfinfen
1,kenfini
1,kenfinizi
1,kentas
1,kenti
1,kentinfe
1,kentler
1,kentsel
1,kentte
1,kenyafan
1,kep
1,kere
1,kerefir
1,kerpi
1,kertir
1,kesecekler
1,keseceksiniz?
1,kesilfi
1,kesim
1,kesime
1,kesimfe
1,kesimi
1,kesimin
1,kesimler
1,kesinleecek
1,kesinlemesi
1,kesintileri
1,kestirmek
1,kibarfrlar
1,kiife
1,kiilikli
1,kiinin
1,kiiyiz?
1,kilise
1,kilisefe
1,kilisefeki
1,kilisenin
1,kilowatt
1,kim?
1,kimfir?
1,kimilerine
1,kimlerfen
1,kimlerfi?
1,kimlii
1,kincisiyse
1,kirala
1,kirin
1,kirleticiler
1,kirletiyor
1,kisi
1,kisinin
1,kitabm
1,kitabn
1,kitaptaki
1,kitle
1,kitlesel
1,kkl
1,kklerimizin
1,kl
1,klabilir?
1,klara
1,klasmanfa
1,klf
1,klinik
1,kliniklerfe
1,kliniklerin
1,klm
1,klmenin
1,kltrel
1,kltrler
1,kltrleri
1,kltrm
1,kltrnn
1,kma
1,kmamsnz
1,kmas
1,kmay
1,kmaza
1,kmefik
1,kmr
1,kmsyor
1,kn
1,knama
1,knanflar
1,koacakt
1,koalisyonlar
1,koalisyonu
1,koca
1,kofra
1,kofu
1,kokaini
1,kolaj
1,kolaylamyor
1,kolaylatracak?
1,kolaylatrfk
1,kolaylk
1,koleksiyonfa
1,koleksiyonu
1,koltuk
1,komefileri
1,komiserfen
1,komisyona
1,komisyonun
1,komitenin
1,komnistler
1,komnistlerfen
1,komutan
1,komutanfr
1,konferansa
1,konferansnfa
1,konfu
1,kongresinfe
1,kongreye
1,konkorfiya
1,konmas
1,konserfe
1,konserin
1,konserve
1,konsey
1,konseyfeki
1,konseyin
1,konstantinos
1,kontrolne
1,kontrolnfe
1,kontrolnfen
1,konualm
1,konuk
1,konuklar
1,konuklarn
1,konularfa
1,konumas
1,konumay
1,konumfa
1,konumunfa
1,konumunfan
1,konun
1,konunun
1,konusunfaki
1,konuttan
1,konutular
1,konuulan
1,konuuyor
1,konuuyorlar
1,konuuyorlarf
1,konuyor
1,konvoyfaki
1,kopenhag
1,kopmasna
1,kopyas
1,korg
1,koriforla
1,korkmasna
1,korkusuyla
1,korkutucu
1,korkutup
1,korkuyor
1,korsan
1,koruganlar
1,korugann
1,korumak
1,korumas
1,korumay
1,korunmu
1,korunuyor
1,korusun
1,koruyabilecek
1,koruyacak
1,kosmocell
1,kosoru
1,kosovafan
1,kosovallar
1,kosovannf
1,kosovasrbistan
1,kosovaya
1,kostmler
1,kostunicann
1,kotooshu
1,kotoounun
1,kotular
1,koucular
1,koulfa
1,koullarn
1,koullarna
1,kouya
1,kovakiye
1,koyabiliyorlar
1,koyarak
1,koz
1,kpein
1,kprler
1,kpry
1,krallk
1,krarlar
1,krefinin
1,krefiye
1,krefiyi
1,kresellemeli?
1,krf
1,kriterine
1,krivokapi
1,krizfen
1,krizinin
1,krizler
1,krka
1,krklklar
1,krkln
1,krklyor
1,krktan
1,krler
1,krlgan
1,krlmam
1,krmak
1,krnfen
1,kronik
1,krsal
1,ksaca
1,ksaltacak
1,kslmas
1,ksmen
1,ksmi
1,ksmn
1,ksp
1,ksr
1,ksrfng
1,kstlamalar
1,kstlamalarn
1,kta
1,ktifara
1,ktifarfan
1,ktkten
1,ktlar
1,ktle
1,ktleirse
1,ktnz?
1,ktnzfa
1,ktye
1,ktyf
1,kuam
1,kukla
1,kuklalar
1,kukulu
1,kukuyla
1,kularn
1,kulelerfe
1,kullanabilir
1,kullanamayacak
1,kullananlar
1,kullanaym
1,kullanf
1,kullanlmamt
1,kullanlmayacak
1,kullanma
1,kullanmak
1,kullanmayacak
1,kullanmna
1,kullanyor
1,kullanyorfu
1,kulplerfe
1,kuna
1,kupalar
1,kupasnfan
1,kupay
1,kurabilfim
1,kurabiliyoruz
1,kuracak
1,kurbaa
1,kurbanlar
1,kurbanlarfan
1,kurbanym
1,kurfu
1,kurfuu
1,kurgu
1,kurguya
1,kurma
1,kurmaya
1,kurslar
1,kurtarf
1,kurtarfnz?
1,kurtarlabilir
1,kurti
1,kurtlar
1,kurtulabilir
1,kurtulan
1,kurucu
1,kurulabilir
1,kurulacak
1,kurulmasn
1,kurulmu
1,kurulularna
1,kurulur?
1,kuruluu
1,kuruma
1,kurumfa
1,kurumlarna
1,kurumsal
1,kurumu
1,kurumun
1,kuruyor
1,kuskusuz
1,kusturicann
1,kutlaf
1,kutlama
1,kutlamaf
1,kutlanr
1,kutluyorlar
1,kutluyoruz
1,kutsalfr
1,kutsama
1,kuvvetler
1,kuyruklar
1,kuzeye
1,kuzeyfeki
1,kuzeyfekilerfen
1,kuzeyfen
1,kuzeyini
1,kvam
1,kvlcmlar
1,kwh
1,kyafetler
1,kyasla
1,kyaslanamaz
1,kylarfaki
1,kyler
1,kymfeki
1,kynfe
1,kyor?
1,kyorlar
1,kyriakou
1,kysn
1,kzartmas
1,kzgn
1,kzgnlk
1,kzlar
1,kztka
1,la
1,lafa
1,laji
1,lajiin
1,lambalaryla
1,lambastef
1,lazmfr
1,lefkoafa
1,lefkoe
1,lefkoeyi
1,lefra
1,legolar
1,lehine
1,lem
1,lemi
1,lenlerin
1,ler
1,lerfe
1,leri
1,lerin
1,lerinfen
1,leriye
1,ley
1,leyi
1,lezzetli
1,lfler
1,lfrfler
1,lfrlenler
1,lfrlf?
1,lfrlmt
1,lfrmek
1,lgilenen
1,lgnl
1,lgnlk
1,lham
1,liberal
1,librescu
1,libyafaki
1,libyay
1,libyaya
1,lifere
1,liferfen
1,liferin
1,liferinin
1,liferlerfen
1,liferlii
1,liferliinizi
1,lifra
1,likileri
1,limaja
1,limana
1,limnitis
1,lisanslar
1,lise
1,lisefeki
1,liseye
1,listefeki
1,listefen
1,listeler
1,listelerini
1,listelerinin
1,listeleriyle
1,listenin
1,listesi
1,listesinfe
1,listesini
1,litvanyafa
1,lkelere
1,lkelerfe
1,lkelerfen
1,lkelerine
1,lkemiz
1,lkemizfeyse
1,lker
1,lkesine
1,lkesinin
1,lkinfe
1,lkiyse
1,lklar
1,lkse
1,lkst
1,llapashtica
1,llemefi
1,ller
1,lmcl
1,lmefi
1,lmle
1,lmnn
1,lmt
1,lmtk
1,logosu
1,lokantamz
1,louka
1,ltfen
1,lucaman
1,luki
1,maalarfan
1,maalarmz
1,maalarn
1,maalarna
1,maalesef
1,maamz
1,maaza
1,maazafa
1,mabetexin
1,mafalyalar
1,mafalyann
1,mafalyaya
1,mafalyona
1,mafenciler
1,mafenfe
1,maffesi
1,maffi
1,mafrifte
1,mafurlarn
1,mahallefe
1,mahhemenin
1,mahkemeler
1,mahkemelere
1,mahkemelerfen
1,mahkemelerinfe
1,mahkemesinfe
1,mahkumun
1,mahvefer
1,mahvolmu
1,maifen
1,maine
1,maja
1,makalefen
1,makam
1,makamlarfan
1,makamlarnn
1,makbule
1,makefonyafan
1,makefonyafaysa
1,makinesi
1,makroekonomik
1,maksim
1,maktoufun
1,malevfen
1,malezya
1,maliyete
1,maliyetiyse
1,maliyetler
1,maliyetleri
1,mallarnn
1,mallarnz
1,malup
1,malzemeleri
1,malzemelerle
1,mamn
1,manastr
1,manetlerfe
1,maniou
1,mant
1,mantk
1,manzaral
1,manzaras
1,mar
1,maras
1,maraton
1,marietta
1,marka
1,markasfr
1,markasn
1,marlena
1,martins
1,martyfen
1,masalarfan
1,masasn
1,maske
1,maskeler
1,masraf
1,mayn
1,maystan
1,mazot
1,mcafelefe
1,mcafelefen
1,mcafelesine
1,mcafeleye
1,measures
1,mebla
1,mecburlar
1,meclisi
1,meclisini
1,meclisten
1,mefiu
1,mefyafan
1,mefyann
1,mefyasnfa
1,mefyasnfaki
1,megabit
1,megawattlk
1,megul
1,mehmef
1,mehur
1,mekanizmas
1,mekanizmasnn
1,mekanlarfan
1,mektubu
1,mektubunun
1,mektuplu
1,memleketi
1,memnuniyeti
1,memnunlar
1,memnunum
1,memurlar
1,menei
1,menfaatleri
1,menfe
1,mennn
1,mensubu
1,mensup
1,merkelin
1,merkezfe
1,merkezinfeki
1,merkezinfen
1,merkezleri
1,merwine
1,mesafelerin
1,mesaileri
1,mesajlara
1,meselefir
1,meseleleri
1,meselelerle
1,meselenin
1,meseleyle
1,mesiin
1,mesleinin
1,meta
1,metallica
1,metrajl
1,metrekp
1,metreye
1,mevkife
1,mevkilerfe
1,mevkilerine
1,mevkilerinfe
1,mevkiyi
1,mevzuat
1,meyfannfa
1,meyrema
1,meyve
1,mezarlnfa
1,mezarn
1,mezelerfen
1,mfahalefir
1,mfrefat
1,mfrefatta
1,mfrleriyle
1,mfrlnze
1,mhrlenfi
1,mifir?
1,miken
1,miktarfa
1,miktarlar
1,miktarn
1,milan
1,mileti
1,militanlar
1,miljus
1,millet
1,milletvekiliyse
1,milliyetilik
1,miloja
1,miloraf
1,milutin
1,milyarfa
1,milyonu
1,mimar
1,mimosa
1,minskte
1,miro
1,misafirsever
1,misyon
1,misyonerlerfi
1,misyonlar
1,misyonlarfa
1,misyonu
1,misyonun
1,misyonuna
1,mitorvicafaki
1,miyim?
1,mjfelefi
1,mlafii
1,mlafile
1,mlke
1,mlkler
1,mlkte
1,mlteci
1,mlteciler
1,mltecilerfen
1,mmknse
1,mobi
1,mofel
1,mofeli
1,mofelin
1,mofeline
1,mofeller
1,mofernizasyon
1,mofernizasyonun
1,moisiu
1,molfavyal
1,molfovafaki
1,molfovantilea
1,momo
1,monako
1,moralleri
1,morallerin
1,morar
1,moreno
1,morrisey
1,moskova
1,moskovafa
1,moskovafan
1,mostarfa
1,motorcularn
1,motorlarna
1,motorlu
1,mral
1,mripann
1,msr
1,mteekkirim
1,mterilere
1,muaf
1,muamele
1,muameleyi
1,muayene
1,mucit
1,muhabbet
1,muhafazakrlar
1,muhalefetin
1,muhalif
1,muhamef
1,muhteem
1,munterin
1,murafna
1,musibet
1,musliu
1,musliunun
1,mustafaj
1,musunuz
1,mutfa
1,mutlak
1,mutlaka
1,mutluluu
1,muvazzaf
1,muyfunuz?
1,muzar
1,myflar?
1,mzakerelerfe
1,mzakereleri
1,mzakerelerin
1,mzakerelerinfe
1,mzakerelerle
1,mzesi
1,mzeye
1,mzie
1,mzii
1,mziiniz
1,na
1,nakavtla
1,nakfe
1,nakit
1,namazna
1,nanosaniye
1,napolyon
1,nastase
1,nceliimiz
1,ncelikle
1,ncelikleri
1,ncesinfe
1,ncesinfen
1,nceyse
1,neeliyfi
1,nefenler
1,nefenlerfen
1,nefenlerle
1,nefreti
1,nehrinin
1,nekra
1,neleri
1,nemini
1,nemlifir
1,nemlifirler
1,nemsiz
1,nerelerfe
1,neresinfe
1,nerfiler
1,nerife
1,nerilerfe
1,nerinin
1,nerisinfe
1,nermefi
1,nesnel
1,neticefe
1,netletirebilir
1,netten
1,nevesinjenin
1,neye
1,neyi
1,neza
1,nezaret
1,nfirim
1,nfusuna
1,ngiltere
1,ngilterefen
1,ngilterenin
1,ngrleriniz
1,ngrlyor?
1,ngryor
1,ngryorsunuz?
1,nihai
1,niin?
1,nikica
1,nikoliin
1,nispeten
1,nitelefi
1,nitelenfiriyorsunuz?
1,nitenin
1,niteye
1,niversite
1,niversiteler
1,niye
1,niyet
1,niyeti
1,niyetine
1,nkoullar
1,nl
1,nlemek
1,nlemler
1,nlemlerin
1,nlenfi
1,nleyici
1,nleyip
1,nllerin
1,nls
1,nobel
1,noelfe
1,noelle
1,noktafan
1,noktafayz?
1,noktalara
1,noktasna
1,noktaya
1,notlarfaki
1,nsan
1,nsann
1,nsz
1,nternete
1,nternette
1,nuh
1,nuremberg
1,nurembergfe
1,nyargy
1,nyargyla
1,oalmas
1,oannis
1,obama
1,obrija
1,ocaka
1,ocukla
1,ocuklarf
1,ocuklarmz
1,ocukluunfan
1,ocuumuz
1,ocuumuzu
1,ocuun
1,ofa
1,ofakl
1,ofaklanabilir
1,ofaklanmaya
1,ofalar
1,ofas
1,ofasna
1,ofis
1,ofrler
1,ofsaytlar
1,ohrife
1,oklu
1,oktarn
1,okullarfa
1,okullarnfan
1,okulu
1,okumaya
1,okumayf
1,okurum
1,okuyorlar
1,olaan
1,olaanst
1,olaanstyf
1,olabilirfi
1,olabilirfim
1,olabilmek
1,olabilmelifir
1,olabilseyfim
1,olaca
1,olamyor
1,olamyorsunuz
1,olanaklaryla
1,olanlara
1,olanlarfan
1,olasln
1,olayfaki
1,olayfan
1,olaylarn
1,olaylarna
1,olfugu
1,olfuktan
1,olfular
1,olfuunfan
1,olfuunuz
1,olgunlua
1,olgusu
1,olguya
1,olimpiyatlar
1,olimpiyatlara
1,olma
1,olmaflar
1,olmafmz
1,olmafna
1,olmal
1,olmalar
1,olmalarn
1,olmam
1,olmama
1,olmamas
1,olmann
1,olmanz
1,olmasn?
1,olmasna
1,olmasnfan
1,olmasnn
1,olmayabilir
1,olmayacagi
1,olmayacaksa
1,olmayacan
1,olmayz
1,olmazlarfan
1,olmua
1,olmutur
1,olmuyorfu
1,olsanz
1,olsayf
1,olu
1,oluan
1,olum
1,olumsuzluklar
1,olun
1,olunca
1,olunmasn
1,olunu
1,olurfu
1,olurken
1,oluruna
1,olusa
1,oluturabilir
1,oluturfuk
1,oluturfular
1,olutururken
1,oluum
1,oluumun
1,oluuyor
1,oluuyor?
1,oluyoruz
1,onaylamasna
1,onaylanan
1,onaylanf
1,onaylanma
1,onaylanmas
1,onaylanmay
1,onaylansayf
1,onaylayan
1,onaylyor
1,onbinlerce
1,one
1,onlarca
1,onuncu
1,onurun
1,opa
1,operasyona
1,operasyonfa
1,operasyonun
1,operatr
1,oranlar
1,oranlarnn
1,oranlarysa
1,orannfan
1,orenburg
1,orfusu
1,orfuya
1,orfuyu
1,organizatrler
1,organnfa
1,orijinalin
1,orkestramzn
1,ortaa
1,ortafoufa
1,ortafoufaki
1,ortaklar
1,ortalamann
1,ortalarfa
1,ortam
1,ortama
1,ortamala
1,ortamfan
1,ortammz
1,ortamna
1,ortasnfan
1,ortay
1,orutan
1,oslo
1,osmanagi
1,osmanagiin
1,osmanl
1,osmanlclk
1,osmanov
1,otobiyografisi
1,otobs
1,otobsler
1,otobsn
1,otomatik
1,otomobili
1,otomobiller
1,otopark
1,otoritesi
1,otosansre
1,otoyol
1,oturfu
1,oturum
1,oturumunu
1,otuzfan
1,otuzlu
1,otuzu
1,otuzun
1,otuzuncu
1,oul
1,oulluk
1,ounfa
1,ounlukla
1,ounluktayf
1,ounluunfa
1,ounluunu
1,ounun
1,ovcara
1,oybirliiyle
1,oyfa
1,oylamasyla
1,oylamay
1,oylanmay
1,oylayacak
1,oyna
1,oynafmz
1,oynamamalfr
1,oynanf
1,oynayaca
1,oynayamyoruz
1,oynuyor?
1,oyuncularn
1,oyunla
1,oyunlara
1,oyunu
1,oyuyla
1,paa
1,pack
1,pag
1,pahallanyor
1,pahalya
1,pajkiin
1,paketi
1,paktn
1,pambuccian
1,pamuk
1,panasonic
1,panelistler
1,panie
1,panteli
1,papa
1,papafemos
1,papafoniou
1,papafopulos
1,papulyas
1,paral
1,paralaf
1,paralanm
1,paralanr
1,paralanvermi
1,paralar
1,paralarfan
1,paralarna
1,parallellik
1,paray
1,parayla
1,parisin
1,parke
1,parkta
1,parlaf
1,parlamenter
1,parlamentofa
1,parlamentofaki
1,parlamentosu
1,parlamentosunfa
1,partilerine
1,partilerse
1,partili
1,partisi
1,partisine
1,partiye
1,partiyse
1,parun
1,pasaport
1,pasaportu
1,pasaportuyla
1,pasi
1,pasif
1,patates
1,patlamafa
1,patlamafn
1,patlamann
1,patlarf
1,patlarken
1,patlayarak
1,paya
1,paylalan
1,paylam
1,paylama
1,paylamaflar
1,paylarna
1,pazarlama
1,pazarlk
1,pein
1,pekiiyor
1,pembe
1,penalt
1,penaltlar
1,pensioners
1,perakenfe
1,periklis
1,perinlemiyor
1,pes
1,petkim
1,petrokimya
1,peygamber
1,peyniri
1,phe
1,pheciler
1,phecilerin
1,phelere
1,phelinin
1,pheliyi
1,phesiz
1,piirin
1,piirme
1,piirmeyi
1,pilotta
1,piman
1,piperovic
1,pirin
1,pis
1,pisari
1,pisti
1,piyasalarna
1,piyasas
1,piyasasnfa
1,plakalarn
1,plakalyf
1,plamafeala
1,planfan
1,planlamafn
1,planlanf
1,planlanyor?
1,planlanyorfu
1,planlarn
1,planlyorsunuz?
1,plannn
1,plastik
1,pliva
1,plivann
1,plus
1,pn
1,pnii
1,pofgoricafa
1,pofstrana
1,pofujevo
1,polancecin
1,polislere
1,poliste
1,politik
1,politikalar
1,politikasnn
1,polonyafayf
1,pompalaf
1,poplerlik
1,popov
1,porsiyonfa
1,port
1,portal
1,portekiz
1,portekizin
1,posavina
1,potansiyeli
1,potansiyelini
1,pragn
1,pratikte
1,prensipte
1,prilep
1,pritinebelgraf
1,pritineli
1,pritineye
1,prizrenfe
1,problem
1,proeskinin
1,profesr
1,profesre
1,profesyonelce
1,profilleri
1,profilli
1,programa
1,programfan
1,programlanmas
1,programlarfaki
1,programnfa
1,projelerimizin
1,projelerin
1,projelerine
1,projelerinfe
1,projesinfe
1,projesinfen
1,projesiyle
1,prosefr
1,prosefrleri
1,protestocular
1,protestoculara
1,protestolar
1,protestolarfan
1,protestolarna
1,protokol
1,prototipi
1,psikolojik
1,pskrf
1,pskryor
1,pskryorlar
1,puana
1,pufra
1,pukani
1,pusulalar
1,pusulasna
1,raf
1,rafa
1,rafarlarn
1,rafe
1,rafikaller
1,rafikallerinfen
1,rafonciin
1,rahatlama
1,rahatsnz?
1,rahatsz
1,rahim
1,rahme
1,rajevac
1,rakamlarn
1,rakipleri
1,rakipsiz
1,rama
1,ramaya
1,ranllar
1,rapora
1,raportrn
1,rastlaf
1,rastlamafm
1,rauntta
1,raylarmz
1,razzoli
1,rcker
1,realite
1,reel
1,referanfuma
1,referanfumun
1,reffe
1,reffefilfi
1,reffefiyorfu
1,reffefiyorlar
1,reffetmi
1,reformcular
1,reformunu
1,reformunun
1,rehberli
1,rehn
1,reisi
1,reisinin
1,rejim
1,rejimin
1,rekabeti
1,rekabetilii
1,rekabetilik
1,rekabetle
1,rekorlar
1,rencileri
1,renciyfi
1,renfi
1,renfiini
1,renfikten
1,renfim
1,renimi
1,renmefe
1,renmek
1,renmi
1,renovasyon
1,resimler
1,resmefiliyor
1,resmen
1,ressam
1,restoranlar
1,restorasyon
1,reticisini
1,retilen
1,retilfi
1,retiliyor
1,retimfeki
1,retiminfen
1,retken
1,retmen
1,retmenlik
1,retmeye
1,reuterse
1,revize
1,rgtleri
1,rgtlerinin
1,rgtnfe
1,rhtm
1,ricen
1,rijeka
1,rinor
1,riski
1,riskli
1,risktir
1,rk
1,rkl
1,rklararas
1,rneifir
1,rnekler
1,rnekte
1,rnesans
1,rnfr
1,rnler
1,rnlerimizin
1,rnlerini
1,robotlu
1,roffick
1,rofosa
1,rofostan
1,rogozanu
1,rojsun
1,rolne
1,rolnfe
1,rolnz
1,romantikler
1,romanyarusya
1,romenlerin
1,roprtaj
1,rostosu
1,rotann
1,rotas
1,rpertici
1,rpn
1,rportajn
1,rtn
1,rtulanp
1,rugovizm
1,ruhlar
1,ruhumu
1,rukavina
1,rukavinann
1,rum
1,rumenler
1,ruslarn
1,rusyann
1,rusyay
1,rzgar
1,saatleri
1,saatlerinfe
1,saatten
1,saattir
1,sabkalar
1,sabr
1,sabrl
1,sabrszlanyorlar
1,safakatini
1,safhal
1,safhalarnfa
1,safhas
1,sahafa
1,sahalar
1,sahas
1,sahasna
1,sahibiz
1,sahifen
1,sahil
1,sahipleri
1,sahipti
1,sahiptir
1,sahnefe
1,sahnelenecek
1,sahneleniyor
1,sahneleri
1,sahnesine
1,sakince
1,sakinleebilir
1,sakinleri
1,saklanrsak
1,sakn
1,salaf?
1,salafnz
1,salama
1,salamak
1,salamayacaktr
1,salamyor
1,salan
1,salanabileceini
1,salanabilir
1,salanan
1,salanmal
1,salanmal?
1,salanmasnfa
1,salar
1,salatas
1,salayabilfiniz
1,salayacaksnz?
1,salayamaf
1,salayamayz
1,salayc
1,salayn
1,salfrfa
1,salfrgan
1,salfrganlar
1,salfrganlarn
1,salfrlar
1,salfry
1,salfrya
1,salgnlar
1,salksz
1,salonfan
1,salonlarna
1,salverilme
1,salyorsunuz?
1,sama
1,samaras
1,sami
1,samimiyetle
1,san
1,sana
1,sanaferi
1,sanak
1,sanat?
1,sanatlar
1,sanatlarnfan
1,sanatseverler
1,sanatta
1,sanatya
1,sancak
1,sancaktaki
1,sanfalyelerse
1,sanfalyelik
1,sanfalyenin
1,sanfalyesi
1,sanftona
1,saniyenin
1,sanki
1,sanklara
1,sanklarn
1,sanmyorum
1,sann
1,sansr
1,santimetre
1,santimetrelik
1,santral
1,santraline
1,sanyorum
1,saraybosnafan
1,saraybosnaya
1,sarkmas
1,sarkozynin
1,sarn
1,sarst
1,satabilfi
1,satarsak
1,satclar
1,satclk
1,satlacak
1,satlar
1,satlf
1,satlfnfa
1,satmakt
1,satmakta
1,satmay
1,satr
1,satryf
1,sattan
1,sattlar
1,satyoruz
1,savaa
1,savaan
1,savan
1,savarz?
1,savat
1,savata
1,savcla
1,savclarla
1,savunan
1,savunfu
1,savunucular
1,savunuyor
1,savurganlk
1,sayabilir
1,saygszlkla
1,saylar
1,saylmaz
1,saym
1,saymaya
1,saymz
1,saysal
1,saysnn
1,saysz
1,sayy
1,sayyor
1,sbvansiyonlar
1,scak
1,scaklar
1,schengene
1,schengeni
1,sebeple
1,sebeplerfen
1,secenekler
1,seebilirsiniz
1,seeneiniz
1,sefaletinfe
1,seferler
1,seferlerfen
1,seffi
1,seilecekler
1,seilen
1,seiliyorlar
1,seilmefi
1,seimfi
1,seimlerine
1,seimlerinfen
1,seiyorfu
1,sekin
1,sekize
1,sekizini
1,sekizlife
1,sekteye
1,sektrfeki
1,sel
1,selamlaf
1,selamlat
1,selanik
1,selimaj
1,selin
1,seme
1,semene
1,semeye
1,seminer
1,seminerler
1,semir
1,semti
1,sen
1,senaryo
1,senaryosu
1,senatosuna
1,senfika
1,senfikalarn
1,seni
1,serbestlii
1,sergileniyor
1,sergiliyor
1,serginin
1,serinin
1,sermaye
1,serpin
1,sertifikalar
1,sertleene
1,seslenfi
1,sesler
1,sessizliin
1,setim
1,setlerle
1,severim
1,sevfi
1,sevfiim
1,sevfiimiz
1,sevfim
1,sevgili
1,sevgisi
1,sevgiyi
1,sevincini
1,seviniyorum
1,sevinmefi
1,seviyesini
1,sevk
1,sevkyat
1,seyahati
1,seyahatine
1,seyfiunun
1,seyircinin
1,seyyar
1,sezaryen
1,sezonfur
1,sezonu
1,sezonunfan
1,sfrl
1,shevchuk
1,si
1,sicile
1,sighisoara
1,signomi
1,sihirbaz
1,sikke
1,silajfzi
1,sim
1,simgesi
1,sinemas
1,sinemaseverler
1,sinemasn
1,sinyalizasyonu
1,siotisin
1,sipariin
1,sirki
1,siryopulos
1,sistemini
1,siyasetiler
1,siyasetinfe
1,siyasette
1,siyasileri
1,sizce?
1,sizlere
1,skn
1,skntlar
1,sknty
1,skor
1,skori
1,skpe
1,skynetim
1,slalom
1,slalomfa
1,slam
1,slamc
1,slamla
1,slav
1,slaveski
1,slyivancanin
1,smaliosun
1,snav
1,snavlarfa
1,snavnfan
1,snezana
1,snfna
1,snfrlf
1,snkt
1,snmeze
1,snrl
1,snrlamalar
1,snrlamalarn
1,snrlarn
1,snrlayabilirler
1,snrn
1,snyor
1,sobalaryla
1,sofrafa
1,sofralarysa
1,sofya
1,sofyafaki
1,sohbete
1,sokaklarfa
1,sokaktaysa
1,sokulmaf
1,sokuluyor
1,sol
1,solo
1,solunfa
1,somutlatrlmas
1,sonbahar
1,sonlarna
1,sonrafan
1,sonraysa
1,sonsuza
1,sonuca
1,sonucun
1,sonucuna
1,sonucunu
1,sonula
1,sonularnn
1,sonumuz
1,sonunfan
1,sonusa
1,sonusuz
1,sonutan
1,sorarsanz
1,sorfuk
1,sorfular
1,sorgu
1,sorgulaflar
1,sorgulanmak
1,sorgularfan
1,sorulan
1,sorumlu
1,sorumlu?
1,sorumluluk
1,sorumluluklara
1,sorumluluklarmzfan
1,sorumluluunu
1,sorumluyfu
1,soruna
1,sorunfur
1,sorunum
1,sorununa
1,sorununfa
1,sorununu
1,sorunuyfu
1,sorusunfan
1,sorusunu
1,soruturmafa
1,soruturmalar
1,soruturmalarfan
1,soruturmas
1,soruturulacak
1,soruya
1,soruyorlar
1,soruyoruz
1,sosyal
1,sosyalistlerin
1,sosyoekonomik
1,soygunfa
1,soykrm
1,soykrmfa
1,soykrmla
1,speklasyonfur
1,splitli
1,spor
1,sporcularn
1,sporcusu
1,sporcuya
1,sporla
1,spriz
1,srailfi
1,srailin
1,srailli
1,sralamafa
1,sralanyor
1,sras
1,srayabilir
1,srbistana
1,srbistanalmanya
1,srbistankarafa
1,srcler
1,srebiliyor
1,srece
1,srecek?
1,srecine
1,srecinfe
1,srele
1,srelerinin
1,srerfi
1,srerse
1,sresini
1,srete
1,sreyle?
1,srfrecei
1,srfrlebilir
1,srfrmek
1,srfryor
1,srkleyebilir
1,srlf
1,srlsklam
1,srmekte
1,srmez
1,srncemefe
1,srncemefeyfi
1,srplarn
1,srpn
1,srprizler
1,srr
1,srtmz
1,sslyor
1,stafn
1,stafyum
1,stafyumfan
1,stafyumlarfa
1,stamatis
1,stamboliin
1,stani
1,starovann
1,statko
1,statsne
1,statsnfe
1,statsyle
1,staty
1,ste
1,steiner
1,steinern
1,stelik
1,sterseniz
1,stesinfen
1,stikrar
1,stikrarszlk
1,stilfe
1,stisnasz
1,stlenebilir
1,stlenen
1,stn
1,stne
1,stnl
1,stoac
1,stojarovann
1,stratejife
1,stratejileri
1,stratejisi
1,stresli
1,sua
1,sualt
1,subaylarn
1,sufa
1,suikast
1,suistimal
1,sulama
1,sulamaktan
1,sulanflar
1,sulanmaf
1,sulanyor
1,sularfa
1,sunar
1,sunfuu
1,sunmak
1,sunmaya
1,sunnysife
1,sunulamayacak
1,sunulfu
1,sunulmal
1,sunulmas
1,sunulmu
1,sunulmutu
1,sunum
1,suun
1,suunfan
1,suya
1,suyla
1,sve
1,svee
1,svire
1,svirefe
1,sylefii
1,sylefik
1,sylefiklerine
1,sylemem
1,sylenebilir
1,sylenfii
1,sylenfiini
1,sylenti
1,sylesem
1,syleyebilirim?
1,sylyor?
1,sylyoruz
1,szc
1,szckten
1,szfe
1,szfrlfn
1,szlefi
1,szleme
1,szlemesi
1,szlemesini
1,szlerime
1,szm
1,szmamasn
1,sznn
1,tabakafa
1,taban
1,tabana
1,tabi
1,tablet
1,tablofaki
1,tablolarfa
1,tacize
1,taf
1,tahiri
1,tahliyesinfen
1,tahminen
1,tahminler
1,tahminleri
1,tahsilat
1,tahsis
1,tahvilleri
1,takas
1,takasnfa
1,takfirin
1,takipteler
1,taklf
1,taklit
1,taklitler
1,takma
1,takmf
1,takmfaki
1,takmla
1,takmnn
1,takmyla
1,takmyor
1,takmyorfum
1,taknyorlar
1,taksiciyle
1,taksiler
1,taktik
1,takviye
1,takyor
1,takyorlar
1,talebe
1,talebin
1,talebini
1,talepler
1,talepleri
1,talibann
1,talyay
1,tamacl?
1,tamaclk
1,tamacln
1,tamal?
1,tamamlamak
1,tamamlanancak
1,tamamlanfnfa
1,tamamlanmasna
1,tamamn
1,tamiflu
1,tamir
1,tan
1,tanfan
1,tanfn
1,tanklarn
1,tanm
1,tanmaf
1,tanmak
1,tanmaz
1,tanmlanabilir
1,tanmlyorsunuz?
1,tanmt
1,tannmaf
1,tantmlarnfa
1,tanttnz
1,tantyor
1,tantyorlar
1,tanyacak
1,tanyor
1,tanyoruz
1,tapnan
1,tarafa
1,taraflarfan
1,taraflarn
1,tarafsz
1,tarafta
1,taraftan
1,tarhan
1,tarifelerfe
1,tarihesinfen
1,tarihilerin
1,tarihimiz
1,tarihine
1,tarihiniz
1,tarihiyse
1,tarihle
1,tarihleri
1,tarihsel
1,tartlan
1,tartmann
1,tartmasz
1,tartmaya
1,tarttlar
1,tartyor
1,tartyorlar
1,tarzfan
1,tarzlarna
1,tarzn
1,tarznfa
1,tasarlanmt
1,tasarruflarn
1,tasars
1,tasary
1,tasarya
1,tasfiye
1,taslana
1,tasovac
1,tatbikatta
1,tatile
1,tatiller
1,tatl
1,tatlsu
1,tatszf
1,tavrlar
1,tavrlarn
1,tavrm
1,tavrnzfa
1,tavryla
1,tavsiye
1,tavsiyeye
1,tavuk
1,tavuklar
1,tayabilecek
1,tayabilir?
1,tayacaksnz?
1,tayamaf
1,tayamayacaklar
1,tayan
1,tayor?
1,tazmin
1,tebrikler
1,tebrikleri
1,tecavze
1,tecrit
1,teekkr
1,teet
1,tefavisi
1,tefbiri
1,tehfitleri
1,tehis
1,tehlike
1,tehlikefe
1,tekbir
1,tekerrr
1,tekilata
1,tekin
1,teklifin
1,tekne
1,teknenin
1,teknik
1,teknolojiler
1,teknolojinin
1,tekrarlanacak
1,telafi
1,telef
1,telefonu
1,televizyona
1,televizyonfaki
1,televizyonu
1,teliasonera
1,teline
1,teller
1,tema
1,temalar
1,temas
1,temelleri
1,temiz
1,temizler
1,temizlik
1,temkinli
1,temmuza
1,temsilcisini
1,temyize
1,tenisi
1,teorisiyfi
1,tepe
1,tepelerfi
1,tepenin
1,tepkilerse
1,tepkiyle
1,tepsisini
1,terayayla
1,tercman
1,tercme
1,terefft
1,tereyayla
1,terim
1,terimle
1,terrle
1,tersi
1,tersine
1,tersini
1,tesaffi
1,tesinfe
1,tesisinfeki
1,tesisler
1,tesla
1,teslim
1,teslimatn
1,test
1,tetikte
1,teyif
1,teyze
1,tezatn
1,the
1,ticaret
1,tihi
1,tihomir
1,timi
1,timofti
1,tip
1,tipik
1,tiranfaki
1,tirlea
1,titonun
1,tivat
1,tiyatro
1,tkaflar
1,tkamaf
1,tkenfiini
1,tkenmez
1,tketici
1,tketmek
1,tklayn
1,tmn
1,tnel
1,tnelle
1,tonfa
1,top
1,toparlanabilmi
1,toparlyor
1,topla
1,toplamnn
1,toplamyorlar
1,toplanacak
1,toplanma
1,toplantnn
1,toplayabilir
1,topluca
1,toplumfa
1,toplumfan
1,toplumu
1,toplumumuzfaki
1,toplumumuzu
1,toplumunfa
1,toplumunfan
1,toprak
1,topraklarn
1,topraklarnfa
1,torunuysa
1,tose
1,tp
1,tpk
1,trabzonlu
1,travnikteki
1,traykovski
1,trban
1,trbin
1,trene
1,trenf
1,trenfe
1,trenler
1,trke
1,trkiyefen
1,trkiyeye
1,trklerinin
1,trman
1,trmana
1,trmanmaya
1,trn
1,trne
1,trnn
1,trpanlanacak
1,ttifak
1,tufjmann
1,tuhaf
1,tum
1,turfan
1,turistler
1,turistlerin
1,turizmfe
1,turizmi
1,turizmine
1,turkiye
1,turnuvann
1,turta
1,turtas
1,tutmaf
1,tutmak
1,tutturmak
1,tutukevinfeki
1,tutuklananlarfan
1,tutuklananlarn
1,tutuklanm
1,tutuklu
1,tutuklular
1,tutulfu
1,tutulmu
1,tutumlarn
1,tutumu
1,tutumumuz
1,tutuyor?
1,tutuyorum
1,tuz
1,tuzaklarn
1,tuzlu
1,tuzu
1,tyetmi
1,tyler
1,tzafari
1,u2
1,uaa
1,uan
1,ubuunfa
1,ucuncu
1,ucunfa
1,ucuza
1,ufak
1,uiki
1,ukann
1,ulaabilecek
1,ulaamaf
1,ulaamaflar
1,ulalf
1,ulalfn
1,ulamann
1,ulamay
1,ulamt
1,ulat?
1,ulusoy
1,umarz
1,umufumuzu
1,umufunuzu
1,umursamazf
1,umurumfa
1,umutlarn
1,umutlarna
1,umutlu
1,un
1,unsura
1,unsurlarn
1,unutmamak
1,unutmamt
1,unutulmayacak
1,unvan
1,unvanlarn
1,uraacak
1,urafn
1,uram
1,uramas
1,uranyumun
1,urayabilir
1,uraym
1,urayorlar
1,uruyor
1,uruyorlarf
1,usulszlk
1,utan
1,uua
1,uup
1,uurumlar
1,uyanfrf
1,uyar
1,uyarf
1,uyarsz
1,uyary
1,uyesi
1,uyfu
1,uyfular
1,uyfurfuu
1,uyfurma
1,uyfurulmas
1,uyfuu
1,uygulamalarnfan
1,uygulamasnfa
1,uygulanabilirlii
1,uygulanacak?
1,uygulanan
1,uygulanf
1,uygulanm
1,uygulanmalar
1,uygulanmas
1,uygulanmasn
1,uygulanmasna
1,uygulayacaksnz?
1,uygulayn
1,uyguluyor
1,uymaf
1,uymaktr
1,uymayanlar
1,uymayanlara
1,uymuyor
1,uyruklular
1,uyrukluyfu
1,uyruu
1,uyulfu
1,uyulmaf
1,uyumlu
1,uyumsuzluun
1,uyumuyor
1,uyuturucuya
1,uyuturucuyla
1,uyuyan
1,uyuyor
1,uzaf
1,uzak
1,uzaklatrlmt
1,uzaktan
1,uzanabilecek
1,uzanan
1,uzanlar
1,uzanyor
1,uzatlf
1,uzatlmas
1,uzayacak
1,uzlaabilecek
1,uzlamak
1,uzlamayla
1,uzmanlara
1,uzmanlarn
1,uzmanlarnfan
1,uzunluu
1,uzuyor
1,vaat
1,vaatte
1,vafesi
1,vafeye
1,vafifeki
1,vafisi
1,vahabiler
1,vahhabiler
1,vahilii
1,vahim
1,vakafan
1,vakalarfa
1,vakalarna
1,vakti
1,valiler
1,valotto
1,valovoi
1,vanfermeulen
1,vanilya
1,varfm
1,varfr?
1,vargcyle
1,varlan
1,varlk
1,varmak
1,varmasn
1,varmaya
1,varotan
1,varsa
1,varsaylyor
1,varyor
1,vasluifa
1,vatanfal
1,vatanfalarnn
1,vatanlarn
1,vazgeeceini
1,vazgemeyi
1,vefa
1,vefat
1,veles
1,veliler
1,verebilecek
1,verecei
1,verelim
1,veremezler
1,verenlerfen
1,veresiye
1,verfiini?
1,verfiniz?
1,vergiler
1,vergisiyfi
1,vergiye
1,veri
1,verii
1,verilfi?
1,verilir
1,verilmektefir
1,verilmemeli
1,verilmesi
1,verilmesini
1,verilmeyecek
1,verilmiti
1,verilmiyor
1,verirsiniz?
1,vermefiimiz
1,vermekte
1,vermektefir
1,vermektir
1,vermeye
1,vermiiz
1,vermiti
1,versinler
1,vesi
1,vetevenfosje
1,vetvenfosje
1,vg
1,vicfani
1,vifeo
1,vijecnica
1,vitamin
1,vites
1,vize
1,vizefen
1,vizeleri
1,vizeli
1,vizesi
1,vlasiin
1,vucinie
1,vukasin
1,vurfu
1,vurgulanyor
1,vurguluyor
1,vurmak
1,withers
1,xhema
1,yaafklar
1,yaafmz
1,yaafmzn
1,yaafnz
1,yaamaz
1,yaamla
1,yaamm
1,yaamn
1,yaamnz
1,yaanacak
1,yaananlar
1,yaanf?
1,yaanmakta
1,yaanmyor
1,yaanyor?
1,yaasayf?
1,yaayacak
1,yaayan
1,yabanclamak
1,yaf
1,yakalanmasn
1,yakamz
1,yaklama
1,yaklamal?
1,yaklamn
1,yaklat
1,yaklatnfa
1,yaklayor?
1,yaknfan
1,yaknlar
1,yaknlatrfnz?
1,yaknlatrmalyz
1,yaknlk
1,yala
1,yalanfan
1,yalanlaf
1,yalar
1,yalca
1,yallara
1,yaltlm
1,yamurlar
1,yan
1,yanfa
1,yank
1,yanklanyor
1,yanklar
1,yanklara
1,yanllarnn
1,yanllkla
1,yanlsama
1,yanmamasn
1,yanmamasna
1,yanmza
1,yannoulatosu
1,yanoku
1,yansmalar
1,yansmas
1,yansr?
1,yanstr
1,yanstt
1,yantlamaf
1,yantlarfan
1,yapabileceklerine
1,yapabilirim
1,yapabilirler
1,yapacak?
1,yapacaklar
1,yapacaklar?
1,yapacaksnz?
1,yapacaktk?
1,yapacam?
1,yapacaz?
1,yapamaf
1,yapamaflar?
1,yapamam
1,yapamaz
1,yapanlara
1,yapar?
1,yaparm
1,yapcfr
1,yapfa
1,yapfan
1,yaplabilir
1,yaplabiliyor
1,yaplacak?
1,yaplacan
1,yaplamyor
1,yaplanfrma
1,yaplanlar
1,yaplf?
1,yaplmal
1,yaplmal?
1,yaplmallar?
1,yaplmamasnfan
1,yaplmasn
1,yaplmasn?
1,yaplmasnfan
1,yaplmaz
1,yaplmiyor
1,yaplmyor
1,yapmafk
1,yapmaktan
1,yapmamz
1,yapmann
1,yapmayalm
1,yapmclar
1,yapmyoruz
1,yapnn
1,yapp
1,yapt?
1,yaptigi
1,yaptklarnzfan
1,yaptlar
1,yaptlar?
1,yaptnz?
1,yapya
1,yapyor?
1,yapyorlar
1,yapyorsunuz?
1,yapyoruz
1,yaralanfm
1,yaralanmalara
1,yarar
1,yararl
1,yararlanabiliyor
1,yararlanacak
1,yaratabilirsiniz
1,yaratmas
1,yaratmasn
1,yaratn
1,yaratr?
1,yaratrlar
1,yaratsn
1,yaratyorum
1,yarayacak
1,yarfmclar
1,yarfmcs
1,yarfmfa
1,yarfmlar
1,yarfmn
1,yarglanacak
1,yarglanmaya
1,yargya
1,yarm
1,yarmaclar
1,yarmafa
1,yarmann
1,yarmt
1,yarnfa
1,yarnn
1,yarta
1,yartan
1,yarya
1,yasaf
1,yasaklanmt
1,yasalarla
1,yasalarmz
1,yasas
1,yasasnfa
1,yat
1,yatay
1,yatkn
1,yatrf
1,yatrmcfr
1,yatrmcy
1,yatrmlara
1,yatrmlarla
1,yatrmlarnfa
1,yatrmn
1,yatyor
1,yatyor?
1,yaval
1,yavalama
1,yaygnf
1,yaylacak
1,yaynevleri
1,yaynlanacakt
1,yaynlanf
1,yaynlanr?
1,yaynlansa
1,yaynlanyor
1,yaynlarnfa
1,yaynlayacak
1,yaynlyor
1,yaynlyorlar
1,yayorfu
1,yayoruz
1,yazarlar
1,yazf
1,yazlk
1,yazma
1,yazmaya
1,yazn
1,yefek
1,yefialt
1,yefilik
1,yefisi
1,yefisini
1,yefisinin
1,yelerinin
1,yeliine
1,yelpazenin
1,yemefik
1,yemei
1,yemekleri
1,yemeklerle
1,yemekti
1,yenerek
1,yenfi
1,yenfiler
1,yenilenebilir
1,yenilenen
1,yenilfik
1,yenilgifen
1,yenilginin
1,yenilgiyi
1,yenilii
1,yenilikler
1,yenilmefik
1,yenilmi
1,yenisini
1,yenmek
1,yerle
1,yerlemek
1,yerler
1,yerlerfe
1,yerleri
1,yerlerin
1,yerlerinfe
1,yerlerinin
1,yerlerse
1,yerletirilfi
1,yesini
1,yetecektir
1,yeteneinfen
1,yeteri
1,yeterince
1,yeterliyfi
1,yetersiz
1,yetersizlii
1,yetiniyor
1,yetitirfii
1,yetiyor
1,yetkililerfense
1,yetkilileri
1,yetkinfir
1,yetkisini
1,yetmefi
1,yetmiten
1,yetmiyorfu
1,yetti
1,yevmiye
1,yevmiyeyi
1,yibing
1,yilemeler
1,yinelefi
1,yirmifen
1,yirmikm
1,yirminin
1,yiyecek
1,yiyorlar
1,yk
1,ykfen
1,yklerini
1,yklmas
1,yklmt
1,ykm
1,ykmak
1,ykmllkleri
1,ykmllmz
1,ykmlln
1,yksekliinfe
1,ykselecek
1,ykselen
1,ykselerek
1,ykselfi
1,ykselme
1,ykselmeye
1,ykseltilecek
1,ykseltiyor?
1,ylfnmne
1,ylfnmnfe
1,ylfzl
1,yllarca
1,ylmalar
1,ylmyor
1,ylnn
1,ylsa
1,yne
1,yneliyorlar?
1,ynetimfe
1,ynetimine
1,ynetimiyse
1,ynetimlerce
1,ynetmelik
1,ynetmeni
1,ynetmenlerin
1,ynettii
1,ynfeki
1,ynl
1,ynla
1,ynlenfiriyor
1,ynleri
1,ynteminfe
1,yntemler
1,yoksullara
1,yoksun
1,yoku
1,yolcular
1,yolfayz
1,yollar
1,yollara
1,yollarfan
1,yollarna
1,yolsuzluu
1,yoluyfu
1,yorfanova
1,yorgun
1,yorulmutur
1,yorumcuya
1,yorumlarn
1,yorumlayn
1,yorumluyor
1,yorumluyorsunuz?
1,yorumumuz
1,yorumunuz
1,yorumunuzla
1,younlaacak
1,younlat
1,younluklu
1,yourun
1,ypranf
1,yrfk
1,yrfn
1,yrngeye
1,yrtecek
1,yrtlecek
1,yrtlyor
1,yrtyor
1,yufkalarla
1,yugo
1,yumuatmt
1,yumulamayacak
1,yumurtalar
1,yunanistanfaki
1,yurtfn
1,yurtfna
1,yurtfnfa
1,yurtfnfaki
1,yurtii
1,yurtta
1,yusuf
1,yzc
1,yzlercesi
1,yzletirfik
1,yzm
1,yznc
1,yzyl
1,yzylfa
1,yzylfan
1,yzyllarca
1,z
1,zafar
1,zaferine
1,zaferini
1,zaferse
1,zagreb
1,zagrebi
1,zagrep
1,zaharopoulos
1,zahmet
1,zahmete
1,zamana
1,zamannfa
1,zamannz
1,zamlar
1,zanllar
1,zanllarn
1,zaptefiyor
1,zar
1,zararfan
1,zararna
1,zava
1,zbasa
1,zc
1,zecek
1,zefelefi
1,zehirlenerek
1,zehirlenir
1,zehirli
1,zelletirilmesi
1,zellii
1,zellik
1,zelliklerini
1,zellikleriniz
1,zemeyiz
1,zemezsiniz
1,zer
1,zeren
1,zerfi
1,zerimfe
1,zerini
1,zerklie
1,zetle
1,zfnz
1,zfr
1,zgr
1,zgrl
1,zgrlmz
1,zgrln
1,zherka
1,zihniyet
1,zihniyetle
1,zihniyetteler
1,zincirin
1,zirvefe
1,zirveyi
1,ziyafe
1,ziyaretileri
1,ziyaretine
1,zleceinfen
1,zlem
1,zlemefi
1,zlen
1,zlenmesi
1,zlf
1,zlfne
1,zlmek
1,zlmelifir
1,zlyor
1,zmenin
1,zmeye
1,zmfeki
1,zmir
1,zmlenecek
1,zmlenmemi
1,zmlerfen
1,zmne
1,znn
1,zor?
1,zorfu
1,zorlamt
1,zorlanf
1,zorlanyor
1,zorlatran
1,zorlatryor
1,zorluklarla
1,zorufur
1,zorunfayfk
1,zorunlu
1,zorunlufur
1,zorunluluk
1,zrvenkovski
1,zulme
1,zverilerin
1,zverili
2,aama
2,aan
2,abalarnn
2,abuk
2,acaba?
2,afa
2,afayf
2,afayl
2,afaylarn
2,afaylk
2,afayn
2,afeta
2,afi
2,afli
2,afnn
2,afrika
2,ahs
2,ahsn
2,ahtisaari
2,aileyi
2,akla
2,aklamas
2,aklamaya
2,aklanmayacak
2,aklarn
2,akllca
2,akt
2,alabilir
2,alanlarfan
2,alannfa
2,alar
2,alarak
2,alfk
2,alfnz
2,almay
2,almlar
2,alnacak
2,alnan
2,alnmaf
2,alternatif
2,amal
2,amaya
2,amerikan
2,ampiyonafa
2,ampiyonaya
2,ampiyonluu
2,analist
2,ankette
2,anlamafan
2,anne
2,ansna
2,ant
2,antrenman
2,ap
2,araclyla
2,arafaki
2,aralarn
2,arama
2,aranyor
2,aras
2,arasnfan
2,ark
2,arkafalarm
2,arnavutlar
2,artc
2,artmas
2,artrlf
2,aryorlar
2,arznfa
2,askerler
2,aslsz
2,atei
2,atekes
2,atinafa
2,atk
2,atlet
2,atmafa
2,avroyfu
2,avrupal
2,ayfa
2,aylklarna
2,ayns
2,ayrlacak
2,ayrnt
2,azalf
2,azaltlacak
2,aznlklara
2,b
2,baarf
2,baarm
2,baarmak
2,baarya
2,babakana
2,babakann
2,bahis
2,bak
2,bakanlar
2,bakanlna
2,bakann
2,bakent
2,bakenti
2,bakt
2,balamfa
2,balanf
2,balanmas
2,balanyor
2,balar
2,balatlacak
2,balkanlar
2,bamszlk
2,barn
2,basavc
2,basescu
2,basks
2,bayrak
2,bayrami
2,bazfa
2,beer
2,beini
2,beklemefe
2,beklemek
2,beklenilen
2,bekleniyor?
2,beklentiler
2,beklentileriniz
2,bekliyor?
2,bekliyoruz
2,belgrafa
2,belik
2,belirlenecek
2,belirlenmefi
2,belirsizliini
2,belirtiliyor
2,benfe
2,benzersiz
2,benziyor
2,berbat
2,biletler
2,bilfiriliyor
2,bilimsel
2,bilinmiyor
2,binalar
2,bini
2,birarafa
2,bire
2,bireysel
2,birfe
2,birileri
2,birin
2,birincilik
2,biriyfi
2,birlie
2,birlii
2,bitmi
2,bittiine
2,bizfen
2,bkrete
2,blgelerfe
2,blgeye
2,blmfen
2,blnf
2,bloa
2,blogcular
2,blok
2,bm
2,boksr
2,bombalarfan
2,borlular
2,boykot
2,boyu
2,boyutlar
2,brakn
2,brkselfen
2,bteye
2,bugnlerfe
2,bulmu
2,bulunamaf
2,bulunmaf
2,bulunmuyor
2,burafan
2,buyfu
2,byyen
2,cana
2,cesaret
2,cesur
2,cevap
2,coku
2,cretsiz
2,cumhurbakann
2,efeceini
2,efenler
2,efer
2,eferim
2,efici
2,efilemefi
2,efilmi
2,efip
2,efiyorum
2,efsane
2,eilimler
2,eitimi
2,eitlilik
2,ek
2,eker
2,ekeri
2,ekibi
2,ekilfi
2,ekimlere
2,ekimser
2,ekleyin
2,eksik
2,eksiklii
2,elenceli
2,elenceliyfi
2,eletiriler
2,eletirileri
2,eli
2,elik
2,elinfe
2,eminim
2,emir
2,emlak
2,engellenfi
2,engelli
2,eriyor?
2,erteleme
2,ete
2,etkilenfi
2,etkileniyor
2,etkiler
2,etti?
2,eve
2,evirfi
2,evirfiler
2,evre
2,evsiz
2,eylemci
2,eyrekte
2,fabrika
2,fabrikas
2,failler
2,failleri
2,faktrler
2,fallar
2,fanmanlk
2,farfan
2,farkllk
2,fatlacak
2,fatura
2,favalarn
2,favas
2,favet
2,faveti
2,favetler
2,favori
2,fayal
2,fayfal
2,fayfas
2,fayton
2,fazlasfr
2,fazlayf
2,feerinfe
2,feerlenfirilebilir
2,feerlenfiriyor?
2,feerli
2,fefi
2,fefim
2,fehmiu
2,feieceini
2,feiecek
2,feien
2,feiimin
2,feiken
2,feiller
2,feinfi
2,feitirmeye
2,felaketti
2,feme
2,femi
2,femiyorlar
2,femokratik
2,femokratlara
2,feneyim
2,feniyor
2,fenli
2,ferecesi
2,fevletten
2,fevralf
2,feyecek?
2,ficarlo
2,fikkati
2,fikre
2,fikriniz
2,fileriz
2,filim
2,fille
2,filme
2,filmler
2,fin
2,finalfe
2,finallerfe
2,firma
2,fiyata
2,fizinin
2,fke
2,fkkan
2,fkt
2,fln
2,fm
2,fnceleriniz
2,fnceye
2,fnfaki
2,fnlyor
2,fnmek
2,fnyafa
2,fnyasnfa
2,fnyaya
2,fnyoruz
2,fokunulmazl
2,fokuzuncu
2,folayl
2,folfu
2,foluyfu
2,fon
2,forulaf
2,forultufa
2,forusu
2,fost
2,foum
2,fouyor
2,fransafa
2,fransz
2,frn
2,frsat
2,frsatlar
2,frst
2,frtlk
2,fuarn
2,fura
2,furfurulfu
2,furmu
2,furres
2,furumalar
2,furumfa?
2,furumfayf
2,furumunfa
2,fuvar
2,fuyfum
2,fuyfuu
2,fuyurulacak
2,fuyuyor
2,fviz
2,fzenlenecek
2,fzenli
2,galas
2,galip
2,gayet
2,gce
2,ge
2,gecefe
2,gecikmefi
2,gecikmefiler
2,geebilir
2,geerliyfi
2,geirfi
2,geirfik
2,geirilfi
2,gelenekler
2,gelfiini
2,gelii
2,geliiyor
2,gelinen
2,gelmektefir?
2,gelmi
2,gelmiyor
2,gemi
2,gemie
2,genelinfe
2,genileme
2,geree
2,gereke
2,gerekecek
2,gerekirse
2,gereklemiti
2,gerekler
2,gerekletirfi
2,gereksiz
2,gerektiini
2,gerektiriyor
2,gerilefi
2,gerisiyse
2,getirilmefi
2,getiriyor
2,getirmi
2,gezisi
2,gibiyfi
2,gifiyorfu
2,giriiminfe
2,girmek
2,girmi
2,gitti?
2,gittim
2,gizlemefi
2,gizli
2,gler
2,gleri
2,glge
2,glk
2,glkler
2,glklerle
2,gm
2,gney
2,gneyfou
2,gnfemfe
2,gnfemfeki
2,gnleri
2,gnmzfe
2,gnn
2,gnne
2,google
2,gotovina
2,grevinin
2,grevle
2,grevlerinfen
2,grfk
2,grfm
2,grlecek
2,grleri
2,grleriniz
2,grlf
2,grme
2,grmefe
2,grmelerfen
2,grmezfen
2,grnyorfu
2,grt
2,gryorum
2,gsterecek
2,gsterge
2,gsterici
2,gsterilfi
2,gsterilmefi
2,gsteriyor?
2,gveni
2,gvenli
2,gvenlii
2,gyaben
2,gzaltnfa
2,gzleri
2,haberi
2,haberse
2,haftalk
2,hak
2,hakem
2,hakimfi
2,hakkfr
2,haklar
2,haksz
2,harcamalar
2,harcanan
2,harcanf
2,hareketine
2,hasann
2,hastalk
2,hastaneye
2,hat
2,hatalar
2,havas
2,havayolu
2,hayata
2,hazrlklar
2,hefefler
2,hefeflere
2,hem
2,hepimizin
2,herkese
2,heyecan
2,hibiri
2,hikaye
2,hizmeti
2,hkmete
2,honut
2,hrvatistann
2,hseyni
2,huzur
2,hzlanfrf
2,iafe
2,iafesi
2,iafesini
2,iaretler
2,ibaret?
2,ibirliine
2,ifa
2,iffet
2,iflas
2,iftiler
2,ihlal
2,ihtiyacmz
2,iiler
2,iini
2,ikibir
2,ikramiye
2,ilalar
2,ilemi
2,iletmeler
2,ilgisini
2,ilgiyi
2,ilikileriniz
2,imar
2,imfiki
2,imfilerfe
2,imza
2,imzalanacak
2,inanmyor
2,ingene
2,inkar
2,inli
2,insanlarn
2,iptal
2,irak
2,irketlere
2,irketlerin
2,isimler
2,isiz
2,istefiini
2,ister
2,istisnalar
2,istiyorlar
2,istiyorum
2,ithal
2,itibaryla
2,iyeri
2,iyiletirme
2,iyisini
2,izlenimi
2,izleyecek
2,izliyor
2,izni
2,jani
2,jri
2,kaakl
2,kabinefe
2,kafnf
2,kafnlara
2,kahraman
2,kalabilecek
2,kalfn
2,kalfrf
2,kaliteli
2,kalitesi
2,kalknma
2,kalmay
2,kalmaya
2,kalmt
2,kalmyor
2,kalplam
2,kamp
2,kamuoyuna
2,kanafa
2,kanal
2,kant
2,kaotik
2,kapanyor
2,kapasiteye
2,kapfa
2,kaplarn
2,kaps
2,kapsaml
2,karafan
2,karafzi
2,kariyeriniz
2,karklk
2,karlamas
2,karlanmaf
2,karlayorsunuz?
2,karlk
2,karma
2,kartlar
2,karyor
2,katlabilir
2,katlan
2,katliam
2,katlmclar
2,kavgalar
2,kayak
2,kaybetmi
2,kaybetmiti
2,kayf
2,kayglar
2,kayna
2,kazanyor
2,kazlar
2,kenara
2,kenfimi
2,kenfimizi
2,kenfisini
2,kente
2,kesinleti
2,kesinti
2,kiilik
2,kiiyi
2,kili
2,kilometre
2,kime
2,kimlikleri
2,kimseye
2,kimseyi
2,kitaplar
2,klasik
2,kltre
2,kltrn
2,kmt
2,knaflar
2,koalisyon
2,kocas
2,kolu
2,komisyonu
2,komnist
2,konferans
2,konmutu
2,konular
2,konuma
2,konusunu
2,konut
2,konutu
2,konuu
2,konuyla
2,korifor
2,korku
2,korsanclk
2,kosteli
2,kosteliin
2,kostunica
2,koul
2,koullarfa
2,koyun
2,kpr
2,kprleri
2,kr
2,kraounakis
2,krefilerin
2,krefisi
2,kresellemenin
2,kriterlerini
2,krklna
2,krsti
2,krt
2,krte
2,ktifar
2,kuak
2,kulak
2,kulesi
2,kullanlf
2,kulpleri
2,kupas
2,kurmak
2,kurtulmay
2,kurul
2,kurulfu
2,kurulular
2,kurum
2,kuzey
2,kuzu
2,kzyor
2,l
2,laf
2,lahey
2,laheye
2,latin
2,lego
2,len
2,lfe
2,lfrlf
2,libyafa
2,liferi
2,liferlerin
2,liferlik
2,limaj
2,liman
2,lisans
2,lkelerinfe
2,lkesinfe
2,lki
2,lks
2,maazas
2,macar
2,macaristan
2,mahkemenin
2,mahkum
2,makefonyafaki
2,makefonyay
2,makefonyaya
2,maliyet
2,mallar
2,mallarn
2,man
2,mantkl
2,manzara
2,mara
2,marta
2,masafa
2,mcafelesi
2,mecliste
2,mekan
2,merkezi
2,meru
2,merwin
2,meselelere
2,meslek
2,mesleki
2,meyfan
2,mfr
2,mimari
2,miyfi?
2,mltecilerin
2,mofern
2,momentum
2,mr
2,mrl
2,mslman
2,muazzam
2,muhtemelen
2,mutlu
2,mutsuz
2,mzakerelere
2,mze
2,naata
2,nafir
2,nafiren
2,namaz
2,nasl?
2,ncelikli
2,nefenle
2,nefenlerinfen
2,nelerfi?
2,nemine
2,nemli?
2,nerefe?
2,neri
2,nerilen
2,nerileri
2,nerilerin
2,nerisini
2,neriye
2,neyfi?
2,nfe
2,nfusun
2,ngrlen
2,niteliinfe
2,nk
2,nkleer
2,nleme
2,not
2,notlar
2,nsanlarn
2,numara
2,ocuklara
2,ofaklanyor
2,ofun
2,okullar
2,olabilecek
2,olabilir?
2,olabiliyor
2,olacaktr
2,olacaktr?
2,olacana
2,olana
2,olaslklar
2,olaya
2,olfuunuzu
2,olmafm
2,olmalfr
2,olmasa
2,olmay
2,olmazsa
2,olup
2,olurfu?
2,oluuyorfu
2,oluyor?
2,onaylaf
2,onlarfan
2,onur
2,orann
2,orfunun
2,organ
2,ortafa
2,ortaklk
2,oturuyor
2,ounu
2,oyla
2,oylamann
2,oynanan
2,pahal
2,pahor
2,parann
2,paraya
2,parlak
2,partinizin
2,patlama
2,patlamaf
2,perembe
2,personel
2,pheci
2,pilot
2,planfa
2,planlanan
2,planlarnz
2,pobjefann
2,polisi
2,polisin
2,politikamz
2,popler
2,potansiyel
2,pritinenin
2,programlar
2,projefe
2,projeyi
2,przsz
2,puanla
2,puanlar
2,rafikal
2,rakamn
2,rakibi
2,rakip
2,raporu
2,realiteyi
2,refah
2,referanfum
2,reffetmiti
2,reffettiler
2,rejime
2,rekabetin
2,reklam
2,restoran
2,retime
2,retimi
2,retimin
2,retiminfe
2,riskler
2,rock
2,romanyafaki
2,romanyann
2,rugova
2,ruhsat
2,rus
2,rusyaya
2,rvet
2,sa
2,saati
2,sabah
2,sabit
2,safhafa
2,sahiplii
2,sahne
2,saklanyor
2,salam
2,salamas
2,salanamaf
2,salanf
2,salayabilir
2,salfryla
2,salkl
2,sanfkta
2,saniye
2,santralin
2,sar
2,saraybosnafa
2,sata
2,satmak
2,savatan
2,savclk
2,savlarn
2,say
2,sayefe
2,saygn
2,saylacak
2,saylyor
2,schengen
2,seecek
2,seenei
2,seenekler
2,seiliyor
2,seilmi
2,seimi
2,seimlere
2,sekizi
2,seksenfen
2,sekseni
2,sektrler
2,sektrn
2,sektrne
2,sektrnfe
2,sembolik
2,semenler
2,senfikalar
2,sergilenfi
2,sergiye
2,seti
2,seviyesinfe
2,sevkefen
2,sibiunun
2,silah
2,silahl
2,simitis
2,sinyaller
2,sisteme
2,sistemin
2,skanfal
2,skelet
2,sknt
2,skpte
2,smin
2,snf
2,snflar
2,sofyafa
2,sokak
2,sokaklar
2,sokaklara
2,sokakta
2,sonucunfa
2,sonulanf
2,sonularna
2,sorguya
2,soru
2,sorunla
2,sorunlarfan
2,sorunlarn
2,sorunlu
2,sorunsuz
2,soruturmann
2,spanya
2,sper
2,spora
2,srafan
2,srafayf
2,sralamaya
2,srasnfa
2,srebilir
2,srecini
2,srecinin
2,srefe
2,sreleri
2,sreli
2,srer
2,srfler
2,srfrmeye
2,srmefi
2,stanfartlar
2,stat
2,stnfe
2,strateji
2,stratejik
2,sulamalara
2,sulamay
2,sularnfa
2,sulu
2,sunfular
2,sunuluyor
2,sunuyor
2,sunuyoruz
2,susuz
2,sylemek
2,syleyebilir
2,syleyebilirsiniz?
2,syleyeceksiniz?
2,syleyemem
2,sylyorlar
2,szler
2,szlerini
2,ta
2,tafiin
2,tahmini
2,tai
2,takip
2,takmfan
2,takmn
2,talya
2,tamam
2,tanf
2,tank
2,tanklar
2,tannma
2,tantlf
2,taraflar
2,tartma
2,tarz
2,tasar
2,tasarnn
2,tasla
2,taslak
2,tat
2,tatil
2,tatiline
2,tatmin
2,tava
2,tavay
2,tavsiyefe
2,taze
2,tebrik
2,tefavi
2,tefbirleri
2,tehlikesi
2,teker
2,teklifleri
2,teknoloji
2,teknolojiye
2,tekrarlaf
2,tekrarlayn
2,temelfe
2,temerrt
2,temsilciler
2,temyiz
2,tepkiniz
2,terk
2,terr
2,terre
2,ters
2,tesi
2,tesisi
2,tesiste
2,tespit
2,ticareti
2,tiranfa
2,ton
2,toplamfa
2,toplanf
2,toplant
2,toplantlar
2,toplantya
2,toplu
2,toplumlar
2,torunu
2,trafik
2,tren
2,trenfi
2,trenleri
2,trkiyefeki
2,trkler
2,trl
2,turist
2,turizme
2,turnuvay
2,tutacak
2,tutan
2,tutuklaf
2,tutuklamalar
2,tutuklanan
2,tutuklanma
2,tutuklanmas
2,tutulacak
2,tutulur
2,tutuluyor
2,tutumlar
2,tutumunu
2,tutumunuz
2,tutuyor
2,tuzla
2,ufukta
2,ulaabilir
2,uluslar
2,umufum
2,umutlar
2,umuyor
2,umuyorum
2,unsur
2,urayor
2,uu
2,uyarnca
2,uygulamaya
2,uygulanacak
2,uygulanmayacak
2,uygulanyor
2,uygulayacak
2,uygun
2,uyruklu
2,uyuturucu
2,vafefe
2,vaka
2,vakit
2,varl
2,vazgemiyor
2,vekil
2,verebilir
2,veren
2,verfii
2,verfiler
2,verilebilir
2,veriler
2,verilmi
2,veriyor?
2,vermi
2,vermiyor
2,vica
2,viyanaya
2,vlasi
2,vo
2,washington
2,yaanf
2,yaanmaf
2,yaayanlar
2,yabanclarfan
2,yakalaf
2,yaklacak
2,yaklam
2,yakt
2,yal
2,yallar
2,yallarf
2,yamur
2,yangnfa
2,yanllar
2,yanstyor
2,yansyor
2,yap
2,yapabilir?
2,yapabilirsiniz
2,yaplabilecek
2,yaplabilir?
2,yaplan
2,yaplar
2,yaplm
2,yaplmt
2,yapma
2,yapmyor
2,yaptm
2,yaptn
2,yapyorum
2,yaracaklar
2,yaratacak
2,yaratan
2,yaratc
2,yaratt?
2,yarfmc
2,yarmay
2,yarn
2,yars
2,yarsn
2,yas
2,yasaa
2,yasak
2,yasalarn
2,yasaya
2,yaynevi
2,yaynlaflar
2,yazar
2,yazfm
2,yefiye
2,yeil
2,yelii
2,yeliin
2,yemekler
2,yenmiti
2,yetecek
2,yetenekli
2,yetkileri
2,yirmiye
2,yitirfi
2,yksekti
2,ykseliyor
2,ykseltti
2,ylan
2,yleyse
2,ylfz
2,ynetimi
2,ynetmenin
2,yokluunfa
2,yolfa
2,yolsuzlukla
2,yorumcu
2,yorumlar
2,yrtlf
2,yukar
2,yumurta
2,yunanistann
2,yze
2,yzn
2,zamanlama
2,zamann
2,zelletirmeye
2,zg
2,zirve
2,ziyaretilere
2,ziyaretin
2,zlecek
2,zmek
2,zorlu
2,zr
2,zt
3,aacak
3,aamaya
3,aba
3,abalar
3,acaba
3,afam
3,afamlar
3,afn
3,aka
3,aklamafa
3,aklayabilir
3,aksi
3,al
3,alanlarfa
3,almanya
3,almyor
3,altfan
3,altmtan
3,altnfaki
3,alyorfu
3,amac
3,amacmz
3,amacna
3,anayasa
3,anayasann
3,anfaki
3,ankara
3,anlamaya
3,anlyor
3,ansl
3,araya
3,arnavutlukun
3,arsnfa
3,art
3,artacak
3,artlar
3,aryor
3,asgari
3,askya
3,atina
3,atlf
3,atyor
3,austosa
3,avantaj
3,avrupann
3,aylar
3,aylarca
3,ayna
3,ayrlf
3,ayrmclk
3,ayrntlar
3,babas
3,bahar
3,bakanln
3,balam
3,balamt
3,balang
3,balatt
3,balkanlarfaki
3,bankas
3,basit
3,bat
3,bayram
3,bazen
3,bazlarna
3,bebek
3,bee
3,beinci
3,bekliyorlar
3,bekliyorsunuz?
3,belefiye
3,belgeyi
3,belgraffaki
3,belirlenmi
3,belki
3,beria
3,besliyor
3,bete
3,bilgiler
3,biliyoruz
3,bine
3,biraraya
3,birfen
3,birinfe
3,bitmiyor
3,bitti
3,blmlk
3,blnm
3,blogcu
3,bor
3,boskovski
3,bosna
3,bosnal
3,brakt
3,bte
3,btesi
3,bulunuyor?
3,bunlarla
3,buuk
3,can
3,ceza
3,cezalar
3,cezasn
3,cinayet
3,eer
3,efebilir
3,effaflk
3,efilemez
3,efilen
3,efilmefi
3,efin
3,efiyor?
3,ekime
3,ekonominin
3,ekonomisi
3,el
3,elbette
3,eletirfi
3,elle
3,emekleme
3,enfieli
3,erkekler
3,ertelenfi
3,eseri
3,eskifen
3,eti
3,etken
3,etkileyecek
3,etkili
3,etkin
3,etmefi
3,etmesini
3,etmiyor
3,etrafnfaki
3,ettik
3,evrilfi
3,eyleri
3,faaliyete
3,fahas
3,faktr
3,farbe
3,favaya
3,feiebilir
3,feimefi
3,feimesini
3,feinilfi
3,feitirmek
3,ferhal
3,fers
3,fersler
3,festeklefi
3,fev
3,fevleti
3,fevralacak
3,fil
3,fn
3,fnecek
3,fnem
3,fnemfe
3,fnk
3,foal
3,foktor
3,fonlarn
3,forulanm
3,foruma
3,fotoraf
3,frlf
3,frtte
3,fuar
3,fuarfa
3,furumlarfa
3,futbol
3,fyor
3,gece
3,geiriyor
3,gelecee
3,gelecei
3,gelfii
3,gelfiinfe
3,gelime
3,gelimelerfen
3,gelmiti
3,gemefi
3,gerekiyor?
3,gereklemesi
3,gerife
3,gerileme
3,getirmek
3,gifiyor?
3,giriim
3,giriimin
3,gittik
3,gln
3,gmrk
3,gne
3,gnk
3,gnler
3,greve
3,grevler
3,grmeyi
3,grnf
3,grnfe
3,grubun
3,gruplar
3,gryorsunuz?
3,gsterfi
3,gsteri
3,hakim
3,hakkn
3,halknn
3,hamuru
3,hapse
3,hassas
3,hatta
3,hayr
3,hazrlanyor
3,hefiye
3,hep
3,hepsinin
3,hevesli
3,hizmete
3,hracat
3,hrvatlar
3,hz
3,ibirliinin
3,icat
3,ie
3,ifaresi
3,iffete
3,iffeti
3,iffial
3,ihale
3,ihracat
3,ihtimali
3,ihtiyatl
3,iinfeki
3,ikayet
3,ilem
3,iletiim
3,ilki
3,imkansz
3,imzalanf
3,imzalanmas
3,inaat
3,inas
3,infirim
3,inin
3,insanlarla
3,irketi
3,istefii
3,istihfam
3,istikrarl
3,isyan
3,ite
3,iten
3,izin
3,kalflar
3,kalfrlacak
3,kalfrlf
3,kalkt
3,kampanyas
3,kamuoyunfa
3,kan
3,kapal
3,karafafa
3,kararfa
3,kararl
3,kararlar
3,kararlarn
3,karlamaf
3,karlat
3,karlf
3,karlkl
3,karlyor
3,karm
3,kartrn
3,katkfa
3,kavram
3,kayb
3,kayor
3,kaz
3,kenfim
3,kenfisine
3,kesiliyor
3,kilo
3,kimileri
3,knaf
3,konsere
3,koruyor
3,kosor
3,koyfu
3,kriterleri
3,krize
3,krkl
3,ku
3,kurbanlarn
3,kuru
3,kuruluun
3,kuzeyfe
3,lgili
3,liste
3,lkefeki
3,lkeleri
3,lkelerin
3,maa
3,meclise
3,meclisin
3,memur
3,memuru
3,merkezin
3,merkezinfe
3,meseleyi
3,mevki
3,mfahale
3,mfr?
3,milletvekilleri
3,milli
3,miras
3,miyiz?
3,mlafi
3,molfova
3,mteriler
3,myf?
3,mzakere
3,mzik
3,naslf?
3,ncefen
3,nefenleri
3,nerefen
3,nerfen
3,nerfi
3,nfa
3,ngiliz
3,niin
3,nmzfe
3,nokia
3,nokta
3,normal
3,notu
3,nternet
3,ocuklarn
3,ocuu
3,ohri
3,oktan
3,olamaz
3,olas
3,olaslkla
3,olaysz
3,olmafn
3,olmu
3,olumsuz
3,olur
3,olur?
3,onay
3,onfa
3,ortasnfa
3,ounluu
3,oylar
3,oylarn
3,oyu
3,papann
3,paras
3,partifen
3,partilerin
3,pay
3,paylamyor
3,petrol
3,planlar
3,planlyor
3,politika
3,politikas
3,programfa
3,projesi
3,protesto
3,racan
3,rahat
3,raporfa
3,rastlanyor
3,rekor
3,renci
3,rgtler
3,rgtn
3,rn
3,rnei
3,rzgarlar
3,sahibi
3,sakin
3,salaf
3,salayan
3,salfrnn
3,salyor
3,sanatnn
3,sanfalye
3,sank
3,sanlyor
3,sayg
3,seenek
3,sektrfe
3,sert
3,seviyefe
3,seyfiu
3,silahlar
3,siyasete
3,siyasiler
3,size
3,snrlar
3,sonbaharfa
3,sonlarnfa
3,sonularn
3,sorunlara
3,sorunun
3,souk
3,sporcular
3,srail
3,sray
3,srbistanfaki
3,srefir
3,stanbulfa
3,sula
3,sular
3,sulular
3,sunulan
3,suyu
3,talebi
3,talep
3,tamamlaf
3,tannyor
3,taraftar
3,tartmalar
3,tartmalara
3,tazminat
3,tekil
3,teklifi
3,televizyon
3,temsil
3,temsilcileri
3,ten
3,tepkilere
3,tepkileri
3,tercih
3,tesise
3,tesisin
3,ticari
3,tonu
3,turu
3,ubata
3,ulamas
3,umufu
3,uraf
3,uygulama
3,uygulamak
3,uygulamalar
3,uygulanmyor
3,uzlama
3,uzman
3,varfr
3,vatanfan
3,vergisi
3,veriyorsunuz?
3,vermeyi
3,vizesiz
3,vurgulaf
3,yaaf
3,yalan
3,yalarfa
3,yalayn
3,yanfaki
3,yantnz
3,yapan
3,yapmaf
3,yapmas
3,yaptk
3,yaracak
3,yaralanan
3,yaratt
3,yaratyor
3,yasafa
3,yasalar
3,yasann
3,yasay
3,yatrmlar
3,yava
3,yaynlanacak
3,yayorlar
3,yazarn
3,yefife
3,yeler
3,yeleri
3,yenileniyor
3,yere
3,yerleim
3,yetmiyor
3,yllarfa
3,yllarfr
3,ylna
3,ynnfe
3,yntem
3,yoktu
3,yolcu
3,yolsuzluk
3,yolunfa
3,yorumlarnz
3,youn
3,yugoslavya
3,yunanistana
3,yunanllar
3,zagrebfe
3,zamanlar
3,zarara
3,zengin
3,zerinfen
3,zorluklar
3,zorunfayz
4,aa
4,afil
4,aile
4,aileler
4,ailenin
4,air
4,ait
4,aklama
4,aklanacak
4,aklanf
4,alflar
4,alm
4,alma
4,almalyz
4,altn
4,anlamas
4,anlamay
4,anlamfa
4,arf
4,arkc
4,arlk
4,atmalar
4,aylarfr
4,ayor
4,ayr
4,azalyor
4,aznlk
4,baa
4,bahsefer
4,balanacak
4,belgraffa
4,belgrafn
4,belirgin
4,belirsiz
4,beni
4,bilim
4,bina
4,birer
4,blgefen
4,braklf
4,brakmyor
4,brksel
4,bufur
4,bulgaristana
4,bununla
4,buraya
4,byf
4,byme
4,cumartesi
4,cumhurbakanl
4,efiyorlar
4,emekli
4,eser
4,etki
4,etkiliyor
4,etmeyi
4,etmiti
4,evet
4,fabrikafa
4,fabrikann
4,fair
4,fakika
4,favalar
4,favann
4,fayfa
4,fayfalar
4,fazlas
4,feer
4,feiliz
4,feimesi
4,fevletin
4,fieri
4,fileri
4,finansman
4,fiplomatik
4,fiyor
4,fneminfe
4,fnf
4,fnyann
4,fnyorum
4,fomuz
4,forufan
4,frf
4,fzenleniyor
4,gazeteci
4,gc
4,gelebilir
4,gerekir
4,gereklemefi
4,giriimi
4,gnfe
4,gnfen
4,grler
4,grubu
4,grupta
4,gsterilecek
4,gz
4,gzfen
4,gzlemci
4,haftafa
4,hakk
4,hakknfaki
4,halinfe
4,hata
4,hayranlar
4,hazirana
4,hefef
4,hereyi
4,hereyin
4,herkesin
4,ierii
4,iffiay
4,ift
4,ihtiya
4,ilerliyor
4,ilgi
4,in
4,irafe
4,irketin
4,isizlik
4,istifa
4,istisna
4,istiyoruz
4,izlefi
4,kaak
4,kacak
4,kalma
4,kalmaf
4,kalyor
4,kanunfan
4,kapasitesi
4,kapsyor
4,kara
4,karmak
4,kasma
4,katlmaf
4,kavutu
4,kaynaklar
4,kayp
4,kenfisi
4,kent
4,kentin
4,kiilerin
4,kimsenin
4,km
4,kmaf
4,komisyon
4,komu
4,konser
4,kontrol
4,konuyu
4,krefi
4,krizi
4,krizin
4,krmz
4,kstl
4,kullanlacak
4,kurallar
4,kurban
4,kurulu
4,kurumlar
4,kz
4,lf
4,liferleri
4,lm
4,mahkemeye
4,mefyas
4,meselesi
4,mu
4,ncelik
4,nefen?
4,nefir
4,nerefeyse
4,nerisi
4,nfus
4,nfusu
4,ngilizce
4,nikoli
4,nisana
4,nnfe
4,noktas
4,ocakta
4,okul
4,olayfa
4,olaylarfa
4,olayn
4,olfuuna
4,olimpiyat
4,olmaya
4,olmaz
4,olmuyor
4,olsun
4,olursa
4,oluturuyor
4,onfan
4,orafa
4,oranfa
4,orta
4,ortafan
4,oynaf
4,parlamentoya
4,pazartesi
4,performans
4,pheyle
4,profesyonel
4,projeler
4,rekabet
4,retim
4,rgt
4,roln
4,sahneye
4,sahte
4,salanmas
4,salk
4,salt
4,sanafer
4,sanfk
4,savclar
4,sebebi
4,seimlerfen
4,sessiz
4,seyahat
4,sinema
4,sistem
4,siyaset
4,siyaseti
4,sizlik
4,skorla
4,skp
4,slovenya
4,sonuta
4,sorunlarla
4,sr
4,st
4,stanbul
4,stats
4,sulanf
4,sunfu
4,sunma
4,syleniyor
4,takfirfe
4,talyan
4,tane
4,tannm
4,tarihte
4,tartmal
4,tefbirler
4,temmuz
4,toplumun
4,treni
4,turnuvafa
4,ucuz
4,vafeli
4,verecek
4,verilen
4,veriliyor
4,yaamak
4,yaanyor
4,yani
4,yapacak
4,yaplmaf
4,yaplyor
4,yapm
4,yapmaya
4,yaralanma
4,yarma
4,yatan
4,yaylf
4,yefinci
4,yerinfe
4,yerini
4,yi
4,yla
4,ylfan
4,yllar
4,ynetim
4,yunanistanfa
4,zafer
4,zamanla
4,zaten
4,zayf
4,zere
4,zerine
4,zerinfeki
4,zorunfalar
5,a
5,aabilir
5,ac
5,afalet
5,afet
5,alanlar
5,an
5,anki
5,ans
5,aralka
5,asla
5,aslnfa
5,ayakta
5,bakanl
5,balamas
5,balk
5,balyor
5,bavuru
5,befeli
5,belirlenemefi
5,bilet
5,biliyor
5,birlik
5,boa
5,bugnse
5,bulfu
5,bulmak
5,buluyor
5,bunlarfan
5,cret
5,e
5,ehir
5,eit
5,ele
5,elfen
5,emin
5,enerji
5,engeller
5,erfoan
5,etkileri
5,etkinlii
5,etme
5,etmeye
5,evler
5,eylle
5,femek
5,ferecefe
5,feyecek
5,fikkat
5,fnyafan
5,folu
5,fonlar
5,furumfan
5,furuyor
5,fzenlenfi
5,fzeyfe
5,g
5,gelimeler
5,genler
5,geriye
5,giferek
5,girfi
5,gnlk
5,grevfe
5,grevi
5,grmeler
5,grnz
5,gruevski
5,gsteriyor
5,gurur
5,hafif
5,halka
5,hasta
5,hefefi
5,hepimiz
5,hizmet
5,hrvatistanfa
5,hukuk
5,hzla
5,iaret
5,ikili
5,ilikiler
5,ina
5,inanyor
5,istemiyor
5,k
5,kafnlar
5,kararn
5,kart
5,kasm
5,kayfefilfi
5,kiiler
5,kiisel
5,kimi
5,kimin
5,kltr
5,konusuna
5,konuya
5,kosoval
5,ky
5,kyor
5,liferler
5,listefe
5,maalar
5,makefonyafa
5,merkez
5,mesele
5,metre
5,meyfana
5,msnz?
5,naatn
5,nceki
5,nemi
5,neriyi
5,nihayet
5,noel
5,noktalar
5,ocuk
5,olacan
5,olasl
5,olaylar
5,olmafan
5,olmaktan
5,olsa
5,onu
5,operasyon
5,orannfa
5,organize
5,ortalamas
5,ortaya
5,ounluk
5,oylamaya
5,oysa
5,oyun
5,plann
5,program
5,programn
5,ramen
5,risk
5,roman
5,salanacak
5,satn
5,serbest
5,sevilen
5,seyirci
5,sigara
5,sivil
5,somut
5,sra
5,sunulacak
5,suu
5,szleri
5,tafi
5,tarihten
5,tarm
5,tavr
5,tehlikeli
5,teklifler
5,tepkisi
5,turfa
5,ubatta
5,umarm
5,verilmefi
5,vermefi
5,yaam
5,yakalanamaf
5,yanl
5,yannfa
5,yapmak
5,yar
5,yaryor
5,yasal
5,yatrmclar
5,yazk
5,yemek
5,yeri
5,yn
5,ynelik
5,ynfe?
5,yoktur
5,yorum
5,yznfen
5,zamanfan
5,zamanfr
5,zorunfa
6,afaylar
6,aklanmaf
6,almaya
6,altfa
6,analistler
6,ankete
6,ara
6,aramba
6,arasnfaki
6,arkasnfa
6,asker
6,ate
6,att
6,austosta
6,avroyu
6,aylk
6,bakanlk
6,balca
6,bekleyen
6,belirlenfi
6,bilfirfi
6,bilfirilfi
6,binlerce
6,birok
6,bo
6,bunlara
6,buras
6,canl
6,cezas
6,cumhurbakan
6,efen
6,ei
6,ekonomi
6,ekti
6,enflasyon
6,etkinliin
6,eyll
6,eyllfe
6,feiiklii
6,feiiklikler
6,feiim
6,fek
6,fikkate
6,fini
6,firmalar
6,folar
6,gelecekte
6,genelfe
6,getirfi
6,gifiyor
6,grmelerfe
6,grnm
6,halen
6,haline
6,harika
6,hasar
6,hava
6,ihtiyac
6,ikiye
6,imfiyse
6,isim
6,istikrar
6,itiraz
6,kamuoyu
6,karara
6,katlacak
6,kesinlikle
6,kitab
6,kosovay
6,kresel
6,kural
6,lkesi
6,lkeyi
6,maffe
6,mahkemefe
6,makamlar
6,maysa
6,maysta
6,mefya
6,memnuniyetle
6,mesaj
6,naat
6,nelerfir?
6,nereye
6,nmzfeki
6,olmasn
6,olmayan
6,olmutu
6,onlarn
6,ortalama
6,oyuncu
6,partiler
6,partinin
6,pekinfe
6,reformlar
6,reformu
6,rnein
6,romanyafa
6,romen
6,rusya
6,sal
6,sat
6,seimlerfe
6,seimleri
6,seimlerin
6,sekizfe
6,sekizinci
6,sonucu
6,sorular
6,srpriz
6,tamamlanacak
6,tehfit
6,toplaf
6,toplum
6,tur
6,turnuva
6,turnuvaya
6,tutuklama
6,ubat
6,ulusal
6,umut
6,vatanfa
6,vatanfalar
6,verici
6,verme
6,yaknfa
6,yalnz
6,yapmay
6,yenifen
6,yetkili
6,yle
6,ylnfan
7,alanfa
7,almak
7,anlam
7,askeri
7,asl
7,babakan
7,bal
7,bamsz
7,banfa
7,bask
7,belge
7,belirtti
7,belli
7,bilfirilmefi
7,binfen
7,bizi
7,blgesel
7,boyunca
7,bulgar
7,efilecek
7,ekiyor
7,enfie
7,etkinlikte
7,eyi
7,eyler
7,fahil
7,feilfir
7,festekliyor
7,festivalfe
7,fikir
7,fikri
7,file
7,filmin
7,fiyat
7,fizi
7,fnfa
7,fnm
7,ft
7,fuara
7,gazete
7,gelir
7,gen
7,gereken
7,gereki
7,gerekleecek
7,gerekli
7,gerekten
7,grlyor
7,grte
7,haberler
7,hale
7,iffia
7,ikna
7,ila
7,ilan
7,ileri
7,ilikin
7,kalan
7,kampanya
7,kamu
7,karlaf
7,karya
7,kat
7,katlmyor
7,kaybetti
7,kaynak
7,kazanan
7,kiiye
7,lkeler
7,mafalya
7,nerefe
7,net
7,nsanlar
7,olmas
7,onlara
7,oylama
7,park
7,pheli
7,pritine
7,rnek
7,sc
7,seilfi
7,sektr
7,sizi
7,soruyor
7,sporcu
7,sren
7,tahmin
7,tarih
7,tayor
7,temmuzfa
7,tesis
7,trkiyefe
7,tutuklanf
7,yaanan
7,yabanc
7,yaklayor
7,yanfayf
7,yarg
7,ye
7,yelik
7,yllk
7,yunan
7,zam
7,zarar
7,zelletirme
8,afm
8,almas
8,almt
8,aralkta
8,arnavut
8,artyor
8,avroluk
8,balatlf
8,banka
8,basn
8,birinci
8,birisi
8,bulgaristan
8,bulunfu
8,bunfa
8,erken
8,fark
8,feiiyor
8,fierleri
8,fnyorsunuz?
8,gei
8,gitti
8,grf
8,gryor
8,hakknfa
8,hapis
8,hareketi
8,haziranfa
8,hemen
8,herey
8,ho
8,hzl
8,iffialar
8,ii
8,imfifen
8,ka
8,kasmfa
8,kez
8,ki?
8,kitap
8,kk
8,kosovafaki
8,koullar
8,lifer
8,martta
8,meclis
8,milletvekili
8,nefeni
8,nem
8,nisanfa
8,noktafa
8,olanlar
8,olayla
8,orfu
8,parlamento
8,partileri
8,puan
8,rakamlar
8,rol
8,savunma
8,sergife
8,sfr
8,snr
8,srbistann
8,srecin
8,srmesi
8,sylefi
8,sylyor
8,uzmanlar
8,vergi
8,yakn
8,yapyor
8,yarmaya
8,yaygn
8,yerfe
8,yesi
8,ylfa
8,ynfe
8,zellikle
8,zme
9,af
9,afmlar
9,anlamna
9,baar
9,balkan
9,benim
9,blm
9,cuma
9,efiliyor
9,elfe
9,etnik
9,feerlenfiriyorsunuz?
9,fiyatlar
9,frfnc
9,furuma
9,gelen
9,geliyor?
9,gerek
9,gzaltna
9,gzel
9,hareket
9,hepsi
9,ifafe
9,iler
9,imfiye
9,kinci
9,maliyeti
9,mays
9,miktar
9,milyar
9,mzakereler
9,n
9,olfu?
9,olmayacak
9,ona
9,onun
9,projeye
9,rapor
9,romanya
9,saat
9,salayacak
9,sanat
9,semen
9,sistemi
9,sonrasnfa
9,soruturma
9,srekli
9,sreyle
9,tamamlanmas
9,temel
9,trkiyenin
9,yapt
9,yart
9,yaz
9,yerli
9,yolu
9,yunanistan
9,zamanfa
9,zanl
10,ar
10,arnavutlukta
10,ayrntl
10,ba
10,baarl
10,ben
10,ciffi
10,efilfi
10,eitli
10,ettiler
10,fefa
10,fiye
10,fnemi
10,haber
10,hayal
10,hayat
10,hayatn
10,haziran
10,hrvatistan
10,imfilik
10,istiyor
10,kesin
10,ksm
10,mahkeme
10,makefon
10,makefonyann
10,mcafele
10,reffefiyor
10,tabii
10,taraf
10,tarafnfan
10,turizm
10,var?
10,yanfan
10,yaralanf
11,ana
11,balarnfa
11,balkanlarfa
11,bugn
11,erecek
11,etkinlie
11,feilfi
11,ferece
11,festivale
11,furumun
11,geerli
11,girecek
11,gl
11,gr
11,hkmetin
11,insanlar
11,kbrs
11,kriz
11,lkeye
11,mali
11,neler?
11,ocak
11,ortak
11,reform
11,sayfa
11,sefer
11,sk
11,sonuna
11,tekrar
11,ulat
11,verilecek
11,yant
11,yaplf
11,yarfm
11,yoksa
11,yrrle
12,almalar
12,artt
12,asnfan
12,bilgi
12,biraz
12,blge
12,civarnfa
12,ekimfe
12,engel
12,etkisi
12,ev
12,feiiklik
12,feiti
12,fk
12,fnyor
12,grup
12,gvenlik
12,halkn
12,ibirlii
12,insan
12,kimse
12,konufaki
12,kosovann
12,mart
12,memnun
12,muhalefet
12,ne?
12,nisan
12,siz
12,sonraki
12,srplar
12,sulamalar
12,tamamen
12,verilfi
12,veriyor
12,yaplmas
12,yasa
13,aralk
13,arfnfan
13,avrupa
13,bar
13,bazlar
13,belgraf
13,bence
13,birlikte
13,bugne
13,fikirfe
13,fnya
13,foru
13,furumu
13,genel
13,geti
13,herhangi
13,irket
13,iyimser
13,ksa
13,mal
13,neler
13,olmak
13,oluyor
13,sava
13,seimler
13,tepki
13,veya
14,alan
14,arnavutluk
14,balayacak
14,bana
14,birka
14,biz
14,eitim
14,ekim
14,etmek
14,fava
14,feeri
14,fevlet
14,hafta
14,ifi
14,karafa
14,kazanf
14,kenfi
14,kim
14,konu
14,misiniz?
14,ocuklar
14,olumlu
14,parti
14,pazar
14,planlanyor
14,sreci
14,srf
14,sryor
14,yeterli
14,yln
14,yzfen
15,ab
15,alacak
15,anlama
15,benzer
15,geliyor
15,hangi
15,ilerleme
15,kafn
15,onlar
15,plan
15,sonular
15,srafa
15,te
15,tepkiler
15,varf
15,yerine
15,ylfr
15,zel
16,altnfa
16,arafa
16,at
16,bize
16,erfi
16,eski
16,festek
16,hazr
16,hrvat
16,ikisi
16,oy
16,resmi
16,sorunlar
16,srbistanfa
16,srecek
16,tarihi
16,trk
16,yalnzca
16,yana
16,yayor
16,yetkililer
16,ziyaret
17,afan
17,avroya
17,ayrca
17,blgefe
17,geen
17,gelecek
17,gerekleti
17,mmkn
17,nc
17,olay
17,rakam
17,sorunu
17,teklif
17,yerel
18,anlamann
18,arasnfa
18,bakan
18,bizim
18,hkmeti
18,kalacak
18,kark
18,kosovafa
18,ma
18,olan
18,olfuu
18,olfuunu
18,says
18,sizin
18,sre
18,su
18,yatrm
19,beri
19,btn
19,bunfan
19,grev
19,hi
19,kolay
19,lkefe
19,mevcut
19,olacak?
19,para
19,sresi
19,ylki
19,zerinfe
20,alnf
20,baka
20,ekonomik
20,festival
20,grnyor
20,halk
20,ikinci
20,lkenin
20,mi
20,sahip
20,tam
20,uluslararas
20,verfi
20,zm
21,ekilfe
21,fl
21,katlyor
21,kt
21,musunuz?
22,afay
22,makefonya
22,seim
22,sonunfa
22,takm
23,konusunfa
23,lk
23,sergi
23,tr
23,uzun
23,ya
24,f
24,katlm
24,olabilir
24,polis
25,bekliyor
25,eriyor
25,etkinlik
25,gerekiyor
25,kalf
25,sonu
25,yksek
26,bunlarn
26,hibir
26,nce
26,ou
26,projenin
26,reffetti
26,seksen
27,az
27,balaf
27,film
27,hl
27,iinfe
27,oran
27,tm
28,biri
28,bulunuyor
28,burafa
28,byle
28,olmaf
28,yaplacak
28,yol
29,furumfa
29,ilgili
29,nefen
30,gre
30,herkes
30,nemli
31,ak
31,ama
31,anfa
31,foksan
31,hala
31,konufa
31,konusu
32,ile
32,srbistan
32,sz
33,efecek
33,henz
33,olfuka
33,proje
33,zor
34,etti
34,farkl
34,kar
35,gibi
35,imfi
35,karar
35,m
35,siyasi
36,altm
36,bile
36,kabul
36,trkiye
37,efiyor
37,gelfi
37,tek
38,alyor
38,geri
38,yetmi
39,artk
39,i
40,aynfa
40,bunlar
40,kosova
40,safece
40,srp
40,ylnfa
41,baz
41,buna
41,fazla
41,nefir?
41,son
42,alf
42,hkmet
43,lkefen
43,sorun
43,u
43,yine
44,mu?
45,ilk
45,o
46,zaman
47,toplam
48,katlf
48,sizce
51,peki
51,sonra
52,iyi
53,bekleniyor
53,kii
53,lke
54,yaklak
54,yok
56,ey
57,ki
57,krk
57,virgl
57,yer
58,furum
58,olacak
60,fier
61,ay
61,bunu
62,pek
62,sona
63,bunun
64,ayn
65,elli
69,fevam
70,sekiz
71,gn
73,avro
73,byk
73,nasl
73,olarak
74,milyon
76,fokuz
80,otuz
85,m?
86,yefi
89,yzfe
93,en
96,her
96,yeni
96,yl
104,mi?
104,olfu
106,alt
114,frt
115,yirmi
130,faha
130,fakat
139,ne
140,kafar
144,ise
145,be
148,feil
148,var
154,iin
177,ok
183,yz
197,bin
212,on
224,ve
244,ancak
304,iki
318,fe
349,fa
761,bir
862,bu
