1,‏.
1,!!
1,"!
1,١٦۰
1,١٦٣٦م.
1,١٨٦٥
1,١٩٢٠م.
1,١٩٣٩م.
1,١٩٤١م
1,١٩٤٨م
1,١٩٥٤م
1,١٩٨٠
1,١٩٨٠م
1,١٩٩۰م
1,۱۹۹۰م.
1,آآآآآه
1,آتٍ.
1,آتي
1,آثار
1,آحادا
1,آخذين
1,آخِرُ
1,آخرعليّ
1,آخَرِينَ
1,آذار-
1,آذان
1,آذان.
1,آذانٌ
1,آرثر
1,آسف.
1,آسفون
1,آفاق
1,آكل.
1,.آكُل
1,آلات
1,آلاف
1,آلن
1,آلِهَةٌ
1,آلي.
1,آماليْ.
1,.آمُلُ
1,آمن
1,آمن.
1,آمين
1,آنسة
1,.آه!
1,آيه
1,أؤدي
1,أؤذيك.
1,أؤكد
1,أؤلف
1,أإلى
1,أباك
1,أباك.
1,أباه.
1,أبدأ
1,أبدا
1,أبدية!
1,أبرد
1,.أبقِ
1,أبقِ
1,أبقَوْ
1,أبقى
1,.أبقى
1,أبلغها
1,أبله.
1,أبناء.
1,أبواب
1,أبوه
1,أبوها
1,أبويّ
1,أبيب.
1,أبيضاً.
1,أبيك
1,أبينا.
1,أتأسف.
1,أَتَأمُرُونَ
1,أتبع
1,أتت!
1,أتحبني
1,أتحتاج
1,أتحس
1,أتخصّصَ
1,أتذكّر
1,أتذهب
1,أتزوج
1,أتزوجك.
1,أتسكن
1,أتسلق
1,أتسمح
1,أتسمع
1,أتسوق
1,أتشاهد
1,أتصفح
1,أتصل
1,أتعامل
1,أُتْعِبُ
1,أتغدّى.
1,أتفق
1,أتقاكم
1,أتقبلون
1,أتلعب
1,أتلك
1,أتمتلك
1,.أتمشّى
1,أتملك
1,.أتمنى
1,.أتمنّى
1,أتمنّى
1,أتناقش
1,أتوا
1,أَتَوْا.
1,أتود
1,.أتوقع
1,أتوقّع
1,أتوقعت
1,أتوقعه!
1,.أتى
1,أتي
1,.أتيت
1,أثاث
1,أثر
1,أثّرَ
1,.أثلجت
1,أثناء
1,أجاب
1,.أجابت
1,أجبته
1,أجبروها
1,أجبني
1,أجدها
1,أجرب
1,أجربها.
1,أجرت
1,أجعل
1,أجعله
1,أُجلت
1,أجملكِ!
1,أجني
1,أَجْنِيْ
1,أجهشت
1,أجيب
1,.أحِبَّ
1,أحبا
1,أحببتُ
1,أحبه.
1,أحبها
1,أحتمل
1,أحجز
1,أحدٌ
1,أحدث
1,أحدثت
1,.أحدهم
1,.أحدهما
1,أحزنها
1,أحسست
1,أحْسَنُ
1,أحسنت
1,أحصل
1,.أحضر
1,أحضّر
1,.أحضرها
1,أحفظ
1,أحقا
1,أحلام
1,أحلامك.
1,أحلم
1,أحمد
1,أحمراً
1,أحمق
1,أحمق!
1,أحمق.
1,أحمقاً
1,أحمل
1,أحياء
1,.أحياناً
1,أحياناً.
1,أخاً
1,أخان
1,أخاه
1,أخبار
1,أخبرتك
1,أخبرتنا
1,أخبرتني.
1,.أخبرتني
1,أخبرتُه
1,أخبرتها
1,أخبرتُهُم
1,.أخبرني
1,أخبروك
1,أخت
1,أختار
1,أُختان
1,أختلف
1,أختها
1,أُخذت
1,أخذتها
1,أخذنا
1,أخذوا
1,أَخْرَجَ
1,أخرجت
1,أُخرى.
1,أخسر
1,أخطاءه
1,أخطائك.
1,أخطر
1,أخفي
1,أخلد
1,أخمص
1,أخواتي
1,أخوك
1,أخوه
1,أخوين
1,أخوَيْن
1,.أخيراً
1,أخيرًا
1,أخيفك
1,أخين
1,أخيه
1,.أداء
1,أدخل
1,أدخله.
1,أدخن
1,أدخّن
1,أدراجنا.
1,أدري
1,أدريان
1,.أُدعى
1,أُدعى
1,أدفأ
1,أدلة.
1,أدنى
1,أدين
1,أذكى
1,أذني
1,أذهبت
1,أذى
1,أذيع
1,أرَ
1,أرأيتها
1,أرانب
1,أراها.
1,أرباح
1,أربعةً
1,أربعون
1,أربعين
1,أربعين.
1,أرجع
1,أرجع.
1,أرخص
1,أُرِدْ
1,.أردت
1,أردتُ
1,أردنا
1,أرسل
1,.أرسله
1,أرسلها
1,أرشيبالد
1,أرضاً
1,أرضي!
1,أرضي.
1,أرضية.
1,أرطال
1,أرغمني
1,أرقص.
1,أركب
1,أرنوباً
1,أرنوبًا
1,أرَها
1,.أرهقت
1,أُريد
1,أريدك
1,أری
1,أزاحت
1,أزمة
1,أزمةُ
1,أزهار
1,أزورك
1,أزياء.
1,أسأله
1,أسئلة
1,أسئلتك
1,أسئلتي.
1,أساء
1,أسابيع.
1,أساس
1,أساعده
1,أسافر
1,أسامحه
1,أسبانيا
1,أسبح.
1,أسبوعاً
1,أسبوعين
1,أستاذنا
1,أستحم
1,.أستخدم
1,أستخدمه.
1,أستدعي
1,أستساعدهم
1,أستسلِمُ
1,أستطِع.
1,.أستطيع
1,أستعد
1,أستعمل
1,أستمطر
1,أستيقظ
1,أسداً
1,أسداً.
1,أسرار
1,أسرته
1,أسرع!
1,أسرعت
1,أسرعنا
1,أسس
1,أسطوري
1,أسفاه
1,أسفى
1,أسكن
1,.أسكن
1,أسلبك
1,أسلوبه
1,أسماءهم
1,أسمح
1,أسمعك.
1,أسنانك
1,أسناني
1,أسناني.
1,أسهل
1,أسود
1,أسود.
1,أسيافنا
1,.أشار
1,أشاركك
1,أشباح
1,أشبه
1,أشتد
1,أشتريتها
1,أشتم
1,.أشرت
1,أشرح
1,أشعاراً
1,أشعة
1,.أشعر
1,أشعل
1,.أشعل
1,أشك
1,أشكّ
1,أشكالها
1,أشكرك
1,أشكركم
1,أشم
1,أشهر.
1,أشياءك
1,أشيب.
1,.أصبت
1,أصبِحَ
1,.أصبحت
1,أصبحَتْ
1,أصحاب
1,أصدق
1,أصدقاءٌ
1,أَصْدِقَاء
1,أصدقاءها
1,أصدقاؤك.
1,أصدقائي.
1,.أصل
1,أصم
1,أصيب
1,.أُصيبت
1,أضخم
1,أضربه
1,أضمن
1,أضيع
1,أطباق
1,أطبخ
1,أطع
1,أطعم
1,.أطفأت
1,.أطفئ
1,أطفال
1,أطلب
1,أطلق
1,أطْوَلُ
1,أطولك!
1,أظنه
1,أظنها
1,أعادةً
1,.أعارني
1,أعبر
1,أعترف
1,.أعتقد
1,.أُعجبت
1,أعدائه.
1,أعددتها
1,أعدى
1,أعرفه.
1,.أعرفه
1,أعرفها.
1,.أعرفها
1,أعرفهم
1,أعزف
1,أعشق
1,.أعشق
1,أعطاه
1,أعطت
1,.أعطني
1,أعطوه
1,أعطيت
1,.أُعطيت
1,أعظم
1,.أعلم
1,أعلمه
1,.أعلن
1,أعلنت
1,أعلى.
1,أعمامي
1,أعمى
1,أعندك
1,أعنيه.
1,أَعُوْدُ
1,أعور
1,أعيد
1,.أعيش
1,أغاني
1,أغبى
1,أغراضك
1,أغضبك
1,.أغلق
1,أُغلقت
1,أغلى
1,أغنى
1,أغير
1,أفادتني
1,.أفاعي
1,أفتاك
1,أفتح
1,أفترض
1,أفرادا
1,أفراداً
1,أفرش
1,.أفسح
1,.أفسد
1,.أفضل
1,.أُفضل
1,أفق
1,أفقد
1,أفقر
1,أفكار
1,أفكاري
1,أَفَلَا
1,أفلام
1,أفلامي
1,أفهمه
1,أفواه
1,أقابلك
1,أقابلهم
1,أُقاطِع
1,أقبح
1,أقبل
1,.أقبل
1,أقترف
1,أقتل
1,أقدام,
1,أقدر
1,.أقدّر
1,.أُقَدِّر
1,.أقرأ
1,أقسى
1,أقشر
1,أقصده
1,أقطع
1,أقفز.
1,أقفلت
1,أقلامٍ
1,أقلامك
1,أقلامي.
1,.أقلعت
1,أقمارنا
1,أقود.
1,.أقول
1,.أقوم
1,أقوى
1,أقوياء
1,أقيس
1,أكان
1,أَكْبَرَ
1,أكتب
1,.أكتب
1,أكتشف
1,أكثرهم
1,أكرمكم
1,أكره
1,.أكره
1,أكلمه
1,أكلمه.
1,أكلنا
1,أكلوا
1,.أكملت
1,أكون.
1,.أكيليز
1,ألازم
1,ألطفك
1,.ألعب
1,.أُلغيت
1,أُلغيت
1,ألفَيْ
1,ألقٍ
1,ألقت
1,ألقي
1,أُلقي
1,ألماً
1,ألمانيا.
1,أَلْمَانِيَا
1,ألمانية
1,ألمانية.
1,ألنا
1,ألومك.
1,أليس.
1,"أليس
1,أليفاً
1,أَمْ
1,أماكنكم.
1,أمامك
1,أمامنا
1,أمامنا.
1,أمامهم
1,أمامي
1,أمامي.
1,أمتأكد
1,أمتهم.
1,أمدرّس
1,.أمر
1,أمراً
1,أمرك
1,أمرنا.
1,أمريكي
1,أمريكي.
1,أمزح
1,أَمْزَح
1,أمسكت
1,أمسكه
1,أمسكوا
1,.أمشي
1,أمضت
1,.أمضت
1,.أمضى
1,أمضيت
1,.أمضيت
1,أمك.
1,أمكن
1,أمكنك.
1,أمل
1,أملاكي.
1,أمله
1,أملي
1,أملي.
1,أمنياتي
1,أميال.
1,أميركا
1,أَنَّ
1,أَنَّ
1,أَنْ
1,أنا.
1,أَنَا
1,أناديك
1,أنانيا.
1,أنانيّاً.
1,أنباء
1,أنت!
1,أنتاركتيكا
1,أنتظرك
1,أنتوني
1,أنجحت
1,.أنجزت
1,أُنذِر
1,أنذهب
1,أنزِل
1,أَنْزَلْنَا
1,أنساك
1,أنسى
1,أنشئت
1,أُنشئت
1,أُنْشِئَتْ
1,أَنفُسَكُم
1,أنفسنا
1,أَنْفُسُهُمْ
1,أَنْفُسِهِمْ
1,أنفك
1,أنقذ
1,.أنقذها
1,أنّني
1,أنّه
1,أنهت
1,أنهيتها
1,أنوارك
1,أنّي
1,أهتم.
1,أهداف
1,أهرام
1,أُهزم
1,أهناك
1,أهو
1,أهي
1,.أوافقك
1,أوافقه
1,أوحش
1,.أود
1,أودّ
1,أودعْتَ
1,أورلينز
1,أوشكت
1,أوصلتني
1,أوصلتها
1,أوقات
1,أوقظها
1,أوقع
1,أوقية
1,أُولَئِكَ
1,أولا
1,أولاد.
1,أولاداً.
1,أولادك
1,أولادنا.
1,أولادهم
1,أولى
1,أولية
1,أونا
1,أيٌّ
1,أيّاً
1,أيام.
1,أيحب
1,أيديهم.
1,أيقظك
1,أيما
1,أيمكننا
1,أين.
1,أَيْن
1,أيها
1,أيوجد
1,إئتمان
1,إئتماني
1,إبتسم
1,.إبحث
1,إبريل.
1,إبقاء
1,إبنان.
1,إبننا
1,إبنهم
1,إبني
1,.إتحدت
1,إتّصل
1,إتصلت
1,إتّفقنا.
1,إتّفقوا
1,إثبات
1,إثنين
1,إجابات
1,إجابة
1,إجتماع
1,إجتماعية
1,إجراء
1,إجلس
1,.إجلسي
1,إحتمال
1,إحداهما
1,.إحدى
1,إحذر
1,إحسان
1,إحمر
1,إحمل
1,إختبئ!
1,.إخترقت
1,إخرس
1,إخفاء
1,إخوان
1,إخوتي.
1,.إذاً
1,.إِذَا
1,إذَنْ
1,إذهب
1,إرادتها
1,إرجع!
1,إرفاق
1,إرفع
1,إزدحام
1,إسألهم
1,إسبرانتو
1,إسعافات
1,إسم
1,.إسمع
1,إسمك
1,.إسمي
1,إشارتك.
1,.إشتريت
1,.إصطحب
1,.إصطدمت
1,إصلاح
1,إضحك!
1,إطاراهُما
1,إطلاق
1,إطلاقاً.
1,إطلاقًا
1,إعارتي
1,إعتقلت
1,.إعزف
1,إغلاق
1,إفعل
1,.إقرأ
1,إقرأها
1,إقلاع
1,إقلب
1,إلتطمت
1,إلتقينا
1,إلحق
1,إلزبيث.
1,إلغِ
1,إله
1,.إلى
1,إِلَى
1,إليّ.
1,إليك!
1,إِلَيْكُمْ
1,إلينا.
1,إمض
1,إمضاء
1,إمكانك
1,.إنّ
1,إِنَّ
1,.إنتحرت
1,إنترنت
1,إنتهت
1,.إنتهت
1,.إنتهى
1,إنجاز
1,إنجلترا
1,إنجليزيتك
1,.إنحنت
1,إنساناً
1,إنشاء
1,إنطباعك
1,إنطلق!
1,.إنك
1,.إنّك
1,إنكار
1,إنكم
1,.إنني
1,إنّها
1,.إنهم
1,إنهما
1,.إني
1,إهتم
1,إياها.
1,إيتو
1,إيجاده
1,إيجادها
1,إيذاءك.
1,إيصال
1,إيطالي
1,إيطاليا.
1,.إيطاليا
1,ابتسم
1,ابتسمت
1,ابتعد
1,.ابق
1,ابقَ
1,ابناً
1,ابنة
1,ابنته
1,ابنتها
1,ابنتين.
1,ابنك
1,ابنها
1,ابنهما
1,ابي
1,اتبع
1,اتبعه.
1,اتصالاً
1,.اتصل
1,.اتصلت
1,اتفاق
1,اتفقنا
1,اتق
1,اتقوا
1,اتُّهمت
1,اتهمته
1,اثنا
1,اثنان
1,اثنين
1,اجتاز
1,اجتماع.
1,اجتماعٌ
1,اجتماعية
1,اجتمعن
1,اجعل
1,اجل
1,اِجلس
1,اجمع
1,احتاج
1,احتجازها
1,اِحتراماً
1,احترامي.
1,احترق
1,.احترقت
1,.اِحترقت
1,احترم
1,احتمال
1,احذر
1,احرص
1,احكي
1,اِختارت
1,اختبأ
1,اختبارك
1,اختر
1,اختراع
1,اخترعت
1,اختلط
1,اختلف
1,اختيار
1,اخرج
1,اخرج!
1,اخلط
1,اذهب
1,اربط
1,.ارتجفت
1,ارتدت
1,ارتفاع
1,ارتفعت
1,ارتكاب
1,ارتكب
1,.ارتكبت
1,ارتكبتُ
1,.ارجع
1,.اِرجع
1,ارجوك
1,ارسم
1,ارفع
1,اِرمِ
1,اِزدياد.
1,اسبح
1,اسبوع.
1,استأنف
1,استاء
1,استحكمت
1,استحممت
1,استحيا
1,استخدم
1,.استدر
1,استراتيجية
1,استرح.
1,.استرِح
1,استسلم
1,استشار
1,استُشهدوا
1,.استطاع
1,استطعت
1,استطيع
1,اِستعارة
1,.استعارت
1,استعبد
1,استعداد
1,استَعِينُواْ
1,استغرقك
1,استغل
1,.استغلّ
1,استغلال
1,استفت
1,استلم
1,.استلم
1,استمتعت
1,استمتعنا
1,استمرار
1,.استمرت
1,استمعت
1,استونيا
1,استيعاب
1,استيقظ
1,استيقظتُ
1,استيقظنا
1,اسكت
1,اسكن
1,اسمح
1,اِسمح
1,اسمع
1,اسمعني
1,اسمعني.
1,اسمك.
1,اسمُك
1,اسمه
1,اِسمه
1,اشتدّي
1,.اشترت
1,.اِشترت
1,اِشتريت
1,اشتريته
1,اشتريتها.
1,اشْتَهَتْ
1,اشرح
1,اشعر
1,اصبحت
1,اصطدام
1,اصطدمت
1,.اصطدمت
1,اصطناع
1,.اِصعدوا
1,اضحك
1,.اضحك
1,اضرب
1,.اطمأن
1,اطمئنّ.
1,اطيب
1,اظن
1,اعارني
1,اعتراض
1,اعترى
1,اعتقد
1,اعتقل
1,اعتقلت
1,اعتقلتها
1,اعتقله
1,اعتنِ
1,اعرف
1,اعصابه.
1,اعطتني
1,اعطيه
1,اعلَمُواْ
1,اعمل
1,اغسل
1,.اِغسل
1,اِغسل
1,اغلاق
1,.افتُتحت
1,افتح
1,افترقن
1,افتقدتك
1,افتقدتك.
1,افتقدتني
1,افعل
1,افكاره
1,افكاري.
1,اقبل
1,اقتناء
1,اقرأ
1,اقطع
1,.اِقطع
1,اقعد
1,اقفز
1,.اِكتب
1,اكتشافه
1,اكتشف
1,اِكْتُشِفَ
1,اكتشفت
1,اكثر
1,اكلوا
1,اكوِ
1,.الآباء
1,الآتية
1,الآخرون.
1,.الآخرون
1,الآلة
1,الآلي
1,الآيات
1,الآيسلندية.
1,الأب
1,الأبد!
1,الأثاث.
1,الأثنين
1,الأجانب
1,الأجسام
1,الأحد
1,الأحرار
1,الأحسن
1,الأحيان.
1,الأخبار
1,الأختان
1,الأخرى.
1,الأخضر
1,الأخطاء
1,الأخطاء.
1,الأدوات
1,الأدوار
1,الأراضي.
1,الأربعين
1,الأرجح
1,الأرزاق
1,الْأَرْضَ
1,الأرضي
1,الأرملة
1,الأرنب
1,الأزهار
1,الأساس
1,الأساسية
1,الأسبق
1,الأستاذ
1,.الأسد
1,الأسطوانة
1,الأسعار
1,.الأسعار
1,الأسف
1,الأسف!
1,الأسفل
1,الأسلحة
1,الأسماء
1,الأسنان
1,الأسوأ.
1,الأسود
1,الأسود!
1,.الأشجار
1,الأشخاص
1,الأصحاب.
1,الأصعب.
1,الأصغر.
1,الأصفر
1,الأضواء
1,الأطباء
1,الأطفال.
1,الأعداء
1,الأعراق
1,الأغلاط
1,الأفراد
1,الأفكار.
1,الأفلام.
1,الأقدام.
1,الأقربون
1,الأقل.
1,الْأَكْبَرُ
1,الأكلات
1,الألعاب
1,الألف
1,الألم
1,الألمانية.
1,الأليفة.
1,الأماكن
1,الأمامي
1,الأمامية
1,الأمان.
1,الأماني
1,الأَمرِ
1,الأمريكيون
1,الأمل
1,الأمواج.
1,الأموال
1,الأمور
1,الأميركيون
1,الأنابيب
1,الأهمية
1,الأوامر.
1,الأوان
1,الأوراسي
1,الأوراق
1,الأول
1,الأولاد.
1,الأولى
1,الأولى،
1,الأولی
1,الأيمن
1,الإثنين
1,الإجازة
1,الإجتماع.
1,الإجهاض
1,الإحراق
1,الإختبار
1,الإختبار.
1,الإختصاص.
1,الإختلاف
1,الإزعاج.
1,الإستعمار.
1,الإستقلال.
1,الإستنتاج
1,الإستيقاظ.
1,الإسورة
1,الإشارة
1,الإشاعة
1,الإطفاء
1,الإطلاق!
1,الإعتبار
1,الإعتبار.
1,الإعتراف.
1,الإعتياد
1,الإعجابُ
1,الإعدادية
1,الإعلان
1,الإغريق
1,الإغريقية.
1,الإغلاق
1,الإفريقية.
1,الإفطار.
1,الإمتحان.
1,الإمتحانات
1,الإمكان
1,الإنتحار.
1,الإنترنت
1,الإنترنت.
1,الإنجليز
1,الإنكليزية
1,الإهتمام
1,الإيثار
1,الإيطالي.
1,الإيطالية
1,الابتسامة
1,الابناء
1,الاتجاه
1,الاحتفال
1,الاحتمالات
1,الاختراع
1,الارض
1,الاستخبارات.
1,الاستماع
1,الاسرار
1,الاسكندرية
1,الاسلمِ
1,الاصغر
1,الاقتراض
1,الامتحان.
1,الامتيازات
1,الامريكي.
1,الامور
1,الانترنت
1,الانتظار
1,الانتظار.
1,الانطباع
1,الانطلاق.
1,الانعكاس
1,الاهتمام
1,الايدى
1,البئر
1,الباذنجان
1,الباقون
1,الباقي
1,الباقي.
1,البتّة
1,البترول
1,البجع
1,البحر
1,البحر.
1,البحرية
1,البدء
1,البدء.
1,البدأ
1,البدانة.
1,البراءة
1,البرازيل.
1,البرتقال
1,البرتقالة
1,البرق
1,البركان
1,البركة.
1,البرية
1,البريطاني
1,البريطانيين
1,البس
1,البساطة
1,البشريه
1,البصل.
1,البضائع
1,البضاعة.
1,البطانيات
1,البطريق
1,البعض.
1,البعوضة
1,البعيد.
1,البقر
1,.البقر
1,البقرة
1,البكتيريا
1,البلد.
1,البلدان
1,البلدة.
1,البلل
1,البناء.
1,البنك
1,البنيان
1,البنية
1,البنية.
1,البنين
1,البيتزا.
1,البيوت
1,التأقلم
1,التأكد
1,التأني
1,التّالية
1,التانجو.
1,التجاري
1,التجديب.
1,التحليق
1,التخفيف
1,التذكرة.
1,التذمر
1,التذمر.
1,التركيز
1,التزجيج
1,التزحلق
1,التزلج
1,التسعينات
1,التسويق
1,التشذيب.
1,التصديق
1,التصرف
1,التعاونية
1,التعفن
1,التعلم
1,.التعليم
1,التفكير
1,التقدم
1,التقى
1,التقيت
1,التكرار
1,التل
1,التلال
1,التلاميذ
1,التلميذ
1,.التلوث
1,التماسها
1,التمرين
1,التمرين.
1,التمنيات
1,التمييز
1,التنين
1,التهرب.
1,"التوأم
1,التوأمين
1,التوابيت
1,التوقف
1,التوقيت
1,التيمم
1,الثالث
1,الثالثة.
1,الثانوية
1,الثانويّة
1,الثاني.
1,الثانية
1,الثانية.
1,الثدي
1,الثدييات.
1,الثراء.
1,الثعابين
1,الثعبان
1,الثقافي
1,الثلاث
1,الثلاثاء.
1,الثلاثين
1,الثمن
1,الجاذبية
1,الجار
1,الجاز
1,الجاز.
1,الجامعات
1,الجامعة؟
1,الجامعي.
1,الجامعي؟
1,الجانب
1,الجبال
1,الجبر
1,الجبلية
1,الجبنة.
1,الجبين.
1,الجرؤة
1,الجرائد.
1,الجزء
1,الجزر
1,الجزيرة
1,الجسم
1,الجلدة
1,الجلدة.
1,الجليد
1,الجمال.
1,الجمعة
1,الجميع.
1,الجميلة
1,الجنوب
1,الجو.
1,الجواب
1,الجوع
1,الجولف
1,الجيتار
1,الجيتار.
1,الجيد
1,الجيدة
1,الجيدة.
1,الحابل
1,الحاجة
1,الحادث.
1,الحار
1,الحارة
1,.الحاسوب
1,الحال
1,الحب.
1,الحبوب.
1,الحجارة
1,الحجرة.
1,الحجرية
1,الحدود
1,الحديث
1,الحديث.
1,الحديدية
1,الحذائين
1,الحرارة
1,الحركة.
1,الحرم
1,الحرية.
1,الحزن
1,الحساب.
1,الحسبان
1,الحسن
1,الْحُسْنَى
1,الحشرات
1,الحشرة
1,الحصان
1,الحصرم
1,الحضارة
1,الحضور
1,الحطب
1,الحظ
1,الحفظ.
1,الحفل
1,الحفلات
1,الحفلات.
1,الحفلة.
1,الحق
1,الحقّ
1,الحقائق
1,الحقيقي
1,الحقيقي.
1,الحكم
1,الحكومات
1,الحكومة
1,الحكومة.
1,الحل
1,الحل.
1,الحلاق
1,الحلق
1,الحلم
1,الحِلْمُ
1,الحمام.
1,الحماية
1,الحمد
1,الحمراء
1,الحمراء.
1,الحمرة.
1,الحمق
1,الحمل
1,الحنان
1,الحواسيب
1,الحي
1,الحياء
1,الحيوية
1,الخارجية
1,الخاص
1,الخبر
1,الخبرة
1,الخروج
1,الخريطة
1,الخريف.
1,الخزان
1,الخسائر.
1,الخضار.
1,الخط
1,الخطاب
1,الخطب
1,الخطوة
1,الخلف
1,الخمر.
1,الخمسين
1,الخنفساء
1,الخوالي
1,الخوف.
1,الخير
1,الْخَيْر
1,الخيرية
1,الخيل
1,الخيل.
1,الخيول
1,الدار
1,الداروينية:
1,الدال
1,الدب
1,الدخول
1,.الدخول
1,الدراسة.
1,الدراما.
1,الدرجة.
1,الدعسوقة
1,الدقيقة
1,الدقيقة.
1,الدكان
1,الدلفين
1,الدم
1,الدنا
1,الدّهول
1,الدهون
1,الدوار.
1,الدوام
1,الدور
1,الدوق
1,الدول
1,الدولة
1,الدَيْن.
1,الذئابُ
1,الذّرّة.
1,الذري
1,الذكاء.
1,الذِّكْرِ
1,الذهب
1,الَّذِي
1,الَّذِينَ
1,الرئة.
1,الرئيسي
1,الرائع.
1,الرابع
1,الراديو.
1,الربيع.
1,الرجاء
1,الرجال
1,الرحلات
1,الرحلة
1,الرَّحْمَنِ
1,الرحيل
1,الرحيم
1,الرحيم.
1,الرد
1,الرداء.
1,الرسائل.
1,الرشاوي.
1,الرشوة.
1,الرصاص
1,الرصاص.
1,الرّصاص.
1,الرصاصة
1,الرضيع
1,الرعب.
1,الرعد.
1,الرغم
1,الرف
1,الرقص
1,الرقص.
1,الرقود
1,الركاب
1,الركبي.
1,الركض
1,الركض.
1,الرماية
1,الرهائن.
1,الروسية.
1,الروك.
1,الرياح
1,الرياضات
1,الرياضية
1,الرياضية.
1,الريح
1,الريف
1,الريف.
1,الزاوية
1,الزَّبُورِ
1,الزمان
1,الزمن
1,الزهرة!
1,الزيارة
1,الزيارة.
1,السائق
1,السائق.
1,السابعة.
1,السادسةَ
1,الساعة.
1,السبب
1,السبب.
1,السبت.
1,السبورة
1,الستين
1,السجادة.
1,السجن
1,السحاب
1,السحب
1,السر
1,السرعة
1,.السرير
1,السريع.
1,السعادة
1,السعادة!
1,السعادة.
1,السفارة
1,.السفر
1,السفن
1,السفير.
1,السفينة.
1,السفيه
1,السقف
1,السقف.
1,السكر
1,.السكرتيرة
1,السكك
1,السلامة
1,السلامة!
1,السلامة.
1,السلسلة
1,السليم
1,السليم.
1,السم
1,.السماء
1,السماح
1,السمك.
1,السمكة
1,السناجب
1,السنتين.
1,السهر.
1,السهم
1,السوء
1,السوء.
1,السوداني
1,الْسَّيَّارَة
1,السياق.
1,السيدات
1,السيف
1,الشأن
1,الشاحنة
1,الشاطئ.
1,الشباب
1,الشتاء.
1,الشتوية
1,الشجر
1,الشجرة!
1,الشخصي
1,الشخصيّاتِ
1,الشديدة
1,الشر
1,الشرب.
1,الشرح
1,الشرطة.
1,الشطرنج.
1,الشعب
1,الشعرية
1,الشقيقة
1,الشكل
1,الشكوى.
1,الشمس.
1,الشمسي.
1,الشمسية.
1,الشموع
1,الشهر.
1,الشهري.
1,الشوارع
1,الشوقي
1,الشوكة
1,.الشوكة
1,الشوكولاتة
1,الشيطانية
1,الشيوخ
1,الصَّابِرِينَ
1,الصَّالِحُونَ
1,الصبيان
1,الصحة
1,الصحراء
1,الصحون.
1,الصحيح
1,الصحيح.
1,الصدق
1,الصراط
1,الصغرى
1,الصغيرة
1,الصفحة
1,الصفحة.
1,الصفراء
1,الصقيع
1,الصناعية
1,الصندوق
1,الصندوق.
1,الصنع.
1,الصواريخ.
1,الصياد
1,.الصين
1,الصيني
1,الضائعة.
1,الضجة
1,الضجيج.
1,الضّحيّة
1,الضخمة
1,الضرائب
1,الضغط
1,الضيق
1,الطائر.
1,الطائرات
1,.الطالبة
1,الطالبين
1,الطب.
1,الطبخ
1,الطبق
1,.الطبيب
1,الطبيعي.
1,الطبيعية
1,الطراز
1,الطرد
1,الطرفان
1,الطرفة
1,الطرقات
1,الطريقة
1,.الطفل
1,الطلاب
1,الطلاب.
1,الطلب
1,الطلبة.
1,الطوابع
1,الطويل
1,الطيبات
1,الطيران
1,.الطيران
1,الظروف
1,الظل
1,الظِّل
1,الظلام
1,الظلم
1,الظلمة.
1,الظهر
1,العائق.
1,العادة
1,العار
1,العاشر.
1,العاشرة.
1,العافية!
1,العافية.
1,.العالم
1,العالية
1,العام.
1,العامة
1,العجائب"
1,العجوز.
1,العدو
1,العدو.
1,العراق.
1,العربية.
1,العربيّة
1,العرش.
1,العريض
1,العز
1,العشرة
1,العشرينات
1,العشق
1,العصابة
1,العصافة
1,العصافير
1,العطاء
1,العطلة.
1,العظمى
1,العقاب
1,العِقَابِ
1,العقل
1,العكس.
1,العلماء
1,العلوم.
1,العلوي
1,العلوي.
1,العمال
1,العمليات
1,العموم
1,العميق
1,العنصران
1,العنق
1,العنوان.
1,العهد
1,العود
1,الغابة
1,الغاز.
1,الغامِضَةَ
1,الغباء
1,الغداء؟
1,الغذائي
1,الغرام.
1,الغريب
1,الغريب.
1,الغريبة؟
1,الغزاة
1,الغسّالة
1,الغسيل
1,الغضب
1,الغلام
1,الْغِنَاء
1,الغنى
1,الغيت.
1,الفأر
1,الفأر.
1,الفئران
1,.الفئران
1,الفائدة
1,الفاتورة.
1,الفارسي
1,الفارسية!
1,الفاضح
1,الفاكس
1,الفاكهة.
1,الفتى
1,الفتيات
1,الفجر
1,الفخ.
1,الفخامة
1,الفدرالي
1,الفرج
1,الفَرَج
1,الفرح
1,الفرصة.
1,الفرقة
1,الفرنسية.
1,الْفَزَعُ
1,الفساتين
1,الفساد
1,الفستان.
1,الفضاء
1,الفضاء.
1,الفضائية
1,الفضل
1,الفقر.
1,الفكرة
1,الفكرة.
1,الفكرية
1,الفِلّا
1,الفلاحون
1,الفلسطيني
1,الفلفل
1,الفلفل.
1,الفلكيّة.
1,الفن
1,الفنادق
1,.الفندق
1,الفواكه
1,الفور.
1,الفوضى
1,الفول
1,الفيس
1,الفيضانات
1,القادمة
1,القاعة
1,القاعة.
1,القال
1,القبض
1,القبّعة
1,القبيل
1,القتل
1,القدر
1,القدر.
1,القدوم.
1,القرد
1,القرن
1,القرية.
1,القصص
1,القصير.
1,القضاء
1,القطارات.
1,.القطط
1,القطيع
1,القفز
1,القلاع.
1,القليل.
1,القمة
1,القمة.
1,القمح
1,القمح.
1,القمر.
1,القمري
1,القمصان
1,القنوع.
1,القوات
1,القواعد.
1,القوافي
1,القول
1,القيل
1,الكاري
1,الكافي
1,الكافيتيري
1,الكانجي
1,.الكبار
1,الكتاب!
1,.الكتاب
1,.الكتابُ
1,الكتابَ
1,الكتابة.
1,الكتابين
1,الكتابين.
1,الكحول
1,الكذب
1,الكرز
1,الكرسي.
1,الكريم
1,الكزبرة
1,الكلّ
1,الكلسترول
1,الكلمة.
1,الكندية
1,الكهرباء.
1,الكهف.
1,الكوالا.
1,الكوبرا
1,الكوسة
1,الكولسترول
1,الكومنولث
1,الكوميديا
1,الكون
1,الكوي.
1,الكيمياء
1,اللآلئ
1,اللؤم
1,اللئيم
1,اللائحة.
1,اللازانيا.
1,اللازم.
1,اللازمة
1,اللاعقلانية.
1,اللتي
1,اللحاء
1,اللحام
1,اللحم
1,اللدود
1,اللعبة!
1,اللغات
1,اللغات!
1,اللغات.
1,اللغويات
1,اللقاء
1,اللَّهِ
1,اللوائح
1,اللوحات؟
1,اللوم
1,اللوى
1,الليالى
1,الليالي
1,الليمون
1,المؤيدين
1,المئات
1,المئة
1,المائة
1,المايا
1,المايكروفون
1,المباني
1,المتاحف
1,المتبعة.
1,المتجر.
1,المتخصصين
1,المتعة
1,المتلألئة
1,المتهم
1,المتوسط
1,المُتَوَكِّلِينَ
1,المثلجات.
1,المجال
1,المجانين.
1,المجتمع
1,المجر.
1,المجروح
1,المجلة.
1,المجموعة
1,المجيئ
1,المحاسبة
1,المحالّ.
1,المحامي
1,المحامين
1,المحاولة
1,المحترفة
1,المحطّة
1,المحققين.
1,المحل.
1,المحيط
1,المختبر.
1,المختصر.
1,المخرج
1,المخصص
1,المدخل.
1,.المدرس
1,.المدرسة
1,المدرّسة
1,المدرسي
1,المدرسيّ
1,المدن
1,المدى
1,المدينة.
1,المدينة؟
1,المدينتين
1,المذنب
1,المر
1,المراحل
1,المرارات
1,المربى
1,المرضى
1,المرور.
1,المُرُوْرِ
1,المريض
1,المزعج
1,المزهرية
1,المسألة.
1,المساء.
1,المسافة
1,المستحيل
1,المستقبل
1,المستقلة.
1,المستقيم.
1,المستمعين
1,المسجل
1,المسدس
1,الْمُسْرِفِينَ
1,المسلمان
1,المسلمون
1,المشاريع
1,المشاكل
1,المشاكل.
1,المشاهدة
1,المشاهير
1,المشتركة.
1,المشروع؟
1,.المشكلة
1,المشمش
1,المشي.
1,المصانع
1,المصرف.
1,المصنع
1,المصورة
1,المضادات
1,المطاعم
1,المطاف
1,المطبخ
1,المطبخ.
1,المطعم.
1,المطلوب.
1,المظاهرة
1,المظاهرة.
1,المظلة
1,المظلم.
1,المعاش
1,المعاصي
1,المعبد
1,المعتاد.
1,المعدنية
1,المعرفة
1,المعركة
1,المعروف.
1,المعروفة.
1,المعطف
1,المعلمة
1,المعلومة
1,المعنوية
1,المغطاة
1,المغنيزيوم
1,المفتاح
1,المفتاح.
1,المفترسة.
1,المفتش
1,المفضّل
1,المفضلة.
1,المفضّلة.
1,المفقودة
1,المقاعد.
1,المقالة
1,المقاومة
1,المقبرة.
1,المقدمة
1,المقربين.
1,المُقَرّبين
1,المقصّ.
1,المقصورة
1,المكابح
1,المكابح.
1,المكافأة.
1,المكشوف
1,المكيّف
1,الْمَلَائِكَةُ
1,الملابس
1,الملاحظات.
1,الملعقة.
1,الملف
1,الملف.
1,الملفّ
1,الملكة
1,الملكة.
1,الملكية
1,الممثل
1,الممطر
1,المناخ
1,المناسب
1,.المنافسة
1,المناقشة
1,المنبهة
1,المنتديات.
1,المنتصر
1,المنوال
1,المهرجان
1,المهزوم
1,المهمة
1,المهنة
1,المواطن
1,الموت
1,الموت.
1,الموجودة
1,الموسيقا
1,الموسيقية
1,المولود
1,الميتة
1,الميلاد
1,النادر.
1,النادرة
1,.الناس
1,الناسَ
1,النَّاسَ
1,الناقد
1,.النباتات
1,النبلاء
1,الندامة
1,الندم
1,النرويج.
1,النص
1,النصيحة.
1,النطاق
1,النظافة.
1,النظر
1,النظرة
1,النعاج.
1,النفاثة
1,النفس
1,النفوس
1,النقاش
1,النقع
1,النقود.
1,النمسا
1,النمل.
1,النهائي
1,النهار.
1,.النهار
1,النهاية.
1,النهوض.
1,النّوافذ
1,النور
1,النور.
1,الهاتفي
1,الهدف.
1,الهدية
1,الهدية.
1,الهروب.
1,الهضبة
1,الهند.
1,الهيئة
1,الهيجا
1,الواجب
1,الواجب.
1,الواجبات
1,الواجبات.
1,الواقع
1,الواقعية
1,الوجبة
1,الوجه
1,الوجه.
1,الوَحْدَةُ
1,الورد
1,الورق.
1,الورقة
1,الورقية
1,الوسط
1,الوسيم"
1,الوصفة.
1,الوصول
1,الوصول.
1,الوضع
1,الوطني
1,الوطنية
1,الوظيفة.
1,الْوَعْدَ
1,الوعي.
1,الوقتَ
1,الوقود.
1,.الولد
1,الولدان
1,الولدين
1,.الى
1,.اليابان
1,الياباني.
1,اليابانيّة
1,اليسرى
1,اليقين
1,اليل.
1,اليه
1,اليوم!
1,اليَوْم.
1,اليومية.
1,ام
1,امتحان
1,امتحاناته
1,امتناني
1,امر
1,.امش
1,امشِ
1,.اِمضغ
1,انبهروا
1,انت
1,انت؟
1,انتبه
1,اِنتبه
1,انتحر
1,.انتحرت
1,انتخابه
1,انتخبوا
1,انترميلان
1,انتظار
1,.انتظر
1,انتظرتك
1,انتقد
1,انتقم
1,.انتهت
1,.انتهيت
1,انجلترا.
1,انجليزية
1,انحراف
1,.انخفضت
1,.اندلع
1,اِنسخ
1,انشغاله.
1,انصحك
1,انضم
1,انطباعك
1,.انطفأت
1,.اُنظر
1,انظروا
1,انعقد
1,انفعاله
1,انقر
1,انقطعت
1,اُنقل
1,انقلب
1,انكلترا
1,انني
1,اِنهالت
1,انهدم
1,انهض
1,اني
1,اِهدأ.
1,اهدنا
1,ايا
1,بـ
1,بآلة
1,بأخته.
1,بأختها.
1,بأخذ
1,بأدب
1,بأسف
1,بأسوأ
1,بأعجوبة
1,بأعلى
1,بألا
1,بألم
1,بأم
1,بأنفسهم.
1,بأننا
1,بأوقات
1,بأوّل
1,بإجتهاد
1,بإسمه
1,بإعداد
1,بإمتياز
1,.بإمكانك
1,بإمكانِكَ
1,بإمكاننا
1,.بإمكانه
1,.بإمكانها
1,بإنهاء
1,بإيجاد
1,باءت
1,بائع
1,باب
1,بابتسامة!
1,بابنتهما.
1,باتت
1,باترسن:
1,باتي
1,باد.
1,بارد.
1,.بارد
1,باردًا
1,باردة.
1,بارع.
1,باسط
1,باسم
1,باسمرار
1,باطراد
1,باعتقالها.
1,باكيةً
1,بالأحمر
1,بالأحمر.
1,بالأخبار
1,بالأخضر.
1,بالأدب
1,بالأسنان
1,بالأعلام
1,بالأكل
1,بالألمانية
1,بالألمانية.
1,بالأوراق.
1,بالإتصال
1,بالإجابة
1,بالإسبانية
1,بالإعدام.
1,بالإقلاع
1,بالإنتحار
1,بالإهتمام
1,بالاحمر.
1,بالامس
1,بالباص
1,بالباص.
1,بِالبِرِّ
1,بالبريد
1,بالبريد.
1,بالبوتاسيوم
1,بالبيت
1,بالتاكسي
1,بالتجربة
1,بالتحديد
1,بالتحديد.
1,بالتخطيط
1,بالتخلي
1,بالتدبير
1,بالتعادل.
1,بالتفاح.
1,بالتفاصيل
1,بالتفكير
1,بالتكسي
1,بالتمارين
1,بالتوتر
1,بالتّوفيق
1,بالثلج.
1,بالجدال.
1,بالجلوس.
1,بالحائط.
1,بالحرب
1,بالحقيقة.
1,بالحيوانات
1,بالخبر
1,بالخطأ
1,بالخطر
1,بالخمر.
1,بالخوف
1,بالدخول.
1,بالدراجة.
1,بالدرزن.
1,بالدرس
1,بالدزينة
1,بالدم.
1,بالرسالة.
1,بالرُّغْمِ
1,بالرماح
1,بالرياضيات
1,بالساعة
1,بالسباحة
1,بالسعادة.
1,بالسفينة
1,بالسكين
1,بالسكين.
1,بالسياسة.
1,بالسيف
1,بالشاحنة
1,بالشبكة.
1,بالشجرة.
1,بالشرطة
1,بالشرطة!
1,بالشوكة
1,بالشوكولاتة.
1,بالصابون
1,بِالصَّبرِ
1,بالصحة
1,بالصدفة.
1,بالضبط
1,بالطبع.
1,بالطبيب!
1,بالطفل.
1,بالعدول
1,بالغ
1,بالغ؟
1,بالغباء
1,بالغة.
1,بالغيوم
1,بالفرح.
1,بالفرنسية
1,بالفشل.
1,بالفعل.
1,بالقتال
1,بالقتل.
1,بالقطار
1,بالقطار.
1,بالقهوة.
1,بالقيم
1,بالكتاب.
1,بالكتب
1,بالكشف
1,بالكلب
1,باللعب
1,بالله
1,بِاللَّيْلِ
1,بالماء.
1,بالمائة
1,بالمال
1,بالمحاضرة
1,بالمحافظة
1,بالمراهنة
1,بالمرض.
1,بالمرور
1,بالمشي
1,بالمضرة
1,بالمعروف
1,بالموارد
1,بالنابل.
1,بالناس.
1,بالنباح.
1,بالنجاح.
1,بالنجوم
1,بالنّسبة
1,بالهطول.
1,بالواجب
1,بالوحدة.
1,باليابانية
1,بانتظارك
1,بانتظام
1,باندا
1,بانها
1,باهظة
1,باوند
1,بباله
1,ببزتك
1,ببزتي.
1,-ببساطة-
1,ببطء
1,ببطأ
1,ببطاقة
1,بتحريك
1,بتحويل
1,بتزويدنا
1,بتعافيه.
1,بتعويض
1,بتغيرات
1,.بِتْنا
1,بتهور.
1,بتوفير
1,بِتِي
1,بثبات
1,بثوان
1,بجانبها.
1,بجانبي.
1,بجديد
1,بجديد.
1,بجهدك
1,بحبك
1,بحبل
1,بحث
1,بحثت
1,بحجر
1,بحجر.
1,بحجم
1,بحذر
1,بحكمة
1,بحلم
1,بحيث
1,بخط
1,بخطر
1,بخير!
1,بدآ
1,.بدأ
1,.بدأوا
1,بدت
1,بدراسته
1,بدعوتي
1,بدقائق.
1,بدلا
1,بدليل
1,بدونك
1,بديلًا.
1,بدين
1,برأيك
1,برأيك.
1,براءات
1,براداً
1,براون
1,برتقالة
1,برتقالية.
1,برجاء
1,بردا
1,برداً
1,برسالتها
1,برفاهية.
1,بَرْمَجَتُهُ.
1,برنامج
1,برنامجك
1,برودة
1,بري.
1,بريدي
1,بريدي.
1,بريدياً
1,.بريطانيا
1,بريطانية
1,بزكام
1,بزيارتنا
1,بسانت
1,بسرعات
1,.بسرعة
1,بسقط
1,بسكويت
1,بسلام.
1,بسماع
1,بسمتها
1,بسيطا.
1,بسيطًا.
1,بسيفيهما
1,بشؤونك
1,بشجاعتك.
1,بشجرة
1,بشدة.
1,بشرتهم
1,بشق
1,بشوكة
1,بصائب.
1,بصحتك.
1,بصدد
1,بصديقها
1,بصديقي.
1,.بصراحة
1,بصرف
1,بصلة
1,بصيصاً
1,بضع
1,بطاقات
1,بطاقتك.
1,بطبيعته
1,بطفولتي.
1,بطل.
1,بطنك
1,بطول
1,بطوله
1,بطيئًا
1,بطيخاً!
1,بعبع
1,بعد:
1,بعدَ
1,بَعْدِ
1,بَعْدَهَا
1,بعشر
1,.بعض
1,بعضاً
1,بعضها.
1,بعضهم
1,بعضهما
1,بعطلة
1,بعمق
1,بعمل
1,بعملك
1,بعمله
1,بعودتك.
1,بعيداً.
1,بغسل
1,بغض
1,بغير
1,بفرح
1,بقاع
1,بقتلهم.
1,بقدر
1,بقرب
1,بقصة
1,بقطعة
1,بقلم
1,بقليل.
1,بقوانين
1,بقوة
1,بقوتي
1,بقيَ
1,بقيادة
1,بقياس
1,بقيمة
1,بقينا
1,بك!
1,بكأس
1,بكابوس
1,بكتابة
1,بكثرة
1,بكلّ
1,بكلامه.
1,بكلامها
1,بكلب
1,بكم
1,بكى
1,بكين
1,بَلْ
1,بلا
1,بلاد
1,بلاده
1,بلال
1,بلباقة.
1,بلدان
1,بلدتك
1,بلدنا.
1,بلدها
1,بلدي.
1,بلغ
1,بلغها
1,بلكنة
1,بمايوكو.
1,بمجرد
1,بمرتين.
1,بمرضها.
1,بمساعدتك
1,بمشكلتي.
1,بمعاينتها
1,بمعرفتك.
1,بمعطفي
1,بمفردك
1,بمقدرتي.
1,بمقدوره
1,بمناسبة
1,بمهارة
1,بن.
1,بِن
1,بِن.
1,بناء
1,.بناءً
1,بنت.
1,بنتي
1,بنتيجة
1,بنجاحك.
1,بنزواتك
1,بنصيحته.
1,بنطالي.
1,بنظامك
1,بنفسه
1,بنفسها.
1,بنفسي.
1,.بنوا
1,بني
1,بنيامين
1,بها.
1,بهدوء.
1,بهم
1,بواجبك.
1,بوالدها.
1,بوجع
1,بوجود
1,بورك
1,بوسطن.
1,بوسطون
1,بوسعك.
1,بوعكة.
1,بوقت
1,بوك
1,بولد
1,بونانزا
1,بي.
1,بيانو
1,بيتك.
1,.بيتك
1,بيتها
1,بيتها.
1,بيد
1,بيدها
1,بيرل
1,بيري
1,بيضاء
1,بيننا
1,بيننا.
1,بينهم
1,بَينَهُم
1,بيني
1,بيوت
1,بيوم
1,بيير
1,تأبي
1,تأت
1,تأثير
1,تأجلت
1,تأجلها
1,تأجير
1,تأخر
1,تأخرت.
1,.تأخّرتُ
1,تأخرنا
1,.تأخرنا
1,تأخّرنا.
1,تأدية
1,تأكّد
1,تأكل.
1,تأكله.
1,تأمل
1,تؤجل
1,تؤذي
1,تؤلمانني.
1,تؤلمني
1,تؤمن
1,تابعت
1,تاجر.
1,تاكشي
1,تبادلنا
1,تباهيه
1,.تبدأ
1,تبصر
1,تبعُد
1,تبق
1,تبقيه
1,تبقيها
1,تبك
1,تبلغ
1,تُبنَ
1,تبيع
1,تتأسف
1,تتألف
1,تتبنى
1,تتجاذب
1,تتجاهله
1,تتجمد
1,تتجهز
1,.تتحاج
1,تتحدى
1,تتحرك.
1,تتحكم
1,تتحمل
1,تتدهور.
1,.تتراوح
1,تترجم
1,تتردد.
1,تتركني
1,تتسرع
1,تتظاهر
1,تتعدى
1,تتعمدُ
1,تتفتح.
1,تتفرقوا
1,تتكاثر
1,تتم
1,تتمنى
1,تتناول
1,تتهرّب
1,تتوقع
1,تتوقف
1,تثبت
1,تثلج
1,تجادل
1,تجادلا.
1,تجاه
1,تجاهل
1,تجد.
1,تجري
1,تجعلني
1,تجلس
1,تجمدت
1,تجمع
1,تجمعها.
1,تجنبها.
1,تجهز
1,تجيب
1,تُحِب
1,تحبني
1,تحبه
1,تحبها
1,تحبين
1,تحتاجهما
1,تحترم
1,تحتقر
1,تحتها
1,تحتوي
1,تحجر.
1,.تحدث
1,تحدُّثَ
1,تحدثني
1,تحدّق
1,تحديث
1,تحذّر
1,تحرص
1,تحرك
1,تحزر
1,تحسن
1,تحشر
1,تحضر
1,تحطم
1,تحفظ
1,.تحفظ
1,تحققت
1,تُحكم
1,.تحمي
1,تحياتي
1,تخاطر.
1,تُخاطر.
1,تخبره
1,تختلف
1,تخرج
1,.تخرجت
1,تخشاه.
1,تخصص
1,تخصصك
1,تخصصه.
1,تخصصي
1,تخلصت
1,تخيلت
1,تد
1,تدخل.
1,تدخين
1,تدرب
1,تدربت
1,تدرس.
1,تدرّس
1,تدرك
1,تدري
1,تدفئة.
1,تدفع
1,تدم
1,تدمر
1,تُدمي
1,.تدور
1,تذاكر
1,تذِكرةً
1,تذكرت
1,تذكرت.
1,تذكرتي.
1,تر
1,تراثنا
1,تراه
1,تربيت
1,ترتاح
1,ترتاد
1,ترجمت
1,ترحل
1,ترسب.
1,ترسل
1,.ترك
1,تُرك
1,تركتُ
1,تركته
1,تركتها
1,تركنا
1,تركوا
1,تركونا
1,ترمِ
1,ترن
1,ترى.
1,تُرِيَني
1,تزال
1,تزداد
1,تزُرنا
1,تزعجني
1,تزعجها
1,تزوج
1,تزوجت
1,تزوجَتْ
1,تزوّجتني
1,تسأل.
1,تساءل
1,تساءلتُ
1,تساعدني.
1,تساعدها.
1,تساعدهم
1,تساقط
1,تسامحه.
1,تساندني
1,تساوي
1,تسبب
1,تسبح.
1,تستحقه.
1,تستخف
1,تستريح
1,تستطع
1,تستعبد
1,تستعمل
1,تستغل
1,تستفيد
1,تستهن
1,تسدي
1,تسرع
1,تسرع.
1,تسطيع
1,تسعمئة
1,تسعين
1,تسقط
1,تسلُّق
1,تسلم
1,تسلينا
1,تسمع
1,تسمعني
1,تُسَمّى
1,تسنح
1,تشارلز
1,تشاهد
1,.تشبه
1,تشتري
1,تشتريها
1,تشتكي
1,تشتكي.
1,تشتمني!
1,تشتهي
1,تشجع
1,.تشرب
1,تشرّفت
1,تشع
1,تشكره.
1,تشونسي
1,تُصاب
1,تصبّ
1,.تصبحين
1,تصدرت
1,تصدق.
1,تصدقني
1,تصدمني
1,تصدمها
1,تصريح
1,تصغي
1,تصلح
1,تصنع
1,تُصنع
1,تصور
1,تصوري
1,تضرس.
1,تضع
1,تضغط
1,تضيء
1,تضيع
1,تطاع
1,تطبخ
1,تطبخ.
1,تُطعم
1,تطفو.
1,تطور
1,تطير
1,تطير.
1,تطيع
1,تظاهرت
1,تظن.
1,تعاستنا
1,.تعافى
1,.تعافيت
1,تعاقبهم
1,تعال.
1,تعاود
1,تعبان
1,تعبت
1,.تعبت
1,تعبتُ
1,تعتذر
1,تعترف
1,تعثر
1,تعثرت
1,تعجّ
1,تعجبنا
1,تَعُدَّ
1,تعدّيت
1,تعرّض
1,تعرف.
1,.تعرف
1,تُعرف
1,تعرفت
1,تعرّفت
1,تعرفك
1,تعرفه
1,تعرفه.
1,تعرفهم
1,تعرفونه
1,تعطلت
1,تعطينا
1,تَعْقِلُونَ
1,تُعلّم
1,تعلمت
1,تعلّمني
1,تعليقات
1,.تعمد
1,تعمل.
1,تعملين
1,تعنيه
1,تعود
1,تعيبني
1,تعيد
1,تعيرني
1,تغرد.
1,تغضبني.
1,تغلّف
1,تغمره
1,تغيرتَ
1,.تفاجأت
1,تفاحتي.
1,تفت
1,تفتح
1,تفرج
1,تفرق
1,تفرقوا
1,.تفضل
1,تُفضّل
1,تفعل!
1,تفعلها
1,تفقد
1,تفكير
1,تفنى
1,تفهم.
1,تفوت
1,تفوتك
1,تفوتك.
1,تفيدني
1,تقابلنا
1,تقابله.
1,تقاعدت
1,تقاليده.
1,تقبلين
1,تقتني
1,تقدر
1,تقدمه
1,تقرب
1,تقرضني
1,تقريبا.
1,تقريبًا
1,تقريرك
1,تقريرك.
1,تقشير
1,تقصده.
1,تقع.
1,.تقع
1,تقلق!
1,تقلق.
1,تقنع
1,تقوله.
1,.تقوم
1,تكبر
1,تكبس
1,تكتب
1,تكثر
1,تُكثر
1,تكذب
1,تكراراً.
1,تكرر
1,تكرمت.
1,تكسر
1,تكسراً
1,تكسرت
1,تكلمت
1,تكلمني
1,تكونَ
1,تل
1,تلازم
1,تلبس
1,تلتزم
1,تلجأ
1,تلده
1,تلزم
1,تلسع
1,.تلعب
1,تلعن
1,تلفاز
1,تلفاز.
1,.تلك
1,تلمسني
1,تلومني
1,تمانع
1,تمتعنا
1,تمتلك
1,تمتم
1,تمر
1,تمرة
1,تمردا
1,تمرر
1,تمرن
1,تمزح!
1,تمزحُ
1,تَمْزَح
1,تمزيقاً.
1,تمسك
1,.تمشّيت
1,تَمْنَعُهُمْ
1,تمنيت
1,تِمِي.
1,تنافس
1,تناكا
1,تَنَام.
1,تناول
1,.تناولت
1,.تنبأنا
1,تنتظره
1,تنتقدني!
1,تنجح
1,تنجح.
1,.تنحّى
1,تنحّى
1,تنس.
1,تنسنا.
1,تنسى
1,تنصحني
1,تنظف
1,تنظّف
1,تنظيم
1,تنفجر
1,تنفرجي
1,تنفق
1,تنمو
1,تهاجم
1,تهاوى
1,تهجئ
1,تهجم
1,تهدأ
1,تهديني
1,تهمة
1,توجد
1,توحشت
1,تود
1,تورمت
1,توزيع
1,توصلني
1,تُوعَدُونَ
1,توفي
1,توقف.
1,.توقف
1,توقّف
1,توقيت
1,توقيع
1,توني:
1,تويتر.
1,تويوتا.
1,تيم
1,ثابتاً.
1,ثار
1,ثانية
1,ثرائها
1,ثروة
1,ثري
1,ثريّ
1,ثق
1,ثقتهم
1,ثقيلَ
1,ثلاثة.
1,ثلاجةً
1,ثلجاً.
1,.ثم
1,ثُمَّ
1,ثُمّ
1,ثمانٍ
1,ثمانيةُ
1,ثمنها
1,ثمين،
1,ثمينة.
1,ثورة
1,ثياب
1,ثياباً
1,.جئت
1,.جاء
1,جائعٌ
1,جائعون.
1,جارتنا.
1,جاسوساً
1,جاع
1,جاف.
1,جالوناً
1,جامعية.
1,جانبا
1,جانباً
1,جاهز.
1,جاهزاً
1,جاهزة
1,جاهزون
1,جثة
1,جدًا.
1,جدتي
1,جدد.
1,جديد.
1,جديدا
1,جدير
1,جديراً
1,جربت
1,.جرّبها
1,جرح
1,جُرح
1,جرواً
1,جريجسون
1,جزاك
1,جزيرة
1,جزيلاً!
1,جسده
1,جسدي.
1,جعلت
1,جعلتني
1,.جف
1,جفّف
1,جلبت
1,.جلسوا
1,جمالاً
1,جماهرياً
1,جمة.
1,جملة
1,جملة!
1,جملة.
1,جميعا
1,جَمِيْعاً.
1,جميعكم.
1,جميعها.
1,جميلات
1,.جميلة
1,جميلتان
1,جنسيته
1,جننت
1,جُنِنْت
1,جنونًا
1,جهد
1,جهد.
1,جهدك.
1,جهلت.
1,جهلك.
1,جهينة
1,جوابك
1,جوابي.
1,جودة.
1,جودته
1,جوعان
1,جوعانين.
1,جوك
1,جولة
1,جولتها
1,.جون
1,جُوْن
1,جيبك
1,جيبك.
1,جَيْبِهِ.
1,جيبها.
1,جيّد.
1,جيدا
1,جيدًا
1,جيدًا.
1,جيدة!
1,جيّدة.
1,جيرانك
1,جيمي
1,جين
1,جين.
1,حادة.
1,حادث.
1,حارّاً.
1,حارة
1,حاسوباً
1,حاضرون
1,.حافظ
1,حال.
1,حالا.
1,حالًا.
1,حالة
1,حَالَة
1,حالته
1,حالكم
1,حالي.
1,حاليا
1,حامض
1,حامض.
1,حامل
1,حامل.
1,حبر
1,حبل
1,حبها
1,حبهما
1,حبيب
1,حبيبة.
1,حتماً
1,.حتى
1,حتّى
1,حجر
1,حجرة
1,حجز
1,حجز.
1,حد
1,حدة
1,.حدث
1,حدثت
1,حدوث
1,حدودك
1,حديثاً
1,حديثة
1,حديثنا.
1,حديثها
1,حديقة.
1,حذاء
1,حذاءك.
1,حذاءها.
1,حذائك.
1,حذائي
1,حذرا
1,حذّرت
1,.حذرته
1,حذرين
1,حذفت
1,حر
1,حر.
1,حُرّ.
1,حرارة
1,حرارتك
1,حرارته
1,حرارته.
1,حرارتي.
1,حرب
1,حركات
1,حرمتها
1,حروب.
1,حزام
1,حزم
1,حزينًا.
1,حس
1,حساب
1,حسب
1,حسناً
1,حسناً.
1,حَسِيسَهَا
1,حصان.
1,حصاناً.
1,حصرما
1,حصن
1,حضرة
1,حضرنا
1,حضوراً
1,حضوري
1,حضيرة
1,حظاً
1,حظي.
1,حفرة
1,حفرة.
1,حفرت
1,حفظ
1,حفظت
1,حفظي
1,حفلتنا.
1,حفنة
1,حق
1,حقا.
1,حقًا
1,حقائبي
1,حقائبي.
1,حقق
1,حقنة.
1,حقوقنا
1,حقيبتك
1,حقيبتك.
1,حقيبتها.
1,حقيبتي
1,حقيقةً
1,حقيقية
1,حكاية
1,حكت
1,حُكم
1,حكمة
1,حكوماتنا
1,حكومة
1,حكى
1,حلّت
1,حُلَّتْ.
1,حلقاتها
1,حلما
1,حلمها
1,حلمي
1,حلمي.
1,.حلمي
1,حلّها
1,حلو.
1,حُلوِ
1,حليب
1,.حمّامك
1,حمل
1,حملت
1,.حملت
1,حملته
1,حملها
1,حملي.
1,حُمّى.
1,حمية
1,حمية.
1,حنون.
1,حوله
1,حي
1,حياةً
1,حياتك
1,حياته.
1,حياتها.
1,حياتهم
1,حية.
1,حيثما
1,حيفا
1,حيلة.
1,حَيْنَ
1,حيوان
1,حيي.
1,خائف
1,خائفاً
1,خائفة
1,خاب
1,خادمة.
1,خاص
1,خاصتك
1,خاطئة.
1,خالتك
1,خالتي
1,خالتي.
1,خَالِدُونَ
1,خالص
1,خالك
1,خالي.
1,خالية
1,خان
1,خبر
1,خبز
1,خدعة
1,خدعها.
1,خذلتني.
1,خذني
1,.خذني
1,خذها.
1,خرائط
1,خرافي.
1,خربشني
1,خرج.
1,.خرجت
1,خرجنا
1,خرطوشة
1,خرق
1,خروجك
1,خروفاً!
1,خسائرنا
1,.خسر
1,خسرنا
1,خشبياً
1,خضار
1,خضاراً
1,خضراء
1,خطأً.
1,خطأها
1,خطأي.
1,خطاً
1,خطاب
1,خطب
1,خطةً
1,خطتك
1,خطتنا.
1,خطته
1,خطته.
1,خطّته.
1,خطر.
1,خطرة.
1,خططت
1,خطّها
1,خطوات
1,خطوة
1,خفيفاً
1,خفيك
1,خلابة.
1,خلاف
1,خلافات
1,خلدت
1,خلع
1,خلف
1,خلفك!
1,خلفك.
1,خلق
1,.خلق
1,خمر
1,خنت
1,خوفاً
1,خيارهم
1,خيبات
1,خير.
1,خيرٌ
1,خيرا
1,خيول.
1,داء
1,دائرة
1,دائم
1,دائما
1,دائماً!
1,دافعوا
1,دامت
1,.دامت
1,دب
1,دبلوماسي.
1,دخل
1,.دخل
1,دخلتُ
1,دخله
1,دخولهم
1,دخولي
1,دراجة.
1,درّاجتك
1,دراجته
1,.دراجته
1,دراجتي
1,دراسته.
1,دراما
1,دُرايمُن.
1,درجتك
1,درس
1,.درست
1,درّسني
1,درويش
1,دعِ
1,دعاني
1,دعم
1,دعنا
1,.دعني
1,دعوته.
1,دفتري.
1,.دفع
1,دفعت
1,دفنت
1,دقيقة.
1,دِك:
1,دليل
1,دليلاً
1,دماغه
1,دمت
1,دمتريوس
1,دمر
1,دُمرت
1,دمعت
1,دمك.
1,دمه
1,دهست
1,دهنت
1,دواء
1,دواء.
1,دورك.
1,دوري
1,دول
1,دولاراً
1,دولارات
1,دوماً
1,دُونِنَا
1,.ديانا
1,ديب
1,ديسيمبر
1,ديما
1,دين
1,دين.
1,ذئب
1,ذاكر
1,.ذاكرت
1,ذاهبٌ
1,ذراعك
1,ذرعا
1,ذروتها
1,ذكر
1,ذِكْرِ
1,ذِكْرُكُمْ
1,ذكرى
1,ذكرى!
1,ذلك...
1,ذلِك.
1,ذنب
1,ذنبي.
1,ذهب.
1,ذهبَتْ
1,ذهبياً
1,ذوقه
1,رأت
1,رأسك
1,رأسها.
1,رأسي
1,رأسي.
1,رأوا
1,رأي
1,رأيه.
1,رأيي.
1,رؤوس
1,رؤوس!
1,رؤوسنا
1,رئيساً.
1,رئيسنا
1,رئيسي
1,راؤول
1,.رائحة
1,رائعاً
1,رائعًا!!
1,رائعة
1,راتب
1,راتبه
1,راجع
1,راحة.
1,راضية.
1,راقب
1,راكباً
1,راكضاً
1,رايت
1,رب
1,ربته
1,ربحت
1,.ربطة
1,رُبّما
1,رَبِّهِمْ
1,رتب
1,رتبت
1,.رجال
1,رجل!
1,رجلٌ
1,رجلا
1,رجلان
1,رجليك
1,رحب.
1,رحل
1,رحلتنا
1,رحمة
1,رَّحِيمٌ
1,رخيصاً
1,رخيصة
1,رداء
1,ردت
1,ردحاً
1,رددت
1,.رزقوا
1,رسائل
1,رسالة.
1,رسالةً
1,رسالتك.
1,رسالتها
1,رسام
1,رسّام
1,.رسب
1,رِسْلِك.
1,رسول
1,رشدي
1,رشيق.
1,رصاص
1,رصاص.
1,رصف
1,رطل
1,رطليْ
1,رطلين
1,رعباً
1,.رفضت
1,رفضنا
1,رفع
1,.رفع
1,رقص
1,رقصتي
1,رقيق
1,.ركب
1,ركبوا
1,ركز
1,.ركّزت
1,ركض
1,رماني
1,رمز
1,رمزٌ
1,.رمى
1,رَنّ
1,رهبة
1,روائع
1,روائي
1,روائياً
1,روايات
1,روايتها
1,روبرت
1,روبِنسون
1,.روحهم
1,روما.
1,.روما
1,رياض
1,رياضة
1,رياضيات
1,رياضية
1,زائد
1,زائداً
1,.زادت
1,زاده
1,.زار
1,زارت
1,زبدة
1,زبدة.
1,زبون
1,زجاج
1,زجاجة
1,زجاجتَي
1,زحمة
1,زد
1,.زرت
1,زُرِعَت
1,زرقاء
1,زرقاء.
1,زرنا
1,زَفِيرٌ
1,زكام.
1,زكربرج
1,زملائها
1,زمن
1,زمناً
1,زميل
1,زميلتي
1,زميلي
1,زوجاً
1,زوجة.
1,زوجته
1,زوجيّ.
1,زيارتك
1,زيارتي
1,سآتي.
1,سآخذ
1,.سآخذه
1,سآكل
1,.سأبقى
1,.سأبيت
1,سأتركك
1,سأجلب
1,سأحبك
1,سأحضر
1,سأحضر.
1,سأحضّر
1,سأحوّل
1,سأُحوّل
1,سأخبرك
1,.سأخفف
1,سأخلد
1,سأذهب.
1,سأرفع
1,.سأريك
1,سأسأله
1,.سأساعدك
1,.سأساعده
1,سأساندك
1,سأستحِمّ.
1,.سأسعدها
1,سأشاهد
1,سأشتاق
1,.سأشتري
1,.سأصبح
1,سأُطْلِقُ
1,سأعاود
1,.سأعاود
1,سأعترف
1,.سأعطيك
1,.سأعود
1,.سأقاتل
1,سأقاضيك.
1,سأقرأ
1,سأقوله!
1,سأقوله.
1,سأقوم
1,.سأقيس
1,سأكون
1,.سأكون
1,.سُأِل
1,سألت
1,سألقي
1,سأنضم
1,سأنهي
1,سأوافيك
1,.سأوصلك
1,سؤال.
1,.سؤال
1,سؤالاً.
1,سؤاله
1,سؤالي.
1,سئمت
1,سابح
1,سابقاً
1,سابقًا.
1,ساخن
1,سار
1,ساعتك.
1,ساعتي.
1,ساعتين
1,ساعد
1,ساعدت
1,ساعدتني
1,.ساعدته
1,ساعدنا
1,.ساعدنا
1,ساعدني!
1,ساعِدُهُ
1,ساعدهم
1,ساعدوني
1,سافر
1,.سافرت
1,ساكناً
1,ساكورا
1,سالي
1,سامة
1,سامحني
1,سباق
1,سبب.
1,سبت.
1,سبتمبر
1,سبحنا
1,سَبَقَتْ
1,سبقه
1,.ستأخذ
1,ستأكل
1,ستبحر
1,.ستبدأ
1,ستبقى
1,سَتَبْقَى
1,ستبيع
1,ستبيعه
1,ستتأخر
1,ستتأخّر
1,ستتحسن
1,.ستتزوّج
1,ستتصل
1,ستجد
1,ستجد.
1,ستحتاج
1,.سترى
1,ستزور
1,ستسافر
1,ستشتري
1,ستصاب
1,.ستضل
1,.ستضيع
1,ستغني
1,ستقع
1,ستقلع
1,ستلحق
1,ستلعب
1,ستمطر.
1,ستمطرُ
1,ستنجح
1,ستنجح.
1,.ستنجزه
1,ستنسَني
1,.ستُنشر
1,سجّلت
1,سجلوا
1,سدّ
1,سرج
1,سرطان
1,سرعتك
1,سرقوا
1,سرير
1,سريرك
1,سريع
1,سريعة
1,سطحه
1,سعة
1,.سعة
1,سعداء.
1,سعر
1,سعر.
1,سعيد!
1,سعيدا
1,سعيدًا
1,سعيدة!
1,سفاهة
1,سفر
1,سفيرة.
1,سكر.
1,سكران.
1,سكرانة.
1,سكرت.
1,سكنّا
1,سكنية.
1,سكين
1,سكينك.
1,سِكّينَك
1,سلاح
1,سلب
1,سلم
1,.سلّمت
1,سلّمت
1,سماء
1,سماع
1,سماعك
1,سماعي
1,سمح
1,سمعا
1,.سمعت
1,سمعتها
1,.سمعنا
1,سميث.
1,.سمّينا
1,سناً.
1,سنتأخر.
1,سنجد
1,سنسافر
1,.سنسافر
1,سنصل
1,سنقف
1,سنكتفي
1,سنلتقي
1,سنلحق
1,سنلعب
1,.سنلعب
1,سني
1,سنّي
1,سهل.
1,سهلاً
1,سهلاً!
1,سوء
1,سواسية
1,.سوف
1,سَوْفَ
1,.سوق
1,سوية
1,سويسرا
1,سُويسْرَا
1,سيئ
1,سيئة!
1,سيئة.
1,سياج
1,سياجاً
1,سيارات
1,سيارتان.
1,سيارتك.
1,سيارتنا
1,سيارتي.
1,سيّارتي.
1,سيارتين.
1,سياسة
1,سياسية
1,سيبدأ
1,سيبقى
1,سيبيريا
1,سَيَتَحَقَّقْ.
1,سيتزوجا
1,سيتقابلون
1,سيتم
1,سيتمكن
1,سيحترمك
1,سيحرمنا
1,سيحصل
1,سيحضر
1,سيخفف
1,سيد
1,سيدة
1,سيدي
1,سيدي.
1,سيذهب.
1,سيساعدك
1,سيساعدني
1,سيسافر
1,سيستمر
1,سيصدر
1,سيصلوا
1,سيضطر
1,سيطرتي
1,سيُطلى
1,سيعود
1,سيغادر
1,سيُفرج
1,سيفوتك
1,سيفوز
1,سيقام
1,سيقبل.
1,.سيقودك
1,سيقيمون
1,سيكشف
1,سيكفي
1,سيكلف
1,سيموت
1,سينهي
1,سيهطل
1,سيُهيّج
1,شأنك.
1,شئ.
1,شئت.
1,شئنا
1,شا
1,شاباً
1,شابه
1,شاحنة.
1,شارك
1,شاركتنا
1,شاعر.
1,شاكر
1,شاهدته
1,شب
1,شباب
1,شبابها.
1,شبابي
1,شبعان
1,شبعت.
1,شبكة
1,شبيهة
1,شتمني
1,شتى
1,شجاع.
1,شجاعته
1,شجاعتها
1,شجرة
1,شحن.
1,شخص.
1,شخص..
1,شخصٍ
1,شخصاً
1,شخصًا.
1,شخصيتها
1,شديد
1,شديد.
1,شَدِيدُ
1,شديدا.
1,شديدة
1,شديدة.
1,شر
1,شراء
1,شرابك
1,.شرب
1,شَرِبَ
1,شربت
1,شرح
1,.شرحه
1,شرسًا
1,شرط
1,شرطة
1,شرف
1,شرفاً
1,شركتنا.
1,شريراً.
1,شريرًا.
1,شعباً
1,شعت
1,.شعر
1,شعرك
1,.شعرك
1,شعرنا
1,شعره
1,شعري
1,شغولاً
1,شفاه
1,شقة
1,شقة.
1,شقراوتان.
1,شك.
1,شَكٌّ
1,شكر
1,شكراً!
1,شُكْراً
1,شكسبير
1,شكل
1,شكلك
1,شكله
1,شكلها
1,شكلها.
1,شكوت
1,شمعة
1,شَنَجِهاي
1,شنجي
1,شهادة
1,شهد
1,شهدنا
1,شهرًا
1,شهرين.
1,شهور.
1,شهياً.
1,شهية.
1,شهير.
1,شُورَى
1,شيءٌ
1,شيءٍ
1,شيئا.
1,شيئاً!
1,شيئًا.
1,شيدت
1,شيقاً
1,شيقة.
1,شيّقة.
1,شيكاغو
1,صائب.
1,صاحبه
1,صادق
1,.صارع
1,صاغية.
1,صافية.
1,صالحاً
1,صامتاً
1,صَبَاح
1,صباحا.
1,صبت
1,صبّت
1,صبر
1,صبران:
1,صبغ
1,صبوراً.
1,صحة
1,صحته
1,صحتي
1,صححت
1,صححني
1,صحو
1,صحي
1,صحيحًا.
1,صحيحة
1,صحيفة
1,صداع.
1,صداعك
1,صداقتك
1,صداقتنا
1,صدري
1,صدقك
1,صَدَقْنَاهُمُ
1,صدقه
1,صدقه.
1,صدم
1,صدمت
1,صدمته
1,صدمني.
1,صدور
1,صديقة.
1,صديقك
1,صديقنا.
1,صديقي.
1,صديقَيْن.
1,صراخاً.
1,صرخة
1,صرخة.
1,صرخت
1,.صرخوا
1,صريحًا
1,صريحة
1,صعب.
1,صعبٌ
1,صعبة.
1,صعد
1,صغير.
1,صفحات
1,صفّر
1,صفراء
1,صفقة
1,صفك
1,صفّنا.
1,صلب.
1,صناعي
1,صنافا
1,صندوق
1,صنعت
1,صنعتها
1,صوب
1,صوبت
1,صوتاً.
1,صوتك
1,صوتك.
1,.صوتها
1,صوّر
1,صورةٌ
1,صورتي
1,صورك
1,صيانة
1,صيني
1,صينية
1,ضئيلة.
1,ضاحكاً
1,ضاعت
1,ضاق
1,ضاقت
1,ضحكت.
1,.ضحكت
1,ضربني
1,ضرست.
1,ضعف
1,.ضعها
1,ضعيف.
1,ضعيفة.
1,ضغط
1,ضلّت
1,.ضميري
1,ضيعني
1,ضيقي
1,طائرات.
1,طائرتي
1,طاب
1,طابة
1,طابت
1,طابع
1,طارت
1,طازجة
1,طالب.
1,طالبةً
1,طالبوا
1,طالبين
1,طالعها
1,طاولة
1,طباخ
1,طباخ.
1,طباخة
1,طبختَ
1,طبخك.
1,طبع
1,طبيبًا
1,طبيبك
1,طبيعة
1,طبيعتها
1,طبيعي
1,طبيعية
1,طرق
1,طريقك
1,طريقه
1,طريقها.
1,طعاماً
1,طعامك
1,طعم
1,طعمه
1,طفلاً
1,طفلة
1,طفولة
1,طفولتي
1,طقس
1,طلاقة
1,.طلب
1,طُلب
1,طلبة
1,.طلبت
1,طلت
1,طلّقت
1,طلى
1,.طلينا
1,طموحها
1,طور
1,طولك.
1,طولي
1,طوني.
1,طويل.
1,طيب
1,طيب.
1,طيبة
1,ظَالِمَةً
1,ظاهرة
1,ظلت
1,.ظلت
1,ظلم
1,ظننت
1,ظننتُكَ
1,ظننتُكِ
1,ظننته
1,ظنّنِيْ
1,ظني
1,ظهرت
1,ظهيرة
1,عائد
1,عائلتك
1,عائلتك.
1,عائلته
1,عائلتي
1,عاجلاً.
1,.عاد
1,عادات
1,عاداته
1,عاداني
1,عادت
1,عادتها
1,عادل
1,عادي.
1,عارض
1,عازباً
1,عازبة
1,عازف
1,عاشر
1,عاشقا.صفر
1,عاصف
1,عاصفة.
1,عاطل
1,عالمنا
1,عالياً.
1,عامة
1,.عاملتها
1,عامين.
1,عانى
1,عِبَادِيَ
1,عبقري
1,عبور
1,عُثر
1,عثرت
1,عجب
1,عجلة.
1,عجوز.
1,عد
1,عُد
1,عدة
1,عدّة
1,.عددهم
1,عدّل
1,عدلاً.
1,عدنا
1,عدو
1,عدوك
1,عدوه
1,عذر
1,عرب.
1,عربتك
1,عربي
1,.عرض
1,عرضي
1,عزفت
1,عزم
1,عَزَمتَ
1,عزيمة
1,عشرات
1,عشرة.
1,عشية
1,عصافير
1,عصير
1,عضواً
1,عضواً.
1,عطش.
1,عطشاً
1,عطشاً.
1,عطِشاً
1,عطشان
1,عطشان.
1,عطشانٌ
1,عظيم.
1,عفواً.
1,عفوًا.
1,عَفْواً
1,عقابهم
1,عقارية
1,عقله.
1,عكس
1,علا
1,علاج
1,علامَ
1,علامة
1,علبة
1,علق
1,علمت
1,علمتني
1,علمته
1,علمي
1,علو
1,علوم
1,عَلَى
1,علي.
1,عليهم
1,عم.
1,عما
1,عماد
1,عمت
1,عمتك
1,عمتي.
1,.عمتي
1,عمراً
1,عمراً.
1,عمرنا
1,عمره.
1,عمرها.
1,عمري.
1,عمك.
1,عمل.
1,عملاق
1,عملك.
1,عملنا
1,عملها
1,عمّن
1,عمه
1,عمه.
1,عموماً
1,عمي.
1,عَنْ
1,.عندما
1,.عندنا
1,عندى
1,عَنْدِي
1,عنصر
1,عنق.
1,عنقك
1,عنقي
1,عَنْهَا
1,عنوانه
1,عنوانها.
1,عني
1,عنيفة.
1,عوامل
1,عودتي
1,عودك!
1,.عوقب
1,عيادة
1,عينان
1,عيناه
1,عيناها
1,عيني
1,عيوباً
1,عيوبي
1,عيون
1,غائماً
1,.غابت
1,غادر.
1,غادرالقطار
1,غاضباً
1,غاضباً.
1,غاليا
1,غامرتَ
1,غامق.
1,غبي!
1,غبياً.
1,غبيًا
1,غدا.
1,غدًا.
1,غذائية.
1,غرب
1,غرف
1,غرفتك.
1,.غرق
1,غريباً
1,غريباً.
1,غسان
1,غسلت
1,غضب
1,غضب.
1,غضباً.
1,غضبان
1,غضبه
1,غضبه.
1,غطاء
1,.غطت
1,غَفُورٌ
1,غفيراً
1,غلاف
1,غلطتي
1,غمرها
1,غمز
1,غناء
1,غناءها
1,غني.
1,غنيا
1,غنية
1,غيابك
1,غيرت
1,غيّرت
1,غيرك.
1,غيوم
1,فأراً.
1,فأردت
1,فأرشدني
1,فأزيد
1,فأكره
1,فأمر
1,فأنت
1,فَأَنْجَيْنَاهُمْ
1,فَإِذَا
1,فإن
1,فإنها
1,فاتتك
1,.فاتته
1,فاتن
1,فاتنا
1,فاتنة.
1,فاجأ
1,فاجأت
1,فاجأنا
1,فاحش
1,فادحاً.
1,فارغا.
1,فارغة
1,.فاز
1,فازوا
1,فاصل.
1,فاصنع
1,.فاطمة
1,فاعلاً
1,فافعل
1,فاكهة
1,فالسكوت
1,فالقاتل
1,فانيا
1,فايرفوكس.
1,فبراير
1,.فُتح
1,فتحت
1,فُتحت
1,فترات
1,فترة.
1,فَتَوَكَّل
1,فتى
1,فتى.
1,.فجأةً
1,فحسب،
1,فحص
1,فحصوا
1,فحومل
1,فخلدت
1,فخوران
1,فخورة
1,فراغ
1,فرانسيسكو
1,فرجت
1,فرحاً.
1,فرحة
1,فرد
1,فرصةً
1,فرصتنا
1,فرضك
1,فرق
1,فرنسي
1,فرنسي.
1,فرنسيسكو
1,فروضك
1,فروضي
1,فروضي.
1,فريد
1,.فريد
1,فريقنا
1,فريقنا.
1,فريقي
1,فسترسل
1,فسنقبل
1,.فشل
1,فشِل
1,فشلت.
1,فشلنا.
1,فصلنا
1,فصول
1,فضائياً
1,فضة
1,فطالما
1,فطلب
1,فظيعاً
1,فعلاً
1,فعليّ
1,فعليهم
1,فقره
1,فقره.
1,فَقَط.
1,فقير
1,فقيراً.
1,فقيرة
1,فكاهة
1,.فكر
1,فكرة.
1,فكرتي
1,فكرتي!
1,فكل
1,فكن
1,فلساً
1,فلسطين
1,فلسطين؟
1,فلسطيني
1,فلماً
1,فلنحاول!
1,فلنلتقي
1,فلورنس
1,فلوريدا
1,فما
1,فمتى
1,فمه.
1,فمي
1,فمي!
1,فنان
1,فنّان
1,فنجان
1,فنجانا
1,فني
1,فهرب.
1,فهل
1,فهناك
1,فوات
1,فوجي.
1,فورد
1,فوزنا
1,.فوزه
1,فوطة
1,فوهة
1,فى
1,فِىَّ
1,فِيْ
1,فيرفكس
1,فَيَرفُكس
1,فيقبلُه.
1,فيك
1,فيليب
1,فيهِ
1,فِيهِ
1,فيها.
1,قائلة
1,.قابلت
1,.قابلته
1,قابلنا
1,قاتلاً
1,قاتلوا
1,قاد
1,.قاد
1,قادرة
1,قادمة
1,قادمة!
1,قاربت
1,قاسيًا
1,قاطبة.
1,قاطعاً
1,قاع
1,قاعة
1,قافية
1,.قال:
1,قالته.
1,قالها
1,.قام
1,.قامت
1,قاموس.
1,قاموساً.
1,قاموسي
1,قاموسي.
1,قانوناً
1,قبح
1,قبره
1,.قُبض
1,قبعتك.
1,قبّعته
1,قبّل
1,قبور
1,قتل
1,قتل.
1,.قُتِلَ
1,.قتلت
1,قتلتها.
1,.قد
1,قدامى
1,قدر
1,قدمًا
1,.قدماها
1,قدماي
1,قدمته
1,قدميّ
1,قدمَيّ
1,قدميك
1,قدوم
1,قديم
1,قديمون
1,.قرأ
1,قراءته.
1,قرار
1,قرارٌ
1,قرارك.
1,قرارِهِم.
1,قراري.
1,قربي.
1,قرد
1,.قرر
1,قررا
1,قررت
1,قررَتْ
1,قرشاً
1,قروضاً
1,.قريباً
1,قريبًا
1,قَرِيْبًا.
1,قريبه
1,قريبين
1,قرية
1,قَرْيَةٍ
1,قرين
1,قصّته
1,قصتها
1,قصدي
1,قصص
1,قصفت
1,قَصَمْنَا
1,قصها
1,قضمة
1,قضى
1,قضية.
1,قضيت
1,قط
1,قطار.
1,قطاراً
1,قطاع
1,قطتان
1,قطتك
1,قطتي
1,قطتي.
1,قطرة
1,قطّع
1,قطعت
1,قطّعت
1,قطي.
1,قعدنا
1,.قف
1,قفا
1,قفازيها
1,قفز
1,.قفز
1,.قل
1,قُلْ
1,قلب.
1,قلبك!
1,قُلتُه
1,.قلّده
1,قلعة
1,قلما
1,قلما.
1,قلمها.
1,قلمي.
1,قلوب
1,قلوبهم
1,قليلا
1,قليلاً
1,قليلاً.
1,قم
1,.قم
1,قماش
1,قمصانه.
1,قناع
1,قنوع
1,قهوة
1,قهوةً
1,قهوته
1,قوة.
1,قول
1,قَوْمًا
1,قيادته
1,قيل
1,قيلولةً
1,قِيَمِه
1,كأمك.
1,كأن
1,.كأنّ
1,.كأنّك
1,كأنه
1,كأوساكا
1,كأي
1,كؤوس
1,كائناً
1,كابتن
1,كاتباً
1,كاتباً.
1,كاذب.
1,كارول
1,كافية
1,كالبرتقالة.
1,كالثلج
1,كالثلج.
1,كالشمس
1,كالطائر
1,كالعادة
1,كالعادة.
1,كالقمر
1,كالنحلة.
1,كالهدايا
1,كالوردة
1,كامبردج
1,كاميرا
1,كاميرا.
1,كاميرات.
1,كاميرتي
1,كان.
1,ًكان
1,كَانَتْ
1,كاني
1,كباراً
1,كبرت
1,كبيراً
1,كتاباً.
1,كِتَابًا
1,كتابان.
1,كتابه
1,كتابه.
1,كتابها.
1,كتابي
1,كتابي.
1,كتابين
1,كتابَيْن
1,كتبنا
1,كَتَبْنَا
1,كتبه
1,كتبهم
1,كتبي
1,كتبي.
1,كتغيير.
1,كتفاحة
1,كتِلْك.
1,كثب
1,كثر.
1,كُثُرْ
1,كثيراً!
1,كذب
1,كذبت.
1,كذبه
1,كررت
1,كرسياً
1,.كرم
1,كروية
1,كريك
1,كريهة
1,كساعٍ
1,كسرة
1,كسرت
1,كسرها.
1,كسكين.
1,كشاعرة.
1,.كشف
1,كطفل.
1,كعكتك
1,كعلم
1,كعود
1,كفاعله
1,.كلٌّ
1,كلّ
1,كُلْ
1,كِلاً
1,كلاب
1,كلب.
1,كلبٌ
1,كلباً.
1,كلبان
1,كلبك
1,كلبنا.
1,كلبه.
1,كلكم
1,كَلِمَةُ
1,.كلمتني
1,كلمني!
1,كلّنا
1,كلها.
1,كلّها
1,كلهم
1,كلّي
1,كلياً.
1,كليّاً
1,.كم
1,كمجموعات
1,كمغنية
1,.كن
1,كِن.
1,كنائس
1,كنتَ
1,كُنْتُمْ
1,كنفاني
1,كنوز
1,كهربائي
1,كهربائي.
1,كواكبه.
1,كوالالمبور
1,كوبي
1,كوت
1,كوري
1,.كوكب
1,كومة
1,كونج.
1,كونوا
1,كَوَيْتَ
1,كي
1,كيسها
1,.كيف
1,كيفية
1,كيلو
1,كيلوجرامات.
1,كيلومتراً.
1,كيلومترات.
1,كيميائي.
1,كيوتو.
1,.كيوتو
1,لآخذ
1,لآكله.
1,لأبي
1,لأجل
1,لأحافظ
1,لأحد.
1,لأختك
1,لأخذ
1,لأخذت
1,لأخي
1,لأخي.
1,لأشياء
1,لَأَصْبَحَتْ
1,لأعز
1,لأعيش.
1,لأقطع
1,لِأَقُولَ
1,لأقوله.
1,لأكتب
1,لألف
1,لأمريكا
1,لأموت.
1,لأمي
1,لأنفسنا
1,لأنكِ
1,لأنني
1,لأنها
1,لأي
1,لإرسال
1,لإصلاح
1,لإصلاح.
1,لإعداد
1,لإيجاد
1,لاتخاذ
1,لاحظت
1,لاستئجار
1,لاستحضار
1,لاشتريت
1,لاعبون
1,لبس
1,لبست
1,لبسته
1,لبولا
1,لتترجم
1,لتتمشّى
1,لتساعدنا.
1,لتشغيل
1,لتكون
1,لتلعب
1,لتودعني.
1,لتوّه
1,لجون
1,.لحسن
1,لحظات
1,لحظات.
1,لحظة...
1,لحكيت
1,لحم
1,لحن
1,لحناً
1,لحوم
1,لحياتي
1,.لَخِّص
1,لخمس
1,لدي.
1,.لديّ
1,لديهم
1,لذاك
1,لذة
1,لذهبت
1,لذيذ
1,لذيذ.
1,لذيذة!
1,لذيذة.
1,لرؤية
1,لرؤيتك
1,لرامي،
1,.لربّما
1,لرفاهية
1,لزيارتنا
1,لزيارتنا.
1,لساعات
1,لساعات.
1,لساعة.
1,لساعتين
1,لساعتين.
1,لسبب
1,لسبب.
1,لسرقة.
1,لسلمان
1,لسماع
1,لسنا
1,لسوء
1,لشخص
1,لشخصيْن.
1,لشرحك
1,لشكسبير
1,لشوبان
1,لصالح
1,لصحتك
1,لصديقي.
1,لصنع
1,لطف
1,لطفلها.
1,لطفه
1,لعاصي
1,.لعب
1,لعبة
1,لعبتي
1,.لعبنا
1,لعدة
1,لعشر
1,لعصره.
1,.لعلّ
1,لعلمك
1,لعلي.
1,لعيد
1,لغات
1,لغات!
1,لغةٌ
1,لغتنا
1,لغتها
1,لغتي
1,لغزاً
1,لغوي
1,لفشلت.
1,لفعلت
1,لفيف
1,لقتل
1,لَقَدْ
1,لقدومك
1,لقطة
1,لقى
1,لك!
1,لكرم
1,.لكلٍ
1,لكلٍ
1,لكلبك
1,لكنت
1,للآخرين.
1,للآمال
1,للأرانب
1,للأرنب
1,للأسف
1,.للأسف
1,للأسوأ.
1,للأطفال
1,للأكل
1,للإصابة
1,للإطاعة
1,للإنسان
1,للإهتمام.
1,للاهتمام.
1,للبشر
1,لِلتَّحْلِيَة.
1,للتسوق
1,للتصويت؟
1,للتطرف
1,للتنس
1,للتهوية
1,للتوّ
1,للتوقف
1,للجدران
1,للجرحى
1,للحب.
1,للحجارة
1,للحصول
1,للحظة
1,للحظة.
1,للحكومة
1,لِلحَلْوَى.
1,للخدمة
1,للخنازير
1,للدفاع
1,للدورة
1,للذهاب.
1,للرحيل.
1,للسباحة
1,للسّباحة
1,للسرقة.
1,للسلطة
1,للشاعر
1,للشك
1,للصحة
1,للصحة.
1,للطائرات.
1,للطلاب
1,للعالم
1,للعطلة
1,للعلاج
1,للعمل
1,للقراءة.
1,للقهوة
1,للكافرين
1,للكاميرا
1,للكبار
1,.للكبار
1,للكوالا.
1,للكوسة
1,للمتجر
1,للمحاسبين
1,للمكتبة.
1,للملصق
1,للممثلة.
1,للموت
1,للموظفين
1,للميلاد
1,للنادي
1,للنظام
1,للنوم
1,للهروب.
1,للهيدروجين
1,للوجبة
1,لليوم
1,.لِمَ
1,لِمَ
1,لمئة
1,لمحتها
1,.لمحتها
1,لمخلوق
1,لمرة
1,لمساعدة
1,لمساعدتك
1,لمساعدتنا
1,لمساعدتنا.
1,لمسافة
1,لملابسها
1,لمنازلهم
1,لموت
1,لنأكل.
1,لنانسي
1,لنبدأ
1,لنبدأ.
1,.لنتخيل
1,.لنتظاهر
1,لنتقابل
1,لنحاول!
1,لنذهب!
1,لنرجع
1,.لنساعد
1,لنعد
1,.لنعُد
1,لنعيش
1,لنفسه
1,لنفسها
1,لنفسي
1,لنفكر
1,لِنُفَكّر
1,لنكمل
1,لنلعب.
1,لنواجه
1,له.
1,له:
1,لها.
1,لهذا
1,.لهذا
1,لوجه.
1,لوجود
1,لوحة
1,لوحدها.
1,لوقاحتك!
1,لوكالات
1,لولا
1,.لونه
1,.لونها
1,لوني
1,.لوني
1,لياقتي
1,ليز
1,ليعيش
1,ليعيل
1,ليقود
1,ليقول
1,ليكوّنوا
1,ليل
1,ليلاً
1,ليلاً.
1,ليلتك.
1,ليلحق
1,مأساوية.
1,مؤتمر
1,مؤخراً
1,مؤدباً
1,مؤكّد.
1,مؤلم
1,مِئْةَ
1,مئتَيْ
1,مَا
1,ماء.
1,مابيل
1,ماتوا
1,مادتك
1,مادتي
1,مادّتي
1,مادياً
1,ماذا!
1,مارتن.
1,مارس
1,مارس-آذار
1,مارك
1,مارميتي
1,ماري.
1,.ماري
1,ماريا
1,.ماريكو
1,ماريو
1,ماسة
1,ماضيه.
1,مالذي
1,ماله.
1,مالية
1,مالية.
1,مانتشستر
1,ماهر.
1,ماهراً.
1,ماهرين
1,ماهي
1,.مايك
1,مبارايات
1,مبتدئ
1,مبتدئ.
1,مبتسماً:
1,مبروك.
1,مُبْعَدُونَ
1,مبكراً
1,مبكراً.
1,مبكّرة
1,مبلغ
1,مبلول.
1,مبيعات
1,متأخر
1,متأخرًا
1,متأخرين.
1,متأخّرين.
1,متأسف.
1,متأكداً
1,متأكدًا
1,متأكدون
1,متجهًا
1,متجهة
1,متحدّثي
1,متحف
1,متخصص
1,متروك
1,متزوجان
1,متشدد
1,متصفح
1,متعبٌ
1,متعبون
1,متعلق
1,متعلم
1,متنوعة
1,متواصلة
1,متوجهين
1,متوسط
1,متوفر.
1,مَتَى
1,متيقظة
1,مثار
1,مثالاً
1,مثبتة
1,مثيراً
1,.مج
1,مجاراة
1,مجاناً.
1,مجبرا
1,مجتمعاتنا
1,مجتمعك؟
1,مجد
1,مجدداً!
1,مجراها
1,مجسمات
1,مجلات
1,مجلة
1,مجلة.
1,مجلدٍ
1,مجلس
1,مجموعات
1,مجنونًا.
1,مجنونة
1,مجهداً.
1,مجيئنا
1,مجيئه.
1,مجيب
1,محادثات
1,محادثتهم
1,محاربة
1,محاسن
1,محافظين.
1,محامٍ.
1,محامي
1,محاولاتنا
1,محبوب
1,محبوبة
1,محترف
1,محترقة
1,محترم
1,محترم.
1,محتم.
1,محصول
1,محظوظ!
1,محفظة
1,محفظته
1,محفظتي.
1,محق
1,محقّ.
1,محقاً.
1,محقة
1,محكم
1,محمد
1,محمود
1,مختلف
1,مختلفةٌ
1,مخصصة
1,مخطئة.
1,مخمورا
1,مخيب
1,مد
1,مدارس.
1,مدّخرات
1,مدخنا.
1,مدرّب
1,مدرّس
1,مدرسة.
1,مدرسةً.
1,مدرّسة.
1,مدرسته
1,مدرستها
1,مدرسك
1,مدرسنا
1,مدريد.
1,مدن
1,مدى
1,مذاكرتك.
1,مذكرة
1,مذكرتي.
1,مذنب.
1,مذهل
1,مذهلاً
1,مذياعك
1,مرادها
1,مرافقتي
1,مرةً
1,مرّةً
1,مرّت
1,مرتاح
1,مرتبة
1,مرتدياً
1,مرحبًا
1,مرحلة
1,مرر
1,.مررنا
1,مرضه
1,مرضه.
1,مرور.
1,مروم
1,مريباً
1,مريح
1,مريحاً
1,مريحة.
1,مريعاً.
1,.مريم
1,مزقت
1,مسؤولون
1,مسؤوليتنا
1,مساء
1,مساء.
1,مساءً.
1,مساءا
1,مساؤك.
1,مساحة
1,مسارات
1,مساعدتك؟
1,مساعدتكم.
1,مساعدتنا.
1,مساعدته
1,مساعدتي.
1,مسافات
1,مسافة
1,مسافرين
1,مساهمتكم.
1,مسبقاً
1,مستشفى
1,مستعجل
1,مستعجلين.
1,مستعملة
1,مستغرقاً
1,مستقلان
1,مستقلة
1,مستقيم
1,مستقيماً
1,مستقيماً.
1,مستقيمة
1,.مستوى
1,مستي
1,مسجد.
1,مسجل
1,مسدس.
1,مسدساً
1,مسدسي
1,مسرحية
1,مسرور
1,مسروراً
1,مسرورون.
1,مسطحة
1,مسقط
1,مشابهًا
1,مشابهة
1,مشاريع
1,مشاعر
1,مشاعره.
1,مشاعري.
1,مشاغب.
1,مشاهدتها.
1,مشترك.
1,مشجّعة.
1,مشرق.
1,مشغولا
1,مشغولة
1,مشغولون
1,مشكلة!
1,مشكلة.
1,مشكلتك
1,مشمس
1,مشهور!
1,مشهورة.
1,مشياً
1,مشيت
1,مشينا
1,مصاباً
1,مصدرها
1,مصرف.
1,مصممة
1,مصنع.
1,مصنوعة
1,مصيب.
1,مضت
1,مضحكاً
1,مضر
1,مضرب
1,مضرب.
1,مضرة
1,مضطرون
1,مضغه
1,مطراً
1,مطعماً.
1,مطعمنا
1,مطلقا!
1,مطلقاً.
1,مُطلقاً.
1,مُطيع.
1,مظلتي
1,مظلم
1,مظلم.
1,مظهري.
1,.مع
1,مَعَ
1,معاً
1,معالجته
1,معتادة
1,معتز
1,معجب
1,معجون
1,معدتي
1,معدل
1,معدلات
1,معدودة
1,معرض
1,مُعْرِضُونَ
1,معروفاً
1,معروفةً
1,معروفه
1,معطفاً
1,معطفه.
1,معطفها
1,معقول!
1,معلقة
1,معلم
1,معلماً
1,معلماً.
1,معلّماً.
1,معلمةً.
1,معلمنا
1,معلّمون
1,معلمي
1,معلمينا.
1,معلومات
1,معلوماتك
1,معنيان.
1,معها
1,معهم
1,معهم.
1,مُعيّن.
1,مغربي
1,مغص.
1,مغطاة
1,مغطى
1,مغلق.
1,مغلقاً
1,مغلقة
1,مغني
1,مغنية
1,مفاتيحها
1,مفاتيحي
1,مفاجأة
1,مفاجأة.
1,مفاوضات
1,مِفْتَاحًا
1,مفتاحك
1,مفتوحاً.
1,مفتوحة.
1,مفتوحتين.
1,مفقودة
1,مقاعدكم.
1,مقتنعًا
1,مقتنعون
1,مقدس
1,مقص.
1,مقطوعات
1,مقطوعة
1,مقعد
1,مقعداً
1,مقعدك.
1,مقفل
1,مُقْلة
1,مكاتبنا
1,مكانًا
1,مكاننا
1,مكانه
1,مكانه.
1,مكاني
1,مكبر
1,مكتبة
1,مكتبك
1,مكتبه.
1,مكتبي
1,مكتوباً
1,مكتوفى
1,مكسور.
1,مكعب
1,مُلئت
1,ملئى
1,ملاك
1,ملاك!
1,ملبدة
1,ملحد.
1,ملحوظ
1,ملحوظة
1,ملعب
1,ملكٌ
1,ملِكًا.
1,ملكته
1,ملكك
1,ملكه.
1,ملكي.
1,مللت
1,ملوك
1,مليء
1,مليئاً
1,مليئًا
1,مليار
1,.مليار
1,ممارسة
1,ممتاز
1,مُمْتَازَة
1,ممتع
1,ممتعاً.
1,ممتعًا
1,ممتعة
1,ممتلئ.
1,ممطر.
1,ممكن.
1,ممكنة
1,ممكنة.
1,مملاً
1,.مممم...
1,ممن
1,مَن
1,مَنْ
1,مِن
1,مِنَ
1,منّا
1,مناسبات
1,منتصف
1,منتظم
1,منتظمة
1,مُنْتَهٍ.
1,منحوس!
1,منخفض.
1,.منذ
1,منزل.
1,منزلة.
1,منزلك.
1,منزلنا
1,منزله.
1,.منزلي
1,منشفة
1,منظر
1,منظرا
1,منعطفًا
1,منها.
1,منهم.
1,منهما
1,منّي
1,مهام
1,مهذب.
1,مهذّب.
1,مهذباً
1,مهم.
1,مهمتها
1,مهمتي
1,مهنتك
1,مهندساً.
1,مهندسون
1,مواطنة
1,موافقتي
1,موت
1,موتاهم
1,موجه
1,موجوداً
1,موجوداً.
1,موريل!
1,موريل.
1,موزيلا
1,موسم
1,مُوَضَحٌ
1,موضوعي
1,موظف.
1,موعداً
1,موفّقاً
1,موقع
1,مولع
1,مولوكاي
1,مونتريال
1,ميتاً.
1,ميتة
1,ميل
1,ميمي!
1,ميناء
1,مينج
1,نائما
1,نائمة
1,نائمون.
1,نابلس
1,ناجويا
1,ناجويا.
1,نادرا
1,.نادراً
1,نادي
1,نارا
1,نارا!
1,نارا.
1,نازلة
1,ناعم
1,نافع
1,نافورة
1,ناقة
1,ناقة.
1,.ناولني
1,ناي
1,نباتي.
1,نبح
1,نبضه.
1,نبك
1,نبيذي!
1,نتائج
1,نتجنب
1,نتحدث
1,نتخلص
1,نتعلم
1,نتكلّم
1,نتمشّى
1,نتوقع
1,نتيجة
1,نجاحك.
1,نجحت
1,نجحت.
1,نجحنا
1,نجحنا!
1,.نحب
1,نحتاج
1,.نحتاج
1,نحرص
1,نحوي
1,.ندمت
1,نذهب.
1,نرقص.
1,نرك
1,نره
1,نرها
1,نرويجي.
1,نريد
1,.نريد
1,نزرع
1,نزل
1,.نزل
1,نزلنا
1,نزهتنا
1,نساء
1,.نساء
1,نستطع.
1,نستطيع
1,نستغله
1,نستهلك
1,نسختين
1,نسقي
1,نسمة.
1,نسيان
1,نسيت
1,.نسيت
1,نَشَاءُ
1,نشاطاً
1,نشاهد
1,نشجع
1,نشكرك
1,نشيد
1,.نصحتْه
1,.نصحني
1,نصحها
1,نصدر
1,نَصْرَ
1,.نصنع
1,نصيحتك
1,نصيحتك.
1,نصيحتي.
1,نضع
1,نطاق
1,نطقي
1,نظّاراتي؟
1,نظارتك
1,نظارتي
1,نظام
1,نظر
1,نظرةً
1,.نظرياً
1,نظريته.
1,.نظف
1,.نظّف
1,نظفت
1,نظّفنا
1,نظم
1,نظهره
1,نظيف
1,نظيفاً.
1,نظيفة
1,نظيفةً
1,نظيفتان
1,نعرفه
1,نعرفها.
1,نعساناً
1,نعلم
1,نعلَيْك
1,نعم،
1,نعمة
1,نعمة.
1,نعمت
1,نغير
1,.نفد
1,نفذ
1,نفسها.
1,نفسي.
1,نفط
1,نفطر
1,نفعَ
1,نفعاً.
1,نفعل
1,نفقتي
1,نفكر
1,نفوسهم
1,نقاوة
1,نقبل
1,نُقَدِّر
1,نقف
1,نقودي.
1,نِك
1,نكتة
1,نكون
1,نلتقي
1,نلغي
1,.نمت
1,نمر.
1,.نمرّ
1,نملت.
1,نمنا
1,نناديه
1,نهائي.
1,نهائياً
1,نهائياً.
1,نهتمّ
1,.نهض
1,نواجه
1,نواحي
1,نوافذ
1,نوم
1,نوم.
1,نومًا
1,نومها
1,نويت
1,نيابة
1,نيسان
1,نيو
1,هائلاً.
1,.هاتان
1,هاتشينسون
1,هاتفه.
1,هاتفياً
1,هاتوياما
1,هاجمنا
1,هادئًا
1,هادئين.
1,هارباً.
1,هارفارد
1,هاكوني
1,هامة.
1,هامدة.
1,هاملت
1,.هاملت
1,هاناكو
1,هَايْ
1,هاينز
1,.هبط
1,هتف
1,.هتف
1,هتلر
1,هجاني
1,هدأت
1,هدف
1,هدفاً
1,هدفك
1,هدفه.
1,هدوئك
1,هديّتك.
1,هَذَا
1,هذانِ
1,هذه.
1,هَذِه
1,هذين
1,هرب
1,.هرب
1,هزة
1,هزمني
1,هكذا.
1,هَل
1,هلا!
1,.هم
1,هماً.
1,.هنّ
1,هنا!
1,.هنا
1,هُناك
1,هنالك
1,هنري
1,هنري.
1,هو!
1,هُو
1,هُوَ
1,هواياتي
1,.هوايتها
1,هوكايدو.
1,هوكّايدو
1,هوكي.
1,هول
1,هولمز
1,هولندا
1,هونج
1,هونولولو
1,.هيا
1,هيبته
1,هيدروجين
1,.هيلين
1,وآخُذ
1,وآمل
1,وأخبرني
1,.وأخيرًا
1,وأُذكر
1,وأسفله
1,وأسنان
1,وأضواء
1,وأفتوك
1,وَأَمرُهُم
1,وأمريكا
1,وأموالهم
1,وَأَنَّ
1,وَأَنْشَأْنَا
1,وَأَهْلَكْنَا
1,وإلا
1,وابك
1,واجب
1,واجباً
1,واجباتك.
1,واجباتها.
1,واجباتي.
1,واجبك
1,واجه
1,واجِه
1,واحتواني
1,واحداً:
1,واذكروا
1,وارض
1,واساك
1,واستمع
1,واسع
1,واسعة
1,واسنان
1,واشنطن
1,واضحاً
1,واعتصموا
1,واعد.
1,واعظ
1,وافق
1,.وافقتها
1,واقرأ
1,واقرأه!
1,والإنجليزي
1,والان
1,والبؤس
1,والباذنجان
1,والبريطانيون
1,والتدليك
1,والجهل
1,والخضروات
1,والدا
1,والدتك.
1,والدتها
1,والده
1,والدها
1,والديك
1,والديك.
1,والدَيك
1,والديه.
1,والشابات
1,والشرف
1,وَالصَّلاةِ
1,والعمر
1,والقراءة
1,والكبيرة
1,والكلاب.
1,والمشاهدة
1,والمقتول
1,وَالنَّهَارِ
1,والواضح
1,وانج.
1,وانحدر
1,واندفع
1,وبركاته
1,وبعد
1,وبعضهم
1,وبقاء
1,وبكت
1,وبلا
1,وَتَتَلَقَّاهُمُ
1,وتسعين
1,وتلك
1,وتم
1,وَتَنسَونَ
1,وتورونتو
1,وجد.
1,وجدته.
1,وجدتّه
1,وجهاً
1,وجهت
1,وجهك
1,وجهك.
1,وجهها.
1,وجهي.
1,وجود
1,وجوده
1,وجوهه
1,وجوههم
1,وحده.
1,وحدي!
1,وحزام
1,وحش
1,وحملني
1,وحيد.
1,وخدمات
1,وخطباء
1,وخمسين
1,وخير
1,ودل
1,وذقت
1,وذهب
1,وذهبت
1,ورأيت
1,وراءك
1,وراءه
1,ورث
1,ورحمة
1,وردياً
1,وروسيا
1,وزارة
1,وزّع
1,وزنه
1,وسيم.
1,وَشَاوِرهُم
1,وصبر
1,وصديقك
1,.وصل
1,.وصلت
1,وصلتني
1,.وصلنا
1,وصلوا
1,.وصلوا
1,وصول
1,وصولي
1,وصية
1,وصيته
1,وضح
1,وضحاها
1,وضّحت
1,وضعتُ
1,وضعها
1,وطنهم
1,وطني
1,وظيفته
1,وعجلات
1,.وعد
1,وعرف
1,وعشرين
1,وعقلاني
1,وعقيدة
1,وعندما
1,وعيها.
1,وغادر.
1,وغالباً
1,وغداً
1,وغير
1,وفاة
1,وفجأة
1,وفضائلهم
1,وفكر
1,.وفي
1,وقال
1,وقتا
1,وقح!
1,وقِحًا.
1,وقروض
1,وقطة.
1,وقعنا
1,.وقعوا
1,وقف
1,وقفت
1,وقفنا
1,وكانت
1,وكلب.
1,وكلماتها
1,وكم
1,وَكَمْ
1,وكما
1,وكيع
1,وكيف
1,وَلَا
1,ولاعة
1,ولد.
1,وُلِدَ
1,ولدت.
1,وُلدت
1,وُلِدْت
1,ولدي
1,ولرب
1,وَلَقَدْ
1,ولكنني
1,ولكنه
1,ولكني
1,ولو
1,ولي
1,وليالي
1,وما
1,ومالك
1,ومصاعب
1,ومعابدها
1,ومعه
1,ومن
1,وَمَنْ
1,ومنزل
1,ونور
1,وهذه
1,وهل
1,وهم
1,وهنا
1,وهو
1,وود
1,ويبقى
1,ويشتغل
1,ويفعلُه
1,ويل
1,ويوم
1,يأت
1,يأتِ
1,يأتي.
1,يأخذ
1,يأكل.
1,يأكلون
1,.يأكلون
1,يؤدي
1,.يؤدي
1,يؤدّي
1,يؤذي
1,يؤسفني
1,يُؤكل
1,يؤلمك
1,يؤلمني
1,يابني
1,يافعاً.
1,يافعين.
1,يبتسم
1,يبدأ
1,.يبدأ
1,يبعد
1,يبقَ
1,يبقون
1,يبقى
1,يبلغ
1,يبني
1,يبيع
1,يتأخر
1,يتأذ
1,يتألف
1,يتباهى
1,يتبع
1,يتّجه
1,يتحرك.
1,.يتحركون
1,يتخلص
1,يتخلى
1,يتذكر
1,يتزوجها
1,.يتسع
1,يتصل
1,يتعامل
1,يتعرف
1,يتعلموا
1,يتغذى
1,.يتغيّر
1,يتقن
1,يتكلّمها
1,يتكلمون
1,يتم
1,يتمكن
1,يتناول
1,يتوجّب
1,يتوقع
1,يتيم
1,يثق
1,يجب.
1,يجِبُ
1,يجتاحُ
1,يجتهد
1,يجد.
1,يجدر
1,يجدي
1,يجرب
1,يجلب
1,يجلس
1,يجهز
1,يجوز
1,يُحِبُّ
1,يحبك.
1,يحبه
1,يحبها
1,يحتاجه
1,يحتاجون
1,يحترمك.
1,يحتوي
1,.يحدث
1,يَحْزُنُهُمُ
1,يحسن
1,يحصل.
1,يحصُلَ
1,يحفر
1,يحفظ
1,يحق
1,يحمل
1,يحيا
1,يخاطبني
1,يختلف
1,يخرجون
1,يخسره
1,يخطر
1,يخفف
1,يخلق
1,يُخيِّبُ
1,يداك
1,يدخلون
1,يدخن.
1,يدرب
1,يدرّب
1,يدرّسك
1,يدري
1,يُدعَى
1,يدفنون
1,يدنس
1,يده.
1,يدوس
1,يديّ.
1,يديك
1,يديه
1,يذاكر
1,يذكّرني
1,.يذهب
1,يرأس
1,يراقبني.
1,يراقبون
1,يربّي
1,يرتدوا
1,يرتدي
1,يرتديه
1,يرث
1,يَرِثُهَا
1,يرجع.
1,يرد
1,يرسب
1,يُرْسِلُوا
1,يرضيه
1,يرغب
1,يرفع
1,يرك
1,يركلني
1,يركلني!!
1,يرمز
1,يرها
1,يرى
1,يزحف
1,يزداد
1,.يزن
1,يزيد
1,يساعدك.
1,يساعدني.
1,يسامحك
1,يساوي
1,يسبب
1,يستجيب
1,يستحم
1,يستحمّ
1,يستخدم
1,يستطاع
1,يستطِع
1,.يستطيع
1,يستطيعون
1,يَسْتَطِيعُونَ
1,يستمعون
1,يستهان
1,يستيقظ
1,يسرا
1,يسعه
1,يسمع
1,يسمعه
1,يسيطر
1,يُشترى
1,يشتمني!
1,يشجّعها
1,يشربون
1,يشعر
1,يشعرون
1,يشعل
1,.يشكل
1,يشهد
1,يشير
1,.يصبح
1,يُصْحَبُونَ
1,يصدق
1,يصدق.
1,يصدّق
1,يُصدق
1,يُصدق!
1,يصدقنا
1,يصدقها
1,يصدّقها
1,يصلحوا
1,يصلوا
1,يصلون
1,يصنع
1,يضر
1,يضيق
1,يُطاق
1,يطبخ.
1,يطفئ
1,يظل
1,يظنون
1,يعاني
1,يعتبر
1,يعتقد
1,.يعتقد
1,يعجبه
1,يعرفنا
1,.يعزف
1,يعشقون
1,يعطي
1,يعطينا
1,يعلم.
1,يعلِّم
1,يعنيه.
1,يعود.
1,يعيد
1,يعيشوا
1,يعيل
1,يغادر
1,.يغادر
1,يغادرون
1,يغرق.
1,يغسلون
1,يغش
1,يُغمى
1,يُغَيِّرَ
1,يغيظني
1,يفاجئني
1,يفطر
1,يفعل.
1,يفعله
1,يفقد
1,يفكرون
1,يفهم
1,يفهمني
1,يفهمني.
1,يفهمه.
1,يقابلك.
1,يقارب
1,.يُقال
1,يُقدَّر
1,يُقرأ.
1,يقص
1,يقطّع
1,يقل
1,يقلع
1,يقلقك
1,يقوم
1,.يقيس
1,يكافحون
1,يكبرني
1,يكتبون
1,يكتسب
1,يكثر
1,يكرّر
1,يكرهون
1,يكفي!
1,يكفي.
1,يَكْلَؤُكُمْ
1,يكون.
1,يلبس
1,يلتقي
1,يلزم
1,يلعبان
1,يمتد
1,يمتلك
1,يمر
1,يمزّق
1,يمشوا
1,يمشي.
1,يمكن.
1,.يمكن
1,يمكنك.
1,يُمكنني
1,يمكّنه
1,يملكون
1,يمهل
1,ينازه
1,يناسبك
1,.يناسبها
1,ينام
1,يناير
1,ينبح
1,ينبح.
1,يَنْبَغِيْ
1,ينتظرك.
1,ينجُ
1,ينجح.
1,ينجحا
1,ينزف
1,ينطق
1,ينظر
1,ينظف
1,ينقص.
1,.ينقص
1,ينكر
1,ينكسر
1,.يهاجر
1,يهتز
1,يهتم
1,يهتموا
1,يهدم
1,يُهدى
1,يهرب.
1,يهمل
1,يهمني
1,يهمّه
1,يهودي
1,يهودية
1,يوافقك
1,يوافقني
1,يورو
1,يُوْرَو
1,يوسع
1,يوشيدا.
1,يوصلني
1,يوفر
1,يوكوهاما
1,يوليو
1,يوما.
1,يومان
1,يَوْمُكُمُ
1,يومها
1,يومياً
1,يومياً.
1,يومية
1,يومين
1,يوناني
1,يونايتد
1,يونغ
1,يونيو
2,١٩٣٩
2,آخر.
2,.آمل
2,آندي
2,أأنت
2,أبريل
2,أبعد
2,أبي.
2,.أبي
2,أبيه.
2,.أتحدث
2,أتدرس
2,أتذكر
2,أتساءل
2,أتعتقد
2,أتوقع
2,أتى.
2,أثق
2,أثقل
2,أجبت
2,أجزاء.
2,أجلك.
2,أُحَاوِلُ
2,أحببت
2,أحبك.
2,أحبها.
2,.أحد
2,أحدهما
2,أحس
2,أحسن
2,أحضرت
2,أحلاماً
2,أحمراً.
2,أخبرتني
2,أخبرك
2,أخبرها
2,أختك
2,أخته
2,أخو
2,.أخي
2,أدرس.
2,أدري.
2,أذهب.
2,أراد
2,أرادت
2,أراه
2,أراها
2,أربعاً
2,أردت.
2,أرسلت
2,.أرني
2,أزور
2,أساعد
2,أسبانيا.
2,أسبح
2,أسبق
2,أسبوع
2,أسبوع.
2,.أسرع
2,أسرِع!
2,أسعار
2,أسمعت
2,أسمعك
2,أشاهد
2,أشتاق
2,أشتري
2,أشرب
2,.أشكرك
2,أشهر
2,أشياءَ
2,أصبحا
2,أصدق!
2,أصعب
2,.أصلحت
2,أطرح
2,أطفأ
2,.أطفأ
2,أطيب
2,.أعد
2,أعددت
2,أعرف.
2,أعرني
2,أعز
2,أعضاء.
2,أعطى
2,أعمل.
2,.أعمل
2,أفعل.
2,أفهم.
2,أقدم
2,أقرأ
2,أقفل
2,أقلام
2,أقلام.
2,أقنعته
2,أقول.
2,أقوم
2,أكرمت
2,أكسجين.
2,أكلم
2,ألغيت
2,ألي
2,أمتلك
2,أمري.
2,أمشي
2,أمطرت.
2,أملك
2,أمه
2,أمها
2,أمين.
2,أناني
2,أنتظر
2,أنتم
2,.أنتم
2,أنتهيت
2,أننا
2,أُنهِ
2,أنهم
2,أنوي
2,.أهم
2,أهنّئك
2,أوراق
2,أول
2,أولاً.
2,أولادي
2,أية
2,أينما
2,أيهما
2,إبحث
2,إتبع
2,إثنا
2,إثنان
2,إجابتك
2,إجازتك
2,إحساس
2,.إحمرّ
2,إخوة
2,إخوة.
2,إسبانيا
2,إعطائك
2,إقتربت
2,إقترح
2,إقناعه
2,إلّا
2,إلامَ
2,إلهي
2,إلينا
2,إِنَّ
2,إنا
2,إنتهى
2,إنهاء
2,إيجاد
2,إيلين
2,ابحث
2,.اِبقَ
2,ابن
2,ابنا
2,اتركني
2,اجتماع
2,اجلس.
2,احفظ
2,اختبار
2,اخترع
2,.اخلع
2,اخي
2,ادرس
2,ارتكبت
2,.اِرفع
2,اريد
2,اسبانيا
2,استخدامها
2,استراحة
2,استطعتُ
2,استعمال
2,اسمك
2,اسمها.
2,اشارة
2,.اشترى
2,اصطاد
2,اعتقدت
2,اكتب
2,اِكتب
2,الآباء
2,الآخرين.
2,الأبد.
2,الأبطال
2,الأحذية
2,الأحوال
2,الأخرى
2,الأخلاق
2,الأدب
2,الأريكة.
2,الأزرق.
2,الأزهار.
2,الأسئلة.
2,الأسبانية
2,الأشباح
2,الأشياء
2,الأصدقاء.
2,الأصغر
2,الأغنية
2,الأفلام
2,الأكبر
2,الأكبر.
2,الألم.
2,الأم.
2,الأمريكية
2,.الأمل
2,الأوراق.
2,الأولى.
2,الإتحاد
2,الإثنين.
2,الإجتماع
2,الإستيقاظ
2,الإصلاح.
2,الإلكتروني
2,الإنغليزية
2,الاتصال
2,الاخرون
2,الاخضر
2,الازرق
2,الاشياء
2,.البارحة
2,البشر.
2,البكاء.
2,البلاستيك
2,البلد
2,البلدة
2,البناء
2,البنت
2,البنزين
2,البنك.
2,البنوك
2,البيتزا
2,التاسعة
2,التاسعة.
2,التالي
2,التبغ
2,التعبير
2,التعليم
2,التغيير
2,التقرير
2,التلفزيوني
2,الثامن
2,الثامنة
2,الثانوية.
2,الثلج.
2,الجائزة.
2,الجبال.
2,الجبن.
2,الجديد.
2,الجديدة
2,الجرح
2,الجريدة
2,الجريمة
2,الجمهور
2,الجود
2,الحادثة
2,.الحب
2,الحد
2,الحديد
2,الحذاء
2,الحريق
2,الحريق.
2,الحشرات.
2,الحقائب
2,الحقائق.
2,الحكمة
2,الحمام
2,الحمامة
2,الحوادث
2,الحياة!
2,الحياة.
2,.الحياة
2,الحين
2,الحيوان.
2,الخاصة
2,الخاصة.
2,الخامس.
2,الخضروات
2,الخميس
2,الخيار
2,الخير.
2,الدخول.
2,الدكتور
2,الدمية
2,الدنيا
2,الدهر
2,الدواء.
2,الذين
2,الرئيسية
2,الرابع.
2,الرابعة
2,الراديو
2,الربيع
2,الرحمن
2,الرز
2,الرقم
2,الرماح
2,الرواية
2,الروسية
2,.الرياضة
2,الزبدة
2,الزبدة.
2,الزجاجة
2,الزرقاء.
2,الزهايمر
2,السؤال
2,السابع
2,الستة
2,السفر.
2,السكر.
2,السلة
2,السن
2,السن.
2,السهل
2,.السيارة
2,.السيد
2,السيطرة
2,السينما
2,السينما.
2,الشارع
2,الشاطئ
2,الشبل
2,الشجرة.
2,الشرطي
2,الشركة
2,الشطرنج
2,الشعر
2,الشهادة
2,الشيء.
2,الصبي
2,الصحيفة
2,الصغير.
2,الصور
2,الصورة
2,الصين
2,الضجيج
2,الضحك
2,الضروري
2,الضوء
2,الضوء.
2,الطاعة
2,الطالب
2,الطباعة
2,الطبيب.
2,الطعام
2,الطعام.
2,الطماطم
2,الطيور.
2,العائلة
2,العادة.
2,العاشرة
2,العثور
2,العجلة
2,العديد
2,العسر
2,العشب
2,العشرين
2,العصور
2,العكس
2,العلاج
2,العميق.
2,العنوان
2,الغزلان
2,الغزير.
2,الغنائية.
2,الفائتة.
2,الفرصة
2,الفصل
2,الفصل.
2,الفطور.
2,الفندق.
2,الفوز
2,الفيزياء
2,الفيلم
2,القاضي
2,القانون
2,القاهرة
2,القدس
2,القديمة.
2,القراءة
2,القرية
2,القسم
2,القصة
2,القفز.
2,القوانين.
2,القيادة
2,القيام
2,الكأس
2,الكاميرا
2,الكاميرا.
2,الكبرى.
2,الكحول.
2,الكرة.
2,الكرسي
2,الكعك
2,الكعك.
2,الكعكة
2,الكفاية
2,الكمان
2,الكورية.
2,اللّغة
2,الله.
2,اللوحات
2,اللوحة
2,اللون
2,الليلة.
2,الماء.
2,الماضية
2,المباراة.
2,المبلغ.
2,المبنى
2,المجلس
2,المجيء.
2,المحاضرة
2,المحتمل
2,المحل
2,المدخنة
2,المدرس
2,المدير
2,المذاكرة
2,المذياع.
2,المرأة
2,المرة
2,المرحلة
2,المرض.
2,المرضى.
2,المسؤول
2,المشروع
2,المطعم
2,المعابد
2,المعركة.
2,المعلم
2,المعلومات.
2,المغادرة
2,المقبل
2,المقبلة.
2,المقص
2,المكتبة
2,الملاكمة
2,الممرضة
2,المنازل
2,المنتزه.
2,المنطقة
2,المهارة.
2,المهم
2,المهم.
2,الموجود
2,الموضوع
2,الموعد
2,النار.
2,النارية
2,الناس.
2,النتيجة
2,.النتيجة
2,النجدة!
2,النجوم
2,النزاع
2,النظرية
2,النقود
2,النهر.
2,الهاوية.
2,الهند
2,الهواء
2,الوحل
2,الوحيد.
2,الوراء
2,الوردة
2,الوسطى.
2,الوفي
2,الوقوف
2,اليد
2,اليلة
2,اليمنى
2,.اليوم
2,امتلأ
2,امس.
2,انتهاء
2,.اِندلعت
2,انفجر
2,اهتم
2,بأسرع
2,بأفضل
2,بأي
2,بإمكانها
2,بارد
2,باردة
2,باريس.
2,باستطاعة
2,باستمرار.
2,باكراً.
2,بالأشباح.
2,بالأطفال.
2,بالإنجليزية.
2,بالبكاء.
2,بالتأكيد
2,بالجلوس
2,بالجوع.
2,بالحافلة
2,بالحافلة.
2,بالحليب
2,بالدخول
2,بالذهاب
2,بالزكام.
2,بالشيء
2,بالضبط.
2,بالضرورة
2,بالعمل
2,بالغرض
2,بالفعل
2,بالكذب.
2,بالكلام
2,باللغة
2,بالهطول
2,باليد
2,ببعض
2,بتحسن
2,بجنون.
2,بحاجة
2,بحذر.
2,بخسائر
2,بخصوص
2,بدا
2,.بدت
2,بذلك.
2,براءته.
2,برجل
2,بريطانيا
2,بسم
2,بسنتين.
2,بسهولة.
2,بضعة
2,بطاقتي
2,بطريق
2,بطل
2,بطلاً
2,بعثت
2,بعضكما
2,.بعضهم
2,بعضهما.
2,بعيدا
2,بعيداً
2,بفعل
2,بقليل
2,.بقي
2,.بقِيَ
2,بقية
2,بكثير.
2,بكل
2,.بكى
2,.بلال
2,بلده
2,بلقائك.
2,بمكتبه.
2,بنا!
2,بنفسه.
2,بنى
2,بُنيت
2,بهذا
2,بهذه
2,بوسعه
2,بيع
2,تأتِ
2,.تأخر
2,.تأخرت
2,تأسست
2,تأكد
2,تؤلمانني
2,تاجه
2,تاريخ
2,تبقى
2,تبكي
2,تتأخر
2,تتجاهل
2,تتحسن.
2,تتدخل.
2,تتصل
2,تتغير
2,تتكون
2,تتويبا
2,تتويبا.
2,تتويبا:
2,تجرؤ
2,تجهد
2,تحافظ
2,تحب.
2,تحبان
2,تحبني.
2,تحته
2,تحدّثت
2,تحقق
2,تحكم
2,تحلق
2,تحيا
2,تخاف
2,تخبرني
2,تخرجت
2,تخش
2,تخلد
2,تدع
2,تدور
2,تذكر
2,تذكرة
2,تذكرني
2,.ترجم
2,ترد
2,ترفض
2,ترك
2,تَرْكَ
2,تركب
2,تريده
2,تزورني
2,تسأل
2,تسافر
2,تسببت
2,تستح
2,تستريح.
2,تستشير
2,تستيقظ
2,تسعة
2,تسلقت
2,تشاء
2,تشاء.
2,تشبه
2,تصدق
2,تصديق
2,تصرخ
2,تصل
2,تظاهر
2,تُعتبر
2,تعتقد
2,تعداد
2,.تعطلت
2,تعطي
2,تعلّم
2,تغادر
2,تغادر.
2,تغير
2,.تفضّل
2,تفضّل
2,تقابلا
2,تقطع
2,تقف
2,تقفل
2,تقلع
2,تكاليف
2,تكمن
2,تليق
2,تماماً!
2,تمثال
2,تمزح
2,تمشي
2,تنام.
2,تنتظر
2,تنتهي
2,تندلع
2,تنظيف
2,تهتم
2,تواجه
2,توصل
2,توقعت.
2,توقفت
2,توني
2,توني.
2,ثانية.
2,ثقافية
2,ثلاثون
2,ثماني
2,ثمانية
2,جائع.
2,جائعاً
2,جائعاً.
2,جاك.
2,جاهداً
2,جدتي.
2,جديداً.
2,جريمة
2,جسر
2,جعله
2,.جفّ
2,جلست
2,جلسنا
2,جليس
2,جليسة
2,جمل
2,جميعاً
2,جميعنا
2,جميلاً
2,جميلتان.
2,جنوب
2,جهاز
2,جواباً
2,جواز
2,جوجل
2,جوجل.
2,جوعان.
2,جيدا.
2,جيم
2,حار.
2,حاسب
2,.حاول
2,حاولنا
2,حبتين
2,حبه
2,حدث.
2,حذاءً
2,حرفياً.
2,حريق
2,حزيناً
2,.حصل
2,حقوقك
2,حقيقية.
2,حل.
2,حلوة
2,حلوى
2,حمايتك
2,حمى
2,حولها
2,حياتي
2,حياتي.
2,حيث
2,خافت
2,خافت.
2,خالة.
2,خالفت
2,خجولة
2,خرج
2,.خرج
2,خرجت.
2,خط
2,خط.
2,خطأ
2,خطة
2,خطر
2,خمسين
2,خيار
2,خيبت
2,دائما.
2,.دائماً
2,دائمًا.
2,داخل
2,دخلت
2,دراجتك
2,دراسة
2,درجة
2,دع
2,دفعه
2,دكتور.
2,دمي
2,دولة
2,دونك.
2,ذاهب.
2,ذاهبون
2,ذراعي
2,ذقت
2,ذكية
2,ذلك!
2,ذهبوا
2,ذو
2,رأسه
2,رأى
2,رأيتك
2,رأيته
2,رائع.
2,.رتب
2,رجال
2,رجلي
2,رحلة
2,رحلتهم
2,رخصة
2,رسالتك
2,رسمها
2,رغم
2,رفض
2,رقم
2,رنّ
2,رواية
2,روما
2,زرقاوتان.
2,زفافها.
2,زفافهم
2,زوجها.
2,زوجي
2,زيارة
2,سأحاول
2,.سأحاول
2,.سأحضر
2,سأخرج
2,.سأذهب
2,سأشتري
2,سأطلق
2,سأعلمك
2,سأعيرك
2,سأغادر
2,سأفعل
2,.سأقوم
2,.سألتني
2,سألته
2,سألعب
2,سألني
2,سأنزل
2,سأوصلك
2,سؤالاً
2,سابورو.
2,ساعات
2,ساعتك
2,.ساعدني
2,سافرت
2,سام
2,سان
2,ستأتي.
2,ستتزوج
2,ستحضر
2,سترجع
2,ستساعدني
2,ستشعر
2,ستصل
2,ستنطلق
2,ستون
2,سجل
2,سجلت
2,سراً
2,سراً.
2,.سُرق
2,.سُرقت
2,سريري
2,سريعاً
2,سطح
2,سعرٍ
2,سعيدة
2,سقطت
2,.سقطت
2,سلطته.
2,سمع
2,سمين
2,سنةً
2,سنتين.
2,سهلٌ
2,سهلاً.
2,سهلة
2,سهلة.
2,سواء
2,سِياجاً
2,سيارته.
2,سيارتها.
2,سير
2,.سيستغرق
2,سيصل
2,.سيصل
2,سيُعقد
2,سيفي
2,سيكلفك
2,شأن
2,شأني!
2,شئ
2,شاب
2,شاحب
2,شاحباً.
2,شاركوا
2,شاهدنا
2,شجاع
2,شجاعتك.
2,شخصٌ
2,شدة
2,شعب
2,شعرت
2,شعرها
2,شك
2,شكري
2,شمسية.
2,شيئًا
2,صادفت
2,صادق.
2,صباحاً.
2,صبوراً
2,صحح
2,صحيحاً.
2,صداع
2,صرّاف
2,.صرخ
2,.صرخت
2,صعباً
2,صعدت
2,صغيراً
2,صفحة
2,صفق
2,صنع
2,.صوت
2,صور
2,صورتان
2,ضجة
2,.ضحك
2,ضعها
2,طابعاً
2,طابقين.
2,طالباً
2,طالباً.
2,طبيب
2,طبية
2,طريقنا
2,طعمها
2,طلبي.
2,.طلى
2,طولك
2,طوم
2,طويلة
2,طويلتان
2,طويلتان.
2,طيبا
2,ظل
2,ظنت
2,عادةً.
2,عاش
2,عاقبة
2,عالٍ
2,عبر
2,عجوزاً
2,عدت
2,عدم
2,عرضه
2,عرّفني
2,عشت
2,عشنا
2,عصر
2,عصفور
2,عصفورين
2,عضو
2,علمني
2,عليها.
2,عمره
2,عمله
2,عملي
2,عملي.
2,عمّي
2,عميقة
2,عندها
2,عنق
2,عنك
2,عنها.
2,عودوا
2,عيناك
2,عيناي
2,عينيك
2,غائبة
2,غاب
2,غادر
2,غالباً
2,غالية
2,غد.
2,غدا
2,غدائك
2,غرفتي
2,غريب
2,غريبة.
2,غسل
2,غطاه
2,غلطتي.
2,غنيّ
2,غيابي
2,غير.
2,فئة
2,فائدة
2,فاتك
2,فادحة.
2,.فبدأ
2,فتاة
2,فتاة.
2,فتح
2,فترة
2,فجأة.
2,فجأةً
2,فراشة
2,فراغي.
2,.فرحت
2,فريق
2,فسنضطر
2,فضائية
2,فطورك
2,فعلته
2,فعله.
2,.فقدت
2,فقير.
2,فلان
2,فلنبدأ
2,فمك
2,فنجاناً
2,فهمني
2,فيلسوف
2,فيليب:
2,فِيهَا
2,قائد
2,قادم
2,قادم.
2,قاس
2,قاست
2,قالت
2,قامت
2,قاموسك.
2,قدمي
2,قدميه.
2,قرأ
2,قرر
2,.قررت
2,قريبا.
2,قريباً
2,قصيرة
2,قصيرة.
2,قضينا
2,قط.
2,قطار
2,قطة.
2,قطعة
2,قلة
2,قلق
2,قلم.
2,قلماً.
2,قلمي
2,قليل
2,قمت
2,قوانين
2,قوة
2,قوية
2,قيد
2,كأنك
2,كاتب
2,كاثي
2,كاد
2,كارثة
2,كافياً
2,كايت
2,كبار
2,كتاب.
2,كتابك.
2,كتفي
2,كثير
2,كثيرا.
2,.كثيراً
2,كثيرة.
2,.كرة
2,كرم
2,كروية.
2,كلا
2,كلاهما
2,كلبك.
2,كلمات
2,كلياً
2,كمبيوتر
2,.كنّا
2,كندا
2,كواكب
2,كوكبٌ
2,كوكبنا
2,كون
2,كيت
2,كيت.
2,لأبي.
2,لأفعل
2,لأمريكا.
2,لأنجز
2,لتدرس
2,لتناول
2,لحساب
2,لدرجة
2,.لدى
2,.لدينا
2,.لديه
2,لديهما
2,.لربما
2,لستُ
2,لشوبان.
2,لطيف.
2,لغات.
2,لغتك
2,لغته
2,لفعل
2,لقبول
2,لقيادته
2,لكننا
2,للإمتحان.
2,للإهتمام
2,للتو
2,للتوّ.
2,للسباحة.
2,للشرب
2,لله.
2,للوصول
2,لمجيئك
2,لنأخذ
2,لناظره
2,لنجرب
2,لندن.
2,لنذهب
2,لنكولن
2,.لو
2,لويس
2,.لي
2,.ليركب
2,.مات
2,ماتت
2,.ماتت
2,ماريكو
2,مالك
2,مالي
2,ماهرة
2,مايك.
2,مبادئه
2,مباراة
2,مباشرة
2,مبكر
2,مبلولة
2,مبنى
2,متأخراً.
2,متأخرة
2,متزوج.
2,متعباً.
2,متعبة
2,مثيرة
2,مجتمع
2,مجنون
2,مجنون.
2,محافظاً
2,مختصرة
2,مخطئ
2,مخطئاً.
2,مخلوقات
2,.مدّ
2,مدة
2,مدرسة
2,مدرستك
2,مدرّسون
2,مدريد
2,مر
2,مرة.
2,مرّة
2,مرّر
2,.مررت
2,مريض
2,مريضاً.
2,مريضة
2,مريضة.
2,مستعد
2,مستقبل
2,مسكون
2,مسكون.
2,مشروع
2,مشكلة...
2,مشهور
2,مشهورة
2,.مشى
2,.مشيت
2,مصعد
2,مطعم
2,مطلي
2,مظلة
2,مظلتك
2,مظهرك
2,معالجة
2,معتدل
2,معقدة.
2,معنا
2,معنى.
2,مغلق
2,مفاتيح
2,مفتاحك.
2,مفتوح.
2,مفتوحة
2,مفيدة
2,مقابل
2,مقاطعة
2,مقصك
2,مَكَانٍ
2,مكتب
2,مكتبي.
2,ملأت
2,ملاحظة
2,ممتازة.
2,ممطر
2,مِنَّا
2,مناسب
2,.منزلك
2,منه.
2,منهم
2,مهتم
2,مهما
2,مهماً
2,مهمة.
2,مهندس
2,موتها
2,موجهة
2,موجودة
2,ميت
2,ميعاد
2,ميلادية.
2,ميوريل
2,نادراً
2,ناقصة
2,نام
2,نتركها
2,نتكلم
2,.نجا
2,نحب
2,نخطئ.
2,نزلت
2,نساعده.
2,نسبح
2,نسمة
2,نسي
2,نشيط
2,نصائحك
2,نصحته
2,نصل
2,نظارة
2,.نظرت
2,نظف
2,نعرف
2,نعرفه.
2,.نعم
2,نفسه.
2,نفسها
2,نفط.
2,نقدية
2,نقطة
2,نقودي
2,نمت
2,نور
2,هاتان
2,هاتفك
2,هادئا
2,هاواي
2,هبطت
2,.هدفي
2,هذا.
2,هذان
2,هطول
2,هُمْ
2,هما
2,.هما
2,هوكايدو
2,هى
2,وأنا
2,وإذا
2,وإن
2,واثق
2,واضح
2,والآخر
2,والآن
2,والدي
2,والديها
2,والسهام
2,والله
2,وانت
2,وجبة
2,وجد
2,وُجدت.
2,.وجدنا
2,وجه
2,وجهها
2,وحتى
2,وحده
2,وسيلة
2,وسيم
2,وصوله
2,وظيفة
2,وظيفته.
2,وعاء
2,وعند
2,وفقا
2,وفي
2,وقد
2,وقعت
2,وكل
2,وكنت
2,ولدت
2,.وُلدت
2,ولكن
2,وليس
2,ونصف.
2,وَهُمْ
2,وهناك
2,ويا
2,يأتون
2,يؤلمني.
2,ياباني
2,يابانياً
2,يابانية
2,يبحث
2,يبعث
2,يبقي
2,.يبلغ
2,يتبعني
2,يتحدثون
2,يتحسّن
2,يترقبون
2,يترك
2,يتعلم
2,يتغير.
2,يتفق
2,يتكون
2,يتوجب
2,يجد
2,يجعلني
2,يحبها.
2,يحبونها.
2,يحترق
2,يحترم
2,يحتضر.
2,يحزنك
2,يدك
2,يده
2,يدها
2,يدي.
2,يرافقني
2,يرام.
2,يركب
2,يركض.
2,يريدك
2,يساعدك
2,يساعدني
2,يستطع
2,يسعني
2,يسعها
2,يَسْمَعُونَ
2,يشاهد
2,يشاهدون
2,يشرب
2,يصعب
2,يضع
2,يعرفون
2,يعمل.
2,يعنيك!
2,يعنيك.
2,يعنيه
2,يغسل
2,يفعل
2,يقرأ
2,يقرأون
2,يقع
2,يقف
2,يكفي
2,.يلعب
2,يمشي
2,يمكنهم
2,ين
2,ين.
2,ينتظرونك.
2,ينفع
2,.يوجد
2,يورو.
2,يوكوهاما.
2,يوما
3,آخذ
3,آسف
3,آلة
3,أباه
3,أبيض.
3,أتأكل
3,أتت
3,أتحدث
3,.أتذكر
3,أتستطيع
3,أتكلم
3,أتيت
3,أجب
3,أجرة
3,أحبه
3,أحد.
3,أحداً
3,أحل
3,أحمر
3,أحمر.
3,أحياناً
3,.أخذ
3,أخرج
3,.أخفض
3,.أذكر
3,أذنان
3,أر
3,أربع
3,أركض
3,أستراليا
3,أستمع
3,أسوأ
3,أصبت
3,أصحابي
3,أصغر
3,أصل
3,أصلح
3,أضع
3,أضعت
3,.أضعت
3,أضف
3,أطفئ
3,أعتمد
3,.أعرف
3,أعرّفك
3,أعطيته
3,أعلم.
3,أعمى.
3,أغرب
3,أغسل
3,أغلق
3,أغلقت
3,أفضّل
3,أفكر
3,أقصر
3,أقل
3,أقلعت
3,أقوله
3,أكبر.
3,ألعب
3,ألفين
3,ألمانيا
3,أليست
3,أمريكا.
3,أمس
3,أمضينا
3,أنّ
3,أنجزت
3,أندرو
3,أنظر
3,.أنظر
3,أهذه
3,أهل
3,أوافقك
3,أوساكا.
3,أولاد
3,.أي
3,أياً
3,إتفقوا
3,إجازة.
3,إذاً
3,إغسل
3,إلي
3,إياها
3,ابق
3,ابني
3,اترك
3,اتهمتني
3,استخدام
3,استلمت
3,اسمه.
3,اشترى
3,الآخر.
3,الأحمر.
3,الأحياء
3,الأحيان
3,الأخضر.
3,.الأرض
3,الأسئلة
3,الأسبوع.
3,الأسهم
3,الألمانية
3,الأمس.
3,الإئتمان
3,الإطلاق
3,الإطلاق.
3,الإعتماد
3,الإنتظار
3,الباص.
3,البحيرة
3,البحيرة.
3,البريد
3,البشر
3,البطيخ.
3,البيض
3,التاريخ.
3,التصوير
3,التفاح.
3,الثالثة
3,الثلاجة
3,الجائزة
3,الجبنة
3,الجرس
3,الجسر
3,الجمل
3,الجوّ
3,الجوع.
3,الحادث
3,الحاسوب
3,الحال.
3,الحرية
3,الحساب
3,الحلويات
3,الحمّام
3,الحيوان
3,الخامسة.
3,الخروج.
3,الخطأ.
3,الخطبة
3,الدراجة.
3,الدراسة
3,الدفع
3,الدواء
3,الرأي
3,الرئيس
3,الراب
3,الرياضة
3,الرياضيات
3,الزر.
3,السؤال.
3,السرطان
3,السماء.
3,السمك
3,السنة.
3,السوق
3,السيارات.
3,السيدة
3,الشخص
3,الشيطان
3,الصحون
3,الصديق
3,الصغير
3,الصف
3,الصورة.
3,الصينية
3,الطائرة.
3,الطرق
3,الطريق.
3,الطقس
3,العائلة.
3,العاصفة
3,العالم.
3,العشاء
3,العشب.
3,العنف.
3,العودة
3,الغد
3,الغداء
3,الغناء
3,الغيوم
3,الفاتورة
3,الفستان
3,الفطور
3,القادمة.
3,القاموس
3,القانون.
3,القراءة.
3,القصائد
3,القصيدة
3,القمر
3,الكبير
3,الكبيرة
3,الكثيرون
3,الكلاب.
3,الكلام.
3,.الكلب
3,الكلمات.
3,اللحظة
3,الليل
3,الماضي
3,المتحف
3,المذياع
3,المرض
3,المزرعة
3,المسرحية
3,المشتبه
3,المشتري
3,المشكلة.
3,المشي
3,المعلومات
3,المفترض
3,المفضل
3,المقبل.
3,المكتب.
3,المنتزه
3,الموضوع.
3,النهاية
3,النوافذ
3,النوع
3,الواحد
3,الوحيدة
3,الورق
3,الورود
3,الوقت.
3,انتبه!
3,انتظر
3,انتظرت
3,انتهى
3,انتهيت
3,.انظر
3,انها
3,بأربعة
3,بإمكانه
3,بإمكانهم
3,بارداً
3,باستخدام
3,بالسيارة
3,بالسيارة.
3,بالمناسبة
3,بتلك
3,بثلاث
3,بجد.
3,بجدّ
3,بخير
3,بسهولة
3,بشأن
3,بشدة
3,بشيء
3,بطاقة
3,بطريقة
3,بعضنا
3,بقيت
3,بماذا
3,بنجاحي
3,بنفس
3,بنفسك
3,بُني
3,بوب.
3,بوعدك.
3,بيتي.
3,بيكاسو
3,تؤدي
3,تبقي
3,تتذكر
3,تحاول
3,تخرج.
3,تدخل
3,تدخن
3,ترتدي
3,تركض
3,تريدني
3,.تزداد
3,تزور
3,تساعد
3,تستحق
3,تستخدم
3,تسلق
3,تشرب
3,تشعر
3,تعبر
3,تعجبني
3,تعني
3,تغلق
3,تفي
3,تقصد
3,تقلق
3,تقوله
3,تلك.
3,تلمس
3,تماماً.
3,تمطر.
3,تناولت
3,تنسَ
3,تنفيذ
3,تنوي
3,توشيو
3,توم.
3,.توم
3,ثقتي
3,جامعة
3,جديداً
3,جرس
3,جريدة
3,جزيلاً
3,جعلك
3,جعلني
3,جمع
3,جون.
3,جيد
3,جيد.
3,حادة
3,حاراً
3,حالاً
3,حالياً.
3,حذاءك
3,حزنها
3,حصل.
3,حصلت
3,حضر
3,.حفظ
3,حقيبة
3,حكم
3,حلمت
3,حلول
3,حمراء
3,حمراء.
3,حمى.
3,خسر
3,خسروا
3,خطأً
3,.خطر
3,دراجة
3,دولار
3,دوماً.
3,ذات
3,ذاك.
3,.ذلك
3,ذهبت.
3,رأيك.
3,رأيها
3,رأيي
3,رائحة
3,رائعة.
3,ربما
3,.ربما
3,ركبت
3,ركل
3,زوجتي
3,.سآخذ
3,سأترك
3,سأدفع
3,سأعطيك
3,ساتشيكو
3,ساخنة
3,ساعات.
3,ساعتين.
3,سبب
3,ست
3,ستغادر
3,ستفعل
3,.ستمطر
3,سررت
3,سعيد.
3,سعيداً.
3,سفرك
3,سميث
3,سنأكل
3,سنذهب
3,سوق
3,سوى
3,سيأتي.
3,سينطلق
3,شأنها.
3,شاحباً
3,شعر
3,شيئا
3,صحيحة.
3,صدمة
3,صعوبة
3,صغيراً.
3,صناعة
3,ضحك
3,ضوء
3,طائرتك
3,طبيباً
3,طريقي.
3,طلب
3,طويل
3,طيلة
3,عاد
3,.عادة
3,.عادةً
3,عادي
3,عالٍ.
3,عالية
3,عدا
3,عديدة.
3,عرض
3,عرضه.
3,عرفت
3,عزف
3,عشرون
3,عطشاناً
3,عطلة
3,عليكم
3,عليها
3,عمّا
3,عمر
3,عمك
3,عنها
3,غادرت
3,غاضبة
3,غرفتي.
3,فحسب
3,فحسب.
3,فراغك
3,فشلت
3,فصاعداً.
3,فصل
3,فقط.
3,فلما
3,فهمت
3,فهو
3,فوجي
3,فيلم
3,فيها
3,قاله
3,قام
3,قاموسك
3,قديمة
3,قريبة
3,قلبك
3,قلته
3,قلماً
3,قليل.
3,قوله
3,قوي.
3,كبير.
3,كتفه.
3,كثيرا
3,كثيرة
3,كذلك.
3,كعكة
3,كلها
3,كِن
3,كنتُ
3,كين
3,لأكثر
3,لسببٍ
3,لعبت
3,لكل
3,لكم
3,لكنني
3,لكنها
3,لكني
3,لمزيد
3,لمشاهدة
3,لنأكل
3,لنغني
3,لنلعب
3,.لنلعب
3,لَهُمْ
3,ليتني
3,ليطلب
3,ليلة.
3,ماعليك
3,ماهر
3,مايوكو
3,متأخراً
3,متعب.
3,مثير
3,مجدداً
3,مجموعة
3,محطة
3,مخطئ.
3,مرتين
3,مرتين.
3,مركز
3,مساعدة
3,مشغول.
3,مضربك
3,مفتاح
3,مفتوحاً
3,مليئة
3,ممتعاً
3,منزلي
3,منها
3,مني.
3,مهم
3,موظف
3,ميلادك
3,ميلادي.
3,نذهب
3,نصف
3,نظرة
3,نفسي
3,نيويورك
3,هاجم
3,هاري
3,هدية
3,هدية.
3,هلا
3,هو.
3,.هو
3,هي.
3,واجباتك
3,واجباتي
3,واحدة.
3,وجدته
3,وحدها.
3,وحدي
3,وراء
3,ورقة
3,وصلنا.
3,وضع
3,وعشرون
3,وقع
3,.وقعت
3,وُلد
3,ولداً
3,يأكل
3,.يا
3,يبكي
3,.يحب
3,يديك.
3,يرام
3,يركض
3,يسبح
3,يستحسن
3,يصبح
3,يصلح
3,يضحك
3,يعتمد
3,يعلم
3,.يعمل
3,يعود
3,يغير
3,يقتل
3,يقفز
3,.يمكنك
3,.يمكنها
3,ينتهي
3,يومي
4,.
4,آلي
4,أبحث
4,أبداً
4,أتحب
4,أتعلم
4,أجل
4,أحاول
4,أحبك
4,أحدهم
4,أخاك
4,أخذ
4,أخي.
4,أطول
4,أعطاني
4,أعطتني
4,أفهم
4,أقود
4,أكنت
4,أمك
4,أنام.
4,أهم
4,أوساكا
4,أولاً
4,إحدى
4,إخلع
4,إليك
4,إليك.
4,إيطاليا
4,اجلس
4,اذا
4,اسم
4,اسمي
4,.اِشتريت
4,اشتقت
4,الآخرين
4,الأسد
4,الأقل
4,الإتصال
4,الإجابة
4,الإمتحان
4,الإنسان
4,التاريخ
4,التعب.
4,الثلج
4,الجديد
4,الجديدة.
4,الجلوس
4,الجملة.
4,الحائط
4,الحائط.
4,الحب
4,الحديقة
4,الحرب.
4,الحيوانات.
4,الخارج.
4,الخامسة
4,الخطأ
4,الخطة.
4,الدرس
4,الذهاب.
4,الرابعة.
4,الرسالة.
4,الزواج
4,السباحة.
4,السرير
4,السماء
4,السيارات
4,الشارع.
4,الشمس
4,الصبر
4,الصعب
4,الصف.
4,الصين.
4,الطائر
4,الطلبة
4,العربية
4,العزف
4,العلم
4,العمر
4,الغداء.
4,الفريق
4,القادم
4,القادم.
4,القدم.
4,الكثير.
4,الكلاب
4,اللعب
4,اللَّهَ
4,المتجر
4,المسألة
4,المستشفى.
4,المصرف
4,المضرب
4,المفضل.
4,المفضلة
4,المكان
4,المكتبة.
4,الملك
4,الموز
4,الموسيقى.
4,النار
4,النافذة.
4,النجاح
4,النجدة
4,النصف
4,النهر
4,اليابانيون
4,انتهت
4,اِندلعت
4,انه
4,باكراً
4,بالإنجليزية
4,بالقرب
4,.بالكاد
4,بتي
4,بجانب
4,بجد
4,بدون
4,بذلك
4,بشرط
4,بشكل
4,بطلاقة
4,بمهارة.
4,.بوب
4,بيتاً
4,بيته.
4,تأتي.
4,تأخرت
4,تارو
4,تبعد
4,تتدخل
4,تتعلم
4,.تتكلم
4,تحمل
4,ترجم
4,ترجمة
4,ترى
4,تطلب
4,تظن
4,تعتمد
4,تفاحة.
4,تفكر
4,تقبل
4,تقع
4,تقل
4,تقوم
4,ثلاثين
4,جاءت
4,جائع
4,جاك
4,جانب
4,جبل
4,جدا
4,جداً!
4,جيداً
4,حالاً.
4,حديقة
4,حفل
4,حفلة
4,حقاً.
4,حقيبتي.
4,حيوانات
4,خرجت
4,خمسون
4,دائماً.
4,دقائق
4,ذكي
4,.ذهب
4,.ذهبت
4,ذهبنا
4,.رأيته
4,رأيه
4,رؤية
4,رجاءً
4,رسم
4,ركوب
4,رن
4,سأبقى
4,سأتصل
4,سألتني
4,سؤال
4,ساعتي
4,سبعة
4,ستة
4,ستكون
4,ستمطر
4,سكان
4,سكر
4,سن
4,سنة.
4,سنوات
4,سنوات.
4,سهل
4,سوداء
4,سيذهب
4,سيسعدني
4,سيصبح
4,سيكون
4,شاحنة
4,شاهدت
4,.شكراً
4,شكراً.
4,شوكة
4,شيء.
4,صباح.
4,صباحاً
4,صحيح.
4,صحيحًا
4,صعب
4,ضد
4,طالبة
4,طبيباً.
4,طبيبة
4,طفل
4,طويلة.
4,ظهر
4,عالمية.
4,عاماً
4,عاماً.
4,عجلة
4,.على
4,.عليّ
4,.علينا
4,عمرك
4,عمرها
4,عمري
4,عملت
4,عمله.
4,عندنا
4,عنده
4,غاضب
4,غرفة
4,فجأة
4,فرصة
4,فكر
4,فلا
4,فهم
4,فيك.
4,فيما
4,فيه.
4,قرأت
4,قرابة
4,قلب
4,قلبي
4,قلم
4,قليلة
4,.كانت
4,كانوا
4,كتابة
4,.كل
4,كلما
4,كن
4,كندا.
4,لأنك
4,لأنهي
4,لا.
4,لَا
4,لاعب
4,.لديها
4,لذلك
4,لطيف
4,للغاية
4,لهذه
4,لون
4,ماء
4,مجال
4,مجدداً.
4,مجرد
4,محفظتي
4,محق.
4,مدرس
4,مدرستنا
4,مرض
4,مساعدتك.
4,مساعدتي
4,مشتاق
4,مشكلة
4,معنا.
4,معي.
4,مكان.
4,مكانك
4,ملك
4,مليون
4,ممتع.
4,ممثل
4,ممرضة.
4,مهماً.
4,مهمة
4,موريل
4,ميلاد
4,ناولني
4,نحو
4,نظيفة.
4,نعيش
4,نفسه
4,نلعب
4,نهاية
4,نوع
4,هؤلاء
4,هادئاً
4,هطل
4,وأنت
4,واجبي.
4,وجدت
4,وحدك
4,وحيد
4,وصل
4,وصلنا
4,.وضع
4,وقت.
4,وقتاً
4,ولم
4,.يتحدث
4,.يجب
4,يدرس
4,يزال
4,يسافر
4,يستحق
4,يسمح
4,يشبه
4,يقال
4,يُقال
4,يقولون
4,يلعب
4,يمكننا
5,آكل
5,آمل
5,أتريد
5,أخ
5,أخذت
5,أربعة
5,أرني
5,أصبحت
5,أصدقاء
5,أصدقائي
5,أكثر.
5,أكلت
5,أكن
5,ألديك
5,ألست
5,أما
5,أمام
5,أمس.
5,أمطرت
5,أهذا
5,أهلاً
5,أود
5,أيّ
5,إليه.
5,اتصلت
5,استعارة
5,استمر
5,.استمر
5,استمرت
5,اشترت
5,الأخير
5,الأرض.
5,الأزرق
5,الأشجار
5,الأصدقاء
5,الأم
5,الأيام.
5,البداية
5,البيانو.
5,التحدث
5,التدخين
5,الجامعة
5,الجامعة.
5,الحافلة.
5,الحصول
5,الحقيبة
5,الخبز
5,الخطة
5,السادسة.
5,السرير.
5,السفينة
5,السكين
5,السلام
5,السوداء
5,السيد
5,الشيء
5,الصباح
5,الصباح.
5,الصيف.
5,الطابق
5,الطاولة.
5,الطيور
5,الظهر.
5,العشاء.
5,الغد.
5,الفرق
5,الفيلم.
5,القاعدة
5,القطار.
5,القطة
5,القميص
5,القيادة.
5,الكلب.
5,الكلمات
5,الليل.
5,الماضية.
5,المتحدة
5,المساعدة
5,المساعدة.
5,الملح
5,النافذة
5,الولايات
5,اليابانية.
5,انا
5,بأنه
5,بأني
5,بإمكان
5,بإمكاني
5,باريس
5,باللون
5,بجهد
5,بخير.
5,بطلاقة.
5,بعيد
5,بقي
5,بك.
5,بنفسك.
5,بيتك
5,تأخذ
5,تبحث
5,تبكي.
5,تذهب.
5,تركت
5,تسبح
5,تفاحة
5,تقرأ
5,تقريباً.
5,تكره
5,تكلم
5,تنام
5,تنظر
5,توقف
5,ثمن
5,جئت
5,جديدة
5,حادث
5,حاول
5,حوالي
5,حين
5,دائمًا
5,دراجتي.
5,دقائق.
5,دقيقة
5,ذا
5,ذاهب
5,.رأيت
5,رأيتها
5,رئيس
5,رائع
5,ربطة
5,رجلاً
5,زال
5,سأعود
5,ستبدأ
5,سرق
5,سُرقت
5,سعيد
5,سعيداً
5,سعيدة.
5,سنين.
5,سوف
5,سيارتك
5,شركة
5,شهر
5,شيئاً.
5,صغير
5,ضع
5,طريقي
5,طوكيو.
5,طول
5,.ظل
5,عالية.
5,علم
5,عليك.
5,عنوانك
5,غرفتك
5,غرفتها
5,غنياً
5,فستاناً
5,فِي
5,قابلت
5,قابلتها
5,قرب
5,قلمك
5,كأنها
5,كادت
5,كثيرًا.
5,كلباً
5,كهذا
5,لأنه
5,لحظة
5,.لست
5,لكنه
5,للتو.
5,للميلاد.
5,لما
5,مئة
5,متأكد
5,متعب
5,متعباً
5,مدينة
5,مستحيل.
5,مشغول
5,مشغولاً.
5,معظم
5,معك.
5,معنى
5,مِنْ
5,منزلك
5,موجود
5,نأكل
5,.نحن
5,نيويورك.
5,هلّا
5,هوايتي
5,هيا
5,واجبي
5,واحد.
5,وسط
5,وقتك
5,وكان
5,يأتي
5,يحصل
5,يذهب
5,يريد
5,يعزف
5,يكتب
6,آه
6,أبداً.
6,أتعرف
6,أتمنى
6,.أريد
6,أستخدم
6,أسمع
6,أعدت
6,أعيش
6,أقرب
6,أقصد
6,ألم
6,أو
6,أوروبا
6,.إذا
6,إليه
6,إنني
6,اتصل
6,الأحد.
6,الأكل
6,الأمس
6,الأيام
6,البقاء
6,التدخين.
6,الجملة
6,الحافلة
6,الحفلة
6,الحليب.
6,الحيوانات
6,الرأي.
6,السابعة
6,السادسة
6,الشاي.
6,الشجرة
6,الصيف
6,الطاولة
6,الطفل
6,العالم
6,العجوز
6,العمل.
6,الفائت.
6,الفتاة
6,القطط
6,الكتب.
6,المؤتمر
6,الماء
6,المباراة
6,المجيء
6,المحطة.
6,المدينة
6,المزيد
6,المطار
6,المطر.
6,الهاتف.
6,الوحيد
6,امرأة
6,انظر
6,بأن
6,بأنها
6,بدأت
6,براين
6,بعيدة
6,بل
6,بها
6,بيته
6,.تبدو
6,تعد
6,تنس
6,ثم
6,جاهز
6,جميع
6,حار
6,حان
6,حاولت
6,حل
6,حياة
6,حينها
6,.خذ
6,درست
6,سأذهب
6,ستعود
6,سمحت
6,سيأتي
6,سيارته
6,شرب
6,صحيحاً
6,صعبة
6,صغيرة
6,طبيب.
6,طريقة
6,عشرين
6,عمتي
6,عملك
6,عنه
6,غاية
6,فقد
6,قريب
6,قريباً.
6,قل
6,كتبت
6,كسر
6,كلبي
6,كلمة
6,كنا
6,كيوتو
6,لديّ
6,لربما
6,.لن
6,مرات
6,مريض.
6,مشاهدة
6,مشهور.
6,مما
6,منك
6,منك.
6,موسيقى
6,.ها
6,وشك
6,يتحدث
6,يحدث
6,يسبق
6,يصل
6,يعجبني
6,يقول
6,يوم.
7,".
7,أجد
7,أحتاج
7,أحضر
7,أرى
7,أشعر
7,أعود
7,أقول
7,أكل
7,ألّا
7,ألف
7,أيضاً.
7,استيقظت
7,الأولاد
7,الباص
7,التفاح
7,التلفاز.
7,الحقيقة
7,الحقيقة.
7,الحليب
7,السباحة
7,الشاي
7,الصوت
7,الطائرة
7,العام
7,العيش
7,الفندق
7,القدوم
7,القرار
7,القلعة
7,القلم
7,الكتاب.
7,الكلمة
7,الليلة
7,المال.
7,المريخ
7,المستشفى
7,المكتب
7,النوم.
7,الى
7,اليابان.
7,بالبرد
7,بالرغم
7,بسرعة.
7,بصوت
7,به.
7,بيتي
7,تبدأ
7,تستطيع
7,.تعال
7,تعزف
7,تفعل
7,تقول
7,جيدة
7,جيدة.
7,حدث
7,حقاً
7,خلال
7,خمسة
7,رسالة
7,زلت
7,سيارة.
7,صديقي
7,صوت
7,طبيبة.
7,طريق
7,طعام
7,عادة
7,عليّ.
7,فرنسا
7,فرنسا.
7,فوق
7,.في
7,قابلته
7,قصة
7,قطة
7,كبيرة.
7,كتابك
7,كتب
7,لاحقاً.
7,.لقد
7,لمن
7,لنا
7,مادة
7,ماري
7,مايك
7,منا
7,نانسي
7,هكذا
7,.و
7,يعد
7,يمكنها
7,يملك
8,آن
8,أتى
8,أدرس
8,أساعدك
8,أستعير
8,أصبح
8,أعد
8,أفعل
8,أمي.
8,إليّ
8,.إنها
8,إنهم
8,إني
8,الأحمر
8,الباب.
8,التفاحة
8,الحديقة.
8,الخارج
8,الدراجة
8,القهوة
8,القهوة.
8,الكرة
8,المرء
8,الهاتف
8,تحت
8,تسكن
8,تصبح
8,تقود
8,تكن
8,تم
8,تمطر
8,جديد
8,جميلة
8,جميلة.
8,جيداً.
8,دعني
8,رأيك
8,رفضت
8,ساعدني
8,ستذهب
8,سيارتي
8,صباح
8,صحيح
8,صورة
8,عاصمة
8,عمل
8,غضون
8,فعلت
8,فعله
8,فقدت
8,فكرة
8,كأساً
8,كبيرة
8,كتاب
8,كثيراً
8,كلب
8,كلنا
8,كوكب
8,لعب
8,لمَ
8,.ما
8,مساعدتك
8,نفسك
8,واحداً
8,ولا
8,.يبدو
8,يحبون
8,يسكن
8,يمكنه
9,آخر
9,أجمل
9,.أحتاج
9,أخرى.
9,أخيراً
9,أكون
9,أمر
9,.أنت
9,أنني
9,أنهيت
9,أيضاً
9,إننا
9,اشتريت
9,البعض
9,السفر
9,العمل
9,الغرفة
9,الغرفة.
9,الفلم
9,الكتب
9,الموسيقى
9,بدأ
9,بلد
9,تأتي
9,تريد.
9,تعلم
9,تعيش
9,تفعله
9,تلو
9,حالك
9,خير
9,زالت
9,ساعة.
9,سبق
9,صديق
9,عدد
9,عندك
9,عيد
9,قلت
9,كبير
9,ما.
9,مرحباً
9,معه
9,هم
9,يحتاج
9,يقود
9,يوجد
10,‏
10,أخبرني
10,أراك
10,أردت
10,أعمل
10,الأطفال
10,الشرطة
10,الفرنسية
10,الكل
10,الممكن
10,النوم
10,بالأمس
10,بالنسبة
10,بسرعة
10,بعد.
10,بيت
10,تحتاج
10,ثلاث
10,جاء
10,جدي
10,حول
10,خذ
10,دون
10,رأيت
10,زرت
10,عادةً
10,علي
10,علينا
10,عليه
10,عليه.
10,قبل.
10,قراءة
10,قيادة
10,كما
10,لدى
10,لكن
10,لمدة
10,مثل
10,مشغولاً
10,نعم
10,يتكلم
10,يستطيع
10,يعمل
11,أعلم
11,أيام
11,أيضا
11,البيانو
11,البيت.
11,الحياة
11,الطريق
11,القدم
11,القطار
11,الكلب
11,المال
11,المشكلة
11,المنزل.
11,اليابانية
11,بين
11,تأكل
11,تحدث
11,جدا.
11,جديدة.
11,خمس
11,رجل
11,سمحت.
11,سنة
11,عمي
11,فيه
11,لدينا
11,.ليس
11,معك
11,هناك.
11,يبدو
12,أختي
12,أعطني
12,.أنا
12,الأسبوع
12,الإنجليزية.
12,الرسالة
12,الكلام
12,الماضي.
12,اليابان
12,بالأمس.
12,بي
12,تتحدث
12,تعال
12,تفضل
12,تكون
12,تلعب
12,جميل.
12,حال
12,طالب
12,عشرة
12,غير
12,فلم
12,.كنت
12,لغة
12,لندن
12,منه
12,وصلت
12,يعرف
13,.أحب
13,أخي
13,أذكر
13,أظن
13,الأمر
13,التلفاز
13,السنة
13,المحطة
13,به
13,تدرس
13,جميل
13,ساعة
13,سمعت
13,شخص
13,شكراً
13,.عليك
13,عندي
13,فقط
13,كتاباً
13,لست
13,لي.
13,مات
13,مني
13,نفس
13,يعيش
14,أسرع
14,الآخر
14,الطبيب
14,القليل
14,الله
14,المطر
14,ان
14,بك
14,بما
14,بوب
14,بيل
14,تعمل
14,دائماً
14,ذهب
14,طوكيو
14,كثيراً.
14,لك.
14,ها
14,.هناك
14,واحدة
14,يوماً
15,الأرض
15,الناس
15,تذهب
15,ثلاثة
15,حصل
15,قال
15,ولد
15,يمكن
16,السيارة.
16,بد
16,طوال
16,فعل
16,لديها
17,أعتقد
17,الحرب
17,جون
17,طلبت
17,غداً
17,لديه
17,للغاية.
17,له
17,يكون
18,أمريكا
18,.إنه
18,الآن.
18,الجميع
18,بإمكانك
18,تتكلم
18,تريد
18,عام
18,لها
18,نحن
18,يكن
19,أذهب
19,أكبر
19,الولد
20,أنها
20,البارحة
20,التنس
20,التي
20,تبدو
20,شيئاً
20,عشر
20,معي
21,أستطيع
21,الباب
21,البارحة.
21,المدرسة.
21,تعرف
21,عليّ
21,كذلك
21,لو
22,أفضل
22,أنك
22,أيمكنني
22,اللغة
22,حتى
22,ليست
22,.هذه
23,أخرى
23,ألا
23,أني
23,الجو
23,الوقت
23,اليوم.
23,جداً
23,وقت
24,أم
24,الرجل
24,بسبب
24,عند
24,عندما
24,.كان
24,واحد
25,أليس
25,الشهر
25,ذهبت
25,سيارة
25,ليلة
25,مكان
25,منذ
26,السيارة
26,غداً.
26,لديك
26,.لم
26,لماذا
27,أكثر
27,إنك
27,المدرسة
27,تحب
27,كرة
27,مرة
27,.من
27,.هذا
28,أيمكنك
28,إلا
29,الأفضل
29,المنزل
30,الذهاب
30,بعض
30,لدي
30,يحب
31,جداً.
31,لن
32,أمي
32,توم
32,قد
32,لقد
32,هنا.
32,يجب
33,البيت
34,أحد
34,ذلك.
34,يمكنني
35,الآن
35,الساعة
36,أعرف
37,أريد
37,اليوم
37,ذاك
37,كم
38,الإنجليزية
38,الكتاب
38,يمكنك
39,إن
39,كانت
40,أبي
40,أنه
40,شيء
41,مع
42,فضلك.
43,يوم
46,تلك
47,أحب
49,قبل
49,يا
50,"
51,الكثير
53,!
55,بعد
55,هي
56,إذا
56,كيف
59,الذي
59,هنا
62,كنت
65,متى
67,أنت
67,فضلك
68,أي
73,إنها
75,لك
75,ماذا
76,أين
76,لي
78,عليك
80,.لا
85,إنه
87,ليس
91,هناك
103,كان
103,كل
104,هو
108,عن
109,أنا
133,لم
135,هذه
149,ذلك
174,و
182,هذا
235,،
251,على
288,ما
317,هل
318,لا
366,إلى
550,أن
564,في
712,من
1030,؟
